[
    {
        "bot_id": "B0429JVR5",
        "attachments": [
            {
                "fallback": "<https:\/\/twitter.com\/EmberLondon|@EmberLondon>: May\u2019s mighty line-up:\n\n<https:\/\/twitter.com\/gavinjoyce|@gavinjoyce> (from <https:\/\/twitter.com\/intercom|@intercom>)\n<https:\/\/twitter.com\/MarmiteJunction|@MarmiteJunction>\n<https:\/\/twitter.com\/davidrhyswhite|@davidrhyswhite>\n<https:\/\/twitter.com\/stevetyler_uk|@stevetyler_uk>\n\nSee you there!\n\n<http:\/\/www.meetup.com\/London-Emberjs-User-Group\/events\/221220636\/>",
                "author_name": "Ember london",
                "author_link": "https:\/\/twitter.com\/EmberLondon\/status\/593310909000450048",
                "author_icon": "https:\/\/pbs.twimg.com\/profile_images\/490089444473835522\/AbHfjBqC_normal.jpeg",
                "author_subname": "@EmberLondon",
                "pretext": "<https:\/\/twitter.com\/EmberLondon\/status\/593310909000450048>",
                "text": "May\u2019s mighty line-up:\n\n<https:\/\/twitter.com\/gavinjoyce|@gavinjoyce> (from <https:\/\/twitter.com\/intercom|@intercom>)\n<https:\/\/twitter.com\/MarmiteJunction|@MarmiteJunction>\n<https:\/\/twitter.com\/davidrhyswhite|@davidrhyswhite>\n<https:\/\/twitter.com\/stevetyler_uk|@stevetyler_uk>\n\nSee you there!\n\n<http:\/\/www.meetup.com\/London-Emberjs-User-Group\/events\/221220636\/>",
                "service_name": "twitter",
                "service_url": "https:\/\/twitter.com\/",
                "id": 1,
                "footer": "Twitter",
                "footer_icon": "https:\/\/a.slack-edge.com\/6e067\/img\/services\/twitter_pixel_snapped_32.png"
            }
        ],
        "type": "message",
        "subtype": "bot_message",
        "ts": "1430291318.000002"
    },
    {
        "bot_id": "B0429JVR5",
        "attachments": [
            {
                "fallback": "<https:\/\/twitter.com\/EmberLondon|@EmberLondon>: Oh, and did we mention we have a fresh batch of London Tomster stickers? <https:\/\/pbs.twimg.com\/media\/CDvdyrfW8AAZ6VH.jpg>",
                "author_name": "Ember london",
                "author_link": "https:\/\/twitter.com\/EmberLondon\/status\/593311639375601664",
                "author_icon": "https:\/\/pbs.twimg.com\/profile_images\/490089444473835522\/AbHfjBqC_normal.jpeg",
                "author_subname": "@EmberLondon",
                "pretext": "<https:\/\/twitter.com\/EmberLondon\/status\/593311639375601664>",
                "text": "Oh, and did we mention we have a fresh batch of London Tomster stickers? <https:\/\/pbs.twimg.com\/media\/CDvdyrfW8AAZ6VH.jpg>",
                "service_name": "twitter",
                "service_url": "https:\/\/twitter.com\/",
                "image_url": "https:\/\/pbs.twimg.com\/media\/CDvdyrfW8AAZ6VH.jpg",
                "image_width": 512,
                "image_height": 512,
                "image_bytes": 25666,
                "id": 1,
                "footer": "Twitter",
                "footer_icon": "https:\/\/a.slack-edge.com\/6e067\/img\/services\/twitter_pixel_snapped_32.png"
            }
        ],
        "type": "message",
        "subtype": "bot_message",
        "ts": "1430291492.000003"
    },
    {
        "bot_id": "B0429JVR5",
        "attachments": [
            {
                "fallback": "<https:\/\/twitter.com\/EmberLondon|@EmberLondon>: <https:\/\/twitter.com\/poshaughnessy|@poshaughnessy> thanks. <https:\/\/twitter.com\/ebryn|@ebryn> alerted us too. From their about page: \u201cBefore report, please send email for us. I appreciate your nice play!\u201d",
                "author_name": "Ember london",
                "author_link": "https:\/\/twitter.com\/EmberLondon\/status\/593406038663176192",
                "author_icon": "https:\/\/pbs.twimg.com\/profile_images\/490089444473835522\/AbHfjBqC_normal.jpeg",
                "author_subname": "@EmberLondon",
                "pretext": "<https:\/\/twitter.com\/EmberLondon\/status\/593406038663176192>",
                "text": "<https:\/\/twitter.com\/poshaughnessy|@poshaughnessy> thanks. <https:\/\/twitter.com\/ebryn|@ebryn> alerted us too. From their about page: \u201cBefore report, please send email for us. I appreciate your nice play!\u201d",
                "service_name": "twitter",
                "service_url": "https:\/\/twitter.com\/",
                "id": 1,
                "footer": "Twitter",
                "footer_icon": "https:\/\/a.slack-edge.com\/6e067\/img\/services\/twitter_pixel_snapped_32.png"
            }
        ],
        "type": "message",
        "subtype": "bot_message",
        "ts": "1430313999.000004"
    }
]