[
    {
        "bot_id": "B0429JVR5",
        "attachments": [
            {
                "fallback": "<https:\/\/twitter.com\/EmberLondon|@EmberLondon>: Thanks to everyone who attended last night\u2019s meetup and thanks especially to our 3 fantastic speakers <https:\/\/twitter.com\/andrew_mcardle|@andrew_mcardle> <https:\/\/twitter.com\/jonbeer|@jonbeer> and <https:\/\/twitter.com\/mschinis|@mschinis>",
                "author_name": "Ember London",
                "author_link": "https:\/\/twitter.com\/EmberLondon\/status\/665093517044224000",
                "author_icon": "https:\/\/pbs.twimg.com\/profile_images\/490089444473835522\/AbHfjBqC_normal.jpeg",
                "author_subname": "@EmberLondon",
                "pretext": "<https:\/\/twitter.com\/EmberLondon\/status\/665093517044224000>",
                "text": "Thanks to everyone who attended last night\u2019s meetup and thanks especially to our 3 fantastic speakers <https:\/\/twitter.com\/andrew_mcardle|@andrew_mcardle> <https:\/\/twitter.com\/jonbeer|@jonbeer> and <https:\/\/twitter.com\/mschinis|@mschinis>",
                "service_name": "twitter",
                "service_url": "https:\/\/twitter.com\/",
                "id": 1,
                "footer": "Twitter",
                "footer_icon": "https:\/\/a.slack-edge.com\/6e067\/img\/services\/twitter_pixel_snapped_32.png"
            }
        ],
        "type": "message",
        "subtype": "bot_message",
        "ts": "1447405626.000002"
    },
    {
        "bot_id": "B0429JVR5",
        "attachments": [
            {
                "fallback": "<https:\/\/twitter.com\/EmberLondon|@EmberLondon>: This month\u2019s project night is next Wednesday. Hosted by the excellent folks at <https:\/\/twitter.com\/Zapnito|@Zapnito> &lt;3\n\n<http:\/\/meetu.ps\/2QH925>",
                "author_name": "Ember London",
                "author_link": "https:\/\/twitter.com\/EmberLondon\/status\/665094187273068544",
                "author_icon": "https:\/\/pbs.twimg.com\/profile_images\/490089444473835522\/AbHfjBqC_normal.jpeg",
                "author_subname": "@EmberLondon",
                "pretext": "<https:\/\/twitter.com\/EmberLondon\/status\/665094187273068544>",
                "text": "This month\u2019s project night is next Wednesday. Hosted by the excellent folks at <https:\/\/twitter.com\/Zapnito|@Zapnito> &lt;3\n\n<http:\/\/meetu.ps\/2QH925>",
                "service_name": "twitter",
                "service_url": "https:\/\/twitter.com\/",
                "id": 1,
                "footer": "Twitter",
                "footer_icon": "https:\/\/a.slack-edge.com\/6e067\/img\/services\/twitter_pixel_snapped_32.png"
            }
        ],
        "type": "message",
        "subtype": "bot_message",
        "ts": "1447405785.000003"
    }
]