[
    {
        "bot_id": "B0429JVR5",
        "attachments": [
            {
                "fallback": "<https:\/\/twitter.com\/EmberLondon|@EmberLondon>: \u201cTaming Content Editable with <https:\/\/twitter.com\/emberjs|@emberjs>\u201d a talk by <https:\/\/twitter.com\/gavinjoyce|@gavinjoyce> from our May meetup.\n\n<https:\/\/vimeo.com\/128728111>",
                "author_name": "Ember London",
                "author_link": "https:\/\/twitter.com\/EmberLondon\/status\/602759557836894208",
                "author_icon": "https:\/\/pbs.twimg.com\/profile_images\/490089444473835522\/AbHfjBqC_normal.jpeg",
                "author_subname": "@EmberLondon",
                "pretext": "<https:\/\/twitter.com\/EmberLondon\/status\/602759557836894208>",
                "text": "\u201cTaming Content Editable with <https:\/\/twitter.com\/emberjs|@emberjs>\u201d a talk by <https:\/\/twitter.com\/gavinjoyce|@gavinjoyce> from our May meetup.\n\n<https:\/\/vimeo.com\/128728111>",
                "service_name": "twitter",
                "service_url": "https:\/\/twitter.com\/",
                "id": 1,
                "footer": "Twitter",
                "footer_icon": "https:\/\/a.slack-edge.com\/6e067\/img\/services\/twitter_pixel_snapped_32.png"
            }
        ],
        "type": "message",
        "subtype": "bot_message",
        "ts": "1432544052.000002"
    },
    {
        "bot_id": "B0429JVR5",
        "attachments": [
            {
                "fallback": "<https:\/\/twitter.com\/EmberLondon|@EmberLondon>: \u201cMy Intro to <https:\/\/twitter.com\/emberjs|@emberjs>, Building a Basic Twitter app\u201d a talk by <https:\/\/twitter.com\/stevetyler_uk|@stevetyler_uk> from our May meetup.\n\n<https:\/\/vimeo.com\/128728112>",
                "author_name": "Ember London",
                "author_link": "https:\/\/twitter.com\/EmberLondon\/status\/602759786967474176",
                "author_icon": "https:\/\/pbs.twimg.com\/profile_images\/490089444473835522\/AbHfjBqC_normal.jpeg",
                "author_subname": "@EmberLondon",
                "pretext": "<https:\/\/twitter.com\/EmberLondon\/status\/602759786967474176>",
                "text": "\u201cMy Intro to <https:\/\/twitter.com\/emberjs|@emberjs>, Building a Basic Twitter app\u201d a talk by <https:\/\/twitter.com\/stevetyler_uk|@stevetyler_uk> from our May meetup.\n\n<https:\/\/vimeo.com\/128728112>",
                "service_name": "twitter",
                "service_url": "https:\/\/twitter.com\/",
                "id": 1,
                "footer": "Twitter",
                "footer_icon": "https:\/\/a.slack-edge.com\/6e067\/img\/services\/twitter_pixel_snapped_32.png"
            }
        ],
        "type": "message",
        "subtype": "bot_message",
        "ts": "1432544106.000003"
    },
    {
        "bot_id": "B0429JVR5",
        "attachments": [
            {
                "fallback": "<https:\/\/twitter.com\/EmberLondon|@EmberLondon>: \u201cFull Stack Development Environments with Docker\u201d a talk by <https:\/\/twitter.com\/davidrhyswhite|@davidrhyswhite> from our May meetup.\n\n<https:\/\/vimeo.com\/128729539>",
                "author_name": "Ember London",
                "author_link": "https:\/\/twitter.com\/EmberLondon\/status\/602759972968095744",
                "author_icon": "https:\/\/pbs.twimg.com\/profile_images\/490089444473835522\/AbHfjBqC_normal.jpeg",
                "author_subname": "@EmberLondon",
                "pretext": "<https:\/\/twitter.com\/EmberLondon\/status\/602759972968095744>",
                "text": "\u201cFull Stack Development Environments with Docker\u201d a talk by <https:\/\/twitter.com\/davidrhyswhite|@davidrhyswhite> from our May meetup.\n\n<https:\/\/vimeo.com\/128729539>",
                "service_name": "twitter",
                "service_url": "https:\/\/twitter.com\/",
                "id": 1,
                "footer": "Twitter",
                "footer_icon": "https:\/\/a.slack-edge.com\/6e067\/img\/services\/twitter_pixel_snapped_32.png"
            }
        ],
        "type": "message",
        "subtype": "bot_message",
        "ts": "1432544151.000004"
    },
    {
        "bot_id": "B0429JVR5",
        "attachments": [
            {
                "fallback": "<https:\/\/twitter.com\/EmberLondon|@EmberLondon>: We are incredibly excited that the magnificent <https:\/\/twitter.com\/EmberFest|@EmberFest> is coming to the UK this year!\n\n<https:\/\/emberfest.eu\/>",
                "author_name": "Ember London",
                "author_link": "https:\/\/twitter.com\/EmberLondon\/status\/603082277858443264",
                "author_icon": "https:\/\/pbs.twimg.com\/profile_images\/490089444473835522\/AbHfjBqC_normal.jpeg",
                "author_subname": "@EmberLondon",
                "pretext": "<https:\/\/twitter.com\/EmberLondon\/status\/603082277858443264>",
                "text": "We are incredibly excited that the magnificent <https:\/\/twitter.com\/EmberFest|@EmberFest> is coming to the UK this year!\n\n<https:\/\/emberfest.eu\/>",
                "service_name": "twitter",
                "service_url": "https:\/\/twitter.com\/",
                "id": 1,
                "footer": "Twitter",
                "footer_icon": "https:\/\/a.slack-edge.com\/6e067\/img\/services\/twitter_pixel_snapped_32.png"
            }
        ],
        "type": "message",
        "subtype": "bot_message",
        "ts": "1432620994.000005"
    }
]