[
    {
        "bot_id": "B0429JVR5",
        "attachments": [
            {
                "fallback": "<https:\/\/twitter.com\/EmberLondon|@EmberLondon>: Reminder: Our August project night is tomorrow evening. Come along to hack on Ember 2.0 projects and much more.\n\n<http:\/\/www.meetup.com\/London-Emberjs-User-Group\/events\/224611209\/>",
                "author_name": "Ember London",
                "author_link": "https:\/\/twitter.com\/EmberLondon\/status\/633906462356541440",
                "author_icon": "https:\/\/pbs.twimg.com\/profile_images\/490089444473835522\/AbHfjBqC_normal.jpeg",
                "author_subname": "@EmberLondon",
                "pretext": "<https:\/\/twitter.com\/EmberLondon\/status\/633906462356541440>",
                "text": "Reminder: Our August project night is tomorrow evening. Come along to hack on Ember 2.0 projects and much more.\n\n<http:\/\/www.meetup.com\/London-Emberjs-User-Group\/events\/224611209\/>",
                "service_name": "twitter",
                "service_url": "https:\/\/twitter.com\/",
                "id": 1,
                "footer": "Twitter",
                "footer_icon": "https:\/\/a.slack-edge.com\/6e067\/img\/services\/twitter_pixel_snapped_32.png"
            }
        ],
        "type": "message",
        "subtype": "bot_message",
        "ts": "1439970053.000037"
    },
    {
        "bot_id": "B0429JVR5",
        "attachments": [
            {
                "fallback": "<https:\/\/twitter.com\/EmberLondon|@EmberLondon>: How to design reusable components in <https:\/\/twitter.com\/emberjs|@emberjs> 2.0, a talk by <https:\/\/twitter.com\/arkh4m|@arkh4m> from our August 2015 meetup.\n\n<https:\/\/vimeo.com\/136671317>",
                "author_name": "Ember London",
                "author_link": "https:\/\/twitter.com\/EmberLondon\/status\/633908711229116416",
                "author_icon": "https:\/\/pbs.twimg.com\/profile_images\/490089444473835522\/AbHfjBqC_normal.jpeg",
                "author_subname": "@EmberLondon",
                "pretext": "<https:\/\/twitter.com\/EmberLondon\/status\/633908711229116416>",
                "text": "How to design reusable components in <https:\/\/twitter.com\/emberjs|@emberjs> 2.0, a talk by <https:\/\/twitter.com\/arkh4m|@arkh4m> from our August 2015 meetup.\n\n<https:\/\/vimeo.com\/136671317>",
                "service_name": "twitter",
                "service_url": "https:\/\/twitter.com\/",
                "id": 1,
                "footer": "Twitter",
                "footer_icon": "https:\/\/a.slack-edge.com\/6e067\/img\/services\/twitter_pixel_snapped_32.png"
            }
        ],
        "type": "message",
        "subtype": "bot_message",
        "ts": "1439970589.000038"
    },
    {
        "bot_id": "B0429JVR5",
        "attachments": [
            {
                "fallback": "<https:\/\/twitter.com\/EmberLondon|@EmberLondon>: Reimagining how we Design Responsively, a talk by <https:\/\/twitter.com\/JonthanFielding|@JonthanFielding> from our August 2015 meetup.\n\n<https:\/\/vimeo.com\/136694808>",
                "author_name": "Ember London",
                "author_link": "https:\/\/twitter.com\/EmberLondon\/status\/633922831332605952",
                "author_icon": "https:\/\/pbs.twimg.com\/profile_images\/490089444473835522\/AbHfjBqC_normal.jpeg",
                "author_subname": "@EmberLondon",
                "pretext": "<https:\/\/twitter.com\/EmberLondon\/status\/633922831332605952>",
                "text": "Reimagining how we Design Responsively, a talk by <https:\/\/twitter.com\/JonthanFielding|@JonthanFielding> from our August 2015 meetup.\n\n<https:\/\/vimeo.com\/136694808>",
                "service_name": "twitter",
                "service_url": "https:\/\/twitter.com\/",
                "id": 1,
                "footer": "Twitter",
                "footer_icon": "https:\/\/a.slack-edge.com\/6e067\/img\/services\/twitter_pixel_snapped_32.png"
            }
        ],
        "type": "message",
        "subtype": "bot_message",
        "ts": "1439973955.000039"
    },
    {
        "bot_id": "B0429JVR5",
        "attachments": [
            {
                "fallback": "<https:\/\/twitter.com\/EmberLondon|@EmberLondon>: The PEPE (nee PEEP) stack, a talk by <https:\/\/twitter.com\/riklomas|@riklomas> from our August 2015 meetup.\n\n<https:\/\/vimeo.com\/136696498>",
                "author_name": "Ember London",
                "author_link": "https:\/\/twitter.com\/EmberLondon\/status\/633923579772542976",
                "author_icon": "https:\/\/pbs.twimg.com\/profile_images\/490089444473835522\/AbHfjBqC_normal.jpeg",
                "author_subname": "@EmberLondon",
                "pretext": "<https:\/\/twitter.com\/EmberLondon\/status\/633923579772542976>",
                "text": "The PEPE (nee PEEP) stack, a talk by <https:\/\/twitter.com\/riklomas|@riklomas> from our August 2015 meetup.\n\n<https:\/\/vimeo.com\/136696498>",
                "service_name": "twitter",
                "service_url": "https:\/\/twitter.com\/",
                "id": 1,
                "footer": "Twitter",
                "footer_icon": "https:\/\/a.slack-edge.com\/6e067\/img\/services\/twitter_pixel_snapped_32.png"
            }
        ],
        "type": "message",
        "subtype": "bot_message",
        "ts": "1439974134.000040"
    },
    {
        "type": "message",
        "user": "U047GTU64",
        "text": "PEPE STACK FTW",
        "ts": "1439976129.000041"
    },
    {
        "type": "message",
        "user": "U03V5PXL0",
        "text": "PEPE YESSSSS",
        "ts": "1439991343.000042"
    },
    {
        "user": "U09ABGTUJ",
        "type": "message",
        "subtype": "channel_join",
        "text": "<@U09ABGTUJ|matteodepalo> has joined the channel",
        "ts": "1439994333.000043"
    }
]