[
    {
        "user": "U04G84Q3E",
        "type": "message",
        "subtype": "channel_join",
        "text": "<@U04G84Q3E|simonki> has joined the channel",
        "ts": "1429716115.000014"
    },
    {
        "bot_id": "B0429JVR5",
        "attachments": [
            {
                "fallback": "<https:\/\/twitter.com\/EmberLondon|@EmberLondon>: <https:\/\/twitter.com\/wycats|@wycats> <https:\/\/twitter.com\/chancancode|@chancancode> 1000000%",
                "author_name": "Ember london",
                "author_link": "https:\/\/twitter.com\/EmberLondon\/status\/591097388158320640",
                "author_icon": "https:\/\/pbs.twimg.com\/profile_images\/490089444473835522\/AbHfjBqC_normal.jpeg",
                "author_subname": "@EmberLondon",
                "pretext": "<https:\/\/twitter.com\/EmberLondon\/status\/591097388158320640>",
                "text": "<https:\/\/twitter.com\/wycats|@wycats> <https:\/\/twitter.com\/chancancode|@chancancode> 1000000%",
                "service_name": "twitter",
                "service_url": "https:\/\/twitter.com\/",
                "id": 1,
                "footer": "Twitter",
                "footer_icon": "https:\/\/a.slack-edge.com\/6e067\/img\/services\/twitter_pixel_snapped_32.png"
            }
        ],
        "type": "message",
        "subtype": "bot_message",
        "ts": "1429763574.000015"
    }
]