[
    {
        "bot_id": "B0429JVR5",
        "attachments": [
            {
                "fallback": "<https:\/\/twitter.com\/EmberLondon|@EmberLondon>: Next Thursday\u2019s line-up:\n\nEmber CLI Mirage\n<https:\/\/twitter.com\/willrax|@willrax>\n\nSpree Ember\n<https:\/\/twitter.com\/_HHFF|@_HHFF>\n\nEmber CLI Test Recorder\n<https:\/\/twitter.com\/nikosMaths|@nikosMaths>\n\n<http:\/\/www.meetup.com\/London-Emberjs-User-Group\/events\/221724935\/>",
                "author_name": "Ember London",
                "author_link": "https:\/\/twitter.com\/EmberLondon\/status\/616519548611727360",
                "author_icon": "https:\/\/pbs.twimg.com\/profile_images\/490089444473835522\/AbHfjBqC_normal.jpeg",
                "author_subname": "@EmberLondon",
                "pretext": "<https:\/\/twitter.com\/EmberLondon\/status\/616519548611727360>",
                "text": "Next Thursday\u2019s line-up:\n\nEmber CLI Mirage\n<https:\/\/twitter.com\/willrax|@willrax>\n\nSpree Ember\n<https:\/\/twitter.com\/_HHFF|@_HHFF>\n\nEmber CLI Test Recorder\n<https:\/\/twitter.com\/nikosMaths|@nikosMaths>\n\n<http:\/\/www.meetup.com\/London-Emberjs-User-Group\/events\/221724935\/>",
                "service_name": "twitter",
                "service_url": "https:\/\/twitter.com\/",
                "id": 1,
                "footer": "Twitter",
                "footer_icon": "https:\/\/a.slack-edge.com\/6e067\/img\/services\/twitter_pixel_snapped_32.png"
            }
        ],
        "type": "message",
        "subtype": "bot_message",
        "ts": "1435824689.000004"
    }
]