[
    {
        "user": "U044QMK6K",
        "type": "message",
        "subtype": "channel_join",
        "text": "<@U044QMK6K|rlivsey> has joined the channel",
        "ts": "1427208022.000002"
    },
    {
        "user": "U044T9VMW",
        "type": "message",
        "subtype": "channel_join",
        "text": "<@U044T9VMW|skippednote> has joined the channel",
        "ts": "1427208549.000003"
    },
    {
        "bot_id": "B0429JVR5",
        "attachments": [
            {
                "fallback": "<https:\/\/twitter.com\/EmberLondon|@EmberLondon>: The mighty <https:\/\/twitter.com\/WickedGoodEmber|@WickedGoodEmber> is accepting speaker proposals. Get on it!",
                "author_name": "Ember london",
                "author_link": "https:\/\/twitter.com\/EmberLondon\/status\/580410346093051905",
                "author_icon": "https:\/\/pbs.twimg.com\/profile_images\/490089444473835522\/AbHfjBqC_normal.jpeg",
                "author_subname": "@EmberLondon",
                "pretext": "<https:\/\/twitter.com\/EmberLondon\/status\/580410346093051905>",
                "text": "The mighty <https:\/\/twitter.com\/WickedGoodEmber|@WickedGoodEmber> is accepting speaker proposals. Get on it!",
                "service_name": "twitter",
                "service_url": "https:\/\/twitter.com\/",
                "id": 1,
                "footer": "Twitter",
                "footer_icon": "https:\/\/a.slack-edge.com\/6e067\/img\/services\/twitter_pixel_snapped_32.png"
            }
        ],
        "type": "message",
        "subtype": "bot_message",
        "ts": "1427215584.000004"
    }
]