[
    {
        "bot_id": "B0429JVR5",
        "attachments": [
            {
                "fallback": "<https:\/\/twitter.com\/EmberLondon|@EmberLondon>: Fresh new addon from the prolific <https:\/\/twitter.com\/MiguelCamba|@MiguelCamba>:\n\n<https:\/\/github.com\/cibernox\/ember-i18n-errors>",
                "author_name": "Ember London",
                "author_link": "https:\/\/twitter.com\/EmberLondon\/status\/620893736638246912",
                "author_icon": "https:\/\/pbs.twimg.com\/profile_images\/490089444473835522\/AbHfjBqC_normal.jpeg",
                "author_subname": "@EmberLondon",
                "pretext": "<https:\/\/twitter.com\/EmberLondon\/status\/620893736638246912>",
                "text": "Fresh new addon from the prolific <https:\/\/twitter.com\/MiguelCamba|@MiguelCamba>:\n\n<https:\/\/github.com\/cibernox\/ember-i18n-errors>",
                "service_name": "twitter",
                "service_url": "https:\/\/twitter.com\/",
                "id": 1,
                "footer": "Twitter",
                "footer_icon": "https:\/\/a.slack-edge.com\/6e067\/img\/services\/twitter_pixel_snapped_32.png"
            }
        ],
        "type": "message",
        "subtype": "bot_message",
        "ts": "1436867577.000031"
    }
]