[
    {
        "bot_id": "B0429JVR5",
        "attachments": [
            {
                "fallback": "<https:\/\/twitter.com\/EmberLondon|@EmberLondon>: <https:\/\/twitter.com\/knotnicky|@knotnicky> <https:\/\/twitter.com\/tommypalm|@tommypalm> jump on <http:\/\/emberlondon.io> or <http:\/\/discuss.emberlondon.com> and you should find some friendly folk :)",
                "author_name": "Ember london",
                "author_link": "https:\/\/twitter.com\/EmberLondon\/status\/596069559628636160",
                "author_icon": "https:\/\/pbs.twimg.com\/profile_images\/490089444473835522\/AbHfjBqC_normal.jpeg",
                "author_subname": "@EmberLondon",
                "pretext": "<https:\/\/twitter.com\/EmberLondon\/status\/596069559628636160>",
                "text": "<https:\/\/twitter.com\/knotnicky|@knotnicky> <https:\/\/twitter.com\/tommypalm|@tommypalm> jump on <http:\/\/emberlondon.io> or <http:\/\/discuss.emberlondon.com> and you should find some friendly folk :)",
                "service_name": "twitter",
                "service_url": "https:\/\/twitter.com\/",
                "id": 1,
                "footer": "Twitter",
                "footer_icon": "https:\/\/a.slack-edge.com\/6e067\/img\/services\/twitter_pixel_snapped_32.png"
            }
        ],
        "type": "message",
        "subtype": "bot_message",
        "ts": "1430949032.000011"
    },
    {
        "bot_id": "B0429JVR5",
        "attachments": [
            {
                "fallback": "<https:\/\/twitter.com\/EmberLondon|@EmberLondon>: <https:\/\/twitter.com\/tommypalm|@tommypalm> `ember g resource foo` is the closest we have to a scaffold.",
                "author_name": "Ember london",
                "author_link": "https:\/\/twitter.com\/EmberLondon\/status\/596069817108570112",
                "author_icon": "https:\/\/pbs.twimg.com\/profile_images\/490089444473835522\/AbHfjBqC_normal.jpeg",
                "author_subname": "@EmberLondon",
                "pretext": "<https:\/\/twitter.com\/EmberLondon\/status\/596069817108570112>",
                "text": "<https:\/\/twitter.com\/tommypalm|@tommypalm> `ember g resource foo` is the closest we have to a scaffold.",
                "service_name": "twitter",
                "service_url": "https:\/\/twitter.com\/",
                "id": 1,
                "footer": "Twitter",
                "footer_icon": "https:\/\/a.slack-edge.com\/6e067\/img\/services\/twitter_pixel_snapped_32.png"
            }
        ],
        "type": "message",
        "subtype": "bot_message",
        "ts": "1430949093.000012"
    },
    {
        "bot_id": "B0429JVR5",
        "attachments": [
            {
                "fallback": "<https:\/\/twitter.com\/EmberLondon|@EmberLondon>: <https:\/\/twitter.com\/tommypalm|@tommypalm> <https:\/\/github.com\/stefanpenner\/ember-jobs> is a good examine. Kept on The cutting edge usually.",
                "author_name": "Ember london",
                "author_link": "https:\/\/twitter.com\/EmberLondon\/status\/596076164734722048",
                "author_icon": "https:\/\/pbs.twimg.com\/profile_images\/490089444473835522\/AbHfjBqC_normal.jpeg",
                "author_subname": "@EmberLondon",
                "pretext": "<https:\/\/twitter.com\/EmberLondon\/status\/596076164734722048>",
                "text": "<https:\/\/twitter.com\/tommypalm|@tommypalm> <https:\/\/github.com\/stefanpenner\/ember-jobs> is a good examine. Kept on The cutting edge usually.",
                "service_name": "twitter",
                "service_url": "https:\/\/twitter.com\/",
                "id": 1,
                "footer": "Twitter",
                "footer_icon": "https:\/\/a.slack-edge.com\/6e067\/img\/services\/twitter_pixel_snapped_32.png"
            }
        ],
        "type": "message",
        "subtype": "bot_message",
        "ts": "1430950606.000013"
    },
    {
        "bot_id": "B0429JVR5",
        "attachments": [
            {
                "fallback": "<https:\/\/twitter.com\/EmberLondon|@EmberLondon>: <https:\/\/twitter.com\/tommypalm|@tommypalm> also <https:\/\/github.com\/TryGhost\/Ghost\/tree\/master\/core\/client>",
                "author_name": "Ember london",
                "author_link": "https:\/\/twitter.com\/EmberLondon\/status\/596076413469511681",
                "author_icon": "https:\/\/pbs.twimg.com\/profile_images\/490089444473835522\/AbHfjBqC_normal.jpeg",
                "author_subname": "@EmberLondon",
                "pretext": "<https:\/\/twitter.com\/EmberLondon\/status\/596076413469511681>",
                "text": "<https:\/\/twitter.com\/tommypalm|@tommypalm> also <https:\/\/github.com\/TryGhost\/Ghost\/tree\/master\/core\/client>",
                "service_name": "twitter",
                "service_url": "https:\/\/twitter.com\/",
                "id": 1,
                "footer": "Twitter",
                "footer_icon": "https:\/\/a.slack-edge.com\/6e067\/img\/services\/twitter_pixel_snapped_32.png"
            }
        ],
        "type": "message",
        "subtype": "bot_message",
        "ts": "1430950666.000014"
    },
    {
        "user": "U04NF9JLC",
        "type": "message",
        "subtype": "channel_join",
        "text": "<@U04NF9JLC|mluvinh> has joined the channel",
        "ts": "1430950781.000015"
    }
]