[
    {
        "bot_id": "B0429JVR5",
        "attachments": [
            {
                "fallback": "<https:\/\/twitter.com\/EmberLondon|@EmberLondon>: Want to learn about <https:\/\/twitter.com\/Firebase|@Firebase> and <https:\/\/twitter.com\/emberjs|@emberjs>? We\u2019re hosting an informal project day this Sunday.\n\n<http:\/\/www.meetup.com\/London-Emberjs-User-Group\/events\/219930781\/>",
                "author_name": "Ember london",
                "author_link": "https:\/\/twitter.com\/EmberLondon\/status\/578122506692792320",
                "author_icon": "https:\/\/pbs.twimg.com\/profile_images\/490089444473835522\/AbHfjBqC_normal.jpeg",
                "author_subname": "@EmberLondon",
                "pretext": "<https:\/\/twitter.com\/EmberLondon\/status\/578122506692792320>",
                "text": "Want to learn about <https:\/\/twitter.com\/Firebase|@Firebase> and <https:\/\/twitter.com\/emberjs|@emberjs>? We\u2019re hosting an informal project day this Sunday.\n\n<http:\/\/www.meetup.com\/London-Emberjs-User-Group\/events\/219930781\/>",
                "service_name": "twitter",
                "service_url": "https:\/\/twitter.com\/",
                "id": 1,
                "footer": "Twitter",
                "footer_icon": "https:\/\/a.slack-edge.com\/6e067\/img\/services\/twitter_pixel_snapped_32.png"
            }
        ],
        "type": "message",
        "subtype": "bot_message",
        "ts": "1426670121.000002"
    },
    {
        "bot_id": "B0429JVR5",
        "attachments": [
            {
                "fallback": "<https:\/\/twitter.com\/EmberLondon|@EmberLondon>: Want to work with <https:\/\/twitter.com\/grandazz|@grandazz> on ember-cli-deploy? London\u2019s embere\u00f1os are hosting an informal project day this Sunday.\n\n<http:\/\/www.meetup.com\/London-Emberjs-User-Group\/events\/219930781\/>",
                "author_name": "Ember london",
                "author_link": "https:\/\/twitter.com\/EmberLondon\/status\/578186006983245824",
                "author_icon": "https:\/\/pbs.twimg.com\/profile_images\/490089444473835522\/AbHfjBqC_normal.jpeg",
                "author_subname": "@EmberLondon",
                "pretext": "<https:\/\/twitter.com\/EmberLondon\/status\/578186006983245824>",
                "text": "Want to work with <https:\/\/twitter.com\/grandazz|@grandazz> on ember-cli-deploy? London\u2019s embere\u00f1os are hosting an informal project day this Sunday.\n\n<http:\/\/www.meetup.com\/London-Emberjs-User-Group\/events\/219930781\/>",
                "service_name": "twitter",
                "service_url": "https:\/\/twitter.com\/",
                "id": 1,
                "footer": "Twitter",
                "footer_icon": "https:\/\/a.slack-edge.com\/6e067\/img\/services\/twitter_pixel_snapped_32.png"
            }
        ],
        "type": "message",
        "subtype": "bot_message",
        "ts": "1426685261.000003"
    }
]