[
    {
        "bot_id": "B0429JVR5",
        "attachments": [
            {
                "fallback": "<https:\/\/twitter.com\/EmberLondon|@EmberLondon>: Our June project night is tomorrow! Coming along to hack on whatever project you like with fellow London Embere\u00f1os.\n\n<http:\/\/www.meetup.com\/London-Emberjs-User-Group\/events\/221220728\/>",
                "author_name": "Ember London",
                "author_link": "https:\/\/twitter.com\/EmberLondon\/status\/613721262171537408",
                "author_icon": "https:\/\/pbs.twimg.com\/profile_images\/490089444473835522\/AbHfjBqC_normal.jpeg",
                "author_subname": "@EmberLondon",
                "pretext": "<https:\/\/twitter.com\/EmberLondon\/status\/613721262171537408>",
                "text": "Our June project night is tomorrow! Coming along to hack on whatever project you like with fellow London Embere\u00f1os.\n\n<http:\/\/www.meetup.com\/London-Emberjs-User-Group\/events\/221220728\/>",
                "service_name": "twitter",
                "service_url": "https:\/\/twitter.com\/",
                "id": 1,
                "footer": "Twitter",
                "footer_icon": "https:\/\/a.slack-edge.com\/6e067\/img\/services\/twitter_pixel_snapped_32.png"
            }
        ],
        "type": "message",
        "subtype": "bot_message",
        "ts": "1435157526.000027"
    }
]