[
    {
        "bot_id": "B0429JVR5",
        "attachments": [
            {
                "fallback": "<https:\/\/twitter.com\/EmberLondon|@EmberLondon>: <https:\/\/twitter.com\/EmberWatch|@EmberWatch> I can\u2019t believe I talked for so long. Feeling kinda guilty about it.",
                "author_name": "Ember london",
                "author_link": "https:\/\/twitter.com\/EmberLondon\/status\/598443653355458560",
                "author_icon": "https:\/\/pbs.twimg.com\/profile_images\/490089444473835522\/AbHfjBqC_normal.jpeg",
                "author_subname": "@EmberLondon",
                "pretext": "<https:\/\/twitter.com\/EmberLondon\/status\/598443653355458560>",
                "text": "<https:\/\/twitter.com\/EmberWatch|@EmberWatch> I can\u2019t believe I talked for so long. Feeling kinda guilty about it.",
                "service_name": "twitter",
                "service_url": "https:\/\/twitter.com\/",
                "id": 1,
                "footer": "Twitter",
                "footer_icon": "https:\/\/a.slack-edge.com\/6e067\/img\/services\/twitter_pixel_snapped_32.png"
            }
        ],
        "type": "message",
        "subtype": "bot_message",
        "ts": "1431515060.000004"
    },
    {
        "bot_id": "B0429JVR5",
        "attachments": [
            {
                "fallback": "<https:\/\/twitter.com\/EmberLondon|@EmberLondon>: <https:\/\/twitter.com\/igrkr|@igrkr> also check out <https:\/\/twitter.com\/SRobTweets|@SRobTweets>\u2019s brilliant video   <https:\/\/www.youtube.com\/watch?v=Cs3Fdup7aUo>",
                "author_name": "Ember london",
                "author_link": "https:\/\/twitter.com\/EmberLondon\/status\/598509465697148929",
                "author_icon": "https:\/\/pbs.twimg.com\/profile_images\/490089444473835522\/AbHfjBqC_normal.jpeg",
                "author_subname": "@EmberLondon",
                "pretext": "<https:\/\/twitter.com\/EmberLondon\/status\/598509465697148929>",
                "text": "<https:\/\/twitter.com\/igrkr|@igrkr> also check out <https:\/\/twitter.com\/SRobTweets|@SRobTweets>\u2019s brilliant video   <https:\/\/www.youtube.com\/watch?v=Cs3Fdup7aUo>",
                "service_name": "twitter",
                "service_url": "https:\/\/twitter.com\/",
                "id": 1,
                "footer": "Twitter",
                "footer_icon": "https:\/\/a.slack-edge.com\/6e067\/img\/services\/twitter_pixel_snapped_32.png"
            }
        ],
        "type": "message",
        "subtype": "bot_message",
        "ts": "1431530751.000005"
    },
    {
        "user": "U04S3TWBT",
        "type": "message",
        "subtype": "channel_join",
        "text": "<@U04S3TWBT|joeprivett> has joined the channel",
        "ts": "1431538056.000006"
    },
    {
        "user": "U04RMJJE6",
        "type": "message",
        "subtype": "channel_join",
        "text": "<@U04RMJJE6|nspehler> has joined the channel",
        "ts": "1431558028.000007"
    }
]