[
    {
        "user": "U07TDPNVC",
        "type": "message",
        "subtype": "channel_leave",
        "text": "<@U07TDPNVC|svileng> has left the channel",
        "ts": "1438512795.000008"
    },
    {
        "bot_id": "B0429JVR5",
        "attachments": [
            {
                "fallback": "<https:\/\/twitter.com\/EmberLondon|@EmberLondon>: <https:\/\/twitter.com\/czeggers|@czeggers> <https:\/\/www.elgato.com\/en\/gaming\/gamecapture-hd>\nIt\u2019s a little expensive but worth every penny in our opinion.",
                "author_name": "Ember London",
                "author_link": "https:\/\/twitter.com\/EmberLondon\/status\/628061282906820608",
                "author_icon": "https:\/\/pbs.twimg.com\/profile_images\/490089444473835522\/AbHfjBqC_normal.jpeg",
                "author_subname": "@EmberLondon",
                "pretext": "<https:\/\/twitter.com\/EmberLondon\/status\/628061282906820608>",
                "text": "<https:\/\/twitter.com\/czeggers|@czeggers> <https:\/\/www.elgato.com\/en\/gaming\/gamecapture-hd>\nIt\u2019s a little expensive but worth every penny in our opinion.",
                "service_name": "twitter",
                "service_url": "https:\/\/twitter.com\/",
                "id": 1,
                "footer": "Twitter",
                "footer_icon": "https:\/\/a.slack-edge.com\/6e067\/img\/services\/twitter_pixel_snapped_32.png"
            }
        ],
        "type": "message",
        "subtype": "bot_message",
        "ts": "1438576453.000009"
    }
]