[
    {
        "user": "U04M4CG7Y",
        "type": "message",
        "subtype": "channel_join",
        "text": "<@U04M4CG7Y|arnaud> has joined the channel",
        "ts": "1430743875.000005"
    },
    {
        "bot_id": "B0429JVR5",
        "attachments": [
            {
                "fallback": "<https:\/\/twitter.com\/EmberLondon|@EmberLondon>: <https:\/\/twitter.com\/ladyleet|@ladyleet> <https:\/\/twitter.com\/EmberSherpa|@EmberSherpa> <https:\/\/twitter.com\/BuiltWithEmber|@BuiltWithEmber> <http:\/\/emberobserver.com\/addons\/ember-cli-flash> hands down",
                "author_name": "Ember london",
                "author_link": "https:\/\/twitter.com\/EmberLondon\/status\/595322956613562368",
                "author_icon": "https:\/\/pbs.twimg.com\/profile_images\/490089444473835522\/AbHfjBqC_normal.jpeg",
                "author_subname": "@EmberLondon",
                "pretext": "<https:\/\/twitter.com\/EmberLondon\/status\/595322956613562368>",
                "text": "<https:\/\/twitter.com\/ladyleet|@ladyleet> <https:\/\/twitter.com\/EmberSherpa|@EmberSherpa> <https:\/\/twitter.com\/BuiltWithEmber|@BuiltWithEmber> <http:\/\/emberobserver.com\/addons\/ember-cli-flash> hands down",
                "service_name": "twitter",
                "service_url": "https:\/\/twitter.com\/",
                "id": 1,
                "footer": "Twitter",
                "footer_icon": "https:\/\/a.slack-edge.com\/6e067\/img\/services\/twitter_pixel_snapped_32.png"
            }
        ],
        "type": "message",
        "subtype": "bot_message",
        "ts": "1430771038.000006"
    },
    {
        "user": "U04N07VEM",
        "type": "message",
        "subtype": "channel_join",
        "text": "<@U04N07VEM|slackchats> has joined the channel",
        "ts": "1430775434.000007"
    }
]