[
    {
        "user": "U0C5RUAKW",
        "type": "message",
        "subtype": "channel_join",
        "text": "<@U0C5RUAKW|alexloiz> has joined the channel",
        "ts": "1444383143.000007"
    },
    {
        "user": "U0C5RUAQ4",
        "type": "message",
        "subtype": "channel_join",
        "text": "<@U0C5RUAQ4|mschinis> has joined the channel",
        "ts": "1444383145.000008"
    },
    {
        "user": "U0C5XJ8EL",
        "type": "message",
        "subtype": "channel_join",
        "text": "<@U0C5XJ8EL|daralthus> has joined the channel",
        "ts": "1444385567.000009"
    },
    {
        "bot_id": "B0429JVR5",
        "attachments": [
            {
                "fallback": "<https:\/\/twitter.com\/EmberLondon|@EmberLondon>: Check out the gorgeous work <https:\/\/twitter.com\/wearetrouva|@wearetrouva> have done on their site in <https:\/\/twitter.com\/emberjs|@emberjs> &lt;3\n\n<https:\/\/www.trouva.com\/>",
                "author_name": "Ember London",
                "author_link": "https:\/\/twitter.com\/EmberLondon\/status\/652427790864773120",
                "author_icon": "https:\/\/pbs.twimg.com\/profile_images\/490089444473835522\/AbHfjBqC_normal.jpeg",
                "author_subname": "@EmberLondon",
                "pretext": "<https:\/\/twitter.com\/EmberLondon\/status\/652427790864773120>",
                "text": "Check out the gorgeous work <https:\/\/twitter.com\/wearetrouva|@wearetrouva> have done on their site in <https:\/\/twitter.com\/emberjs|@emberjs> &lt;3\n\n<https:\/\/www.trouva.com\/>",
                "service_name": "twitter",
                "service_url": "https:\/\/twitter.com\/",
                "id": 1,
                "footer": "Twitter",
                "footer_icon": "https:\/\/a.slack-edge.com\/6e067\/img\/services\/twitter_pixel_snapped_32.png"
            }
        ],
        "type": "message",
        "subtype": "bot_message",
        "ts": "1444385882.000010"
    },
    {
        "user": "U0C6GLVL3",
        "type": "message",
        "subtype": "channel_join",
        "text": "<@U0C6GLVL3|jonnygreen> has joined the channel",
        "ts": "1444407866.000011"
    }
]