[
    {
        "bot_id": "B0429JVR5",
        "attachments": [
            {
                "fallback": "<https:\/\/twitter.com\/EmberLondon|@EmberLondon>: <https:\/\/twitter.com\/JSummersMuir|@JSummersMuir> this week.",
                "author_name": "Ember London",
                "author_link": "https:\/\/twitter.com\/EmberLondon\/status\/620536833349435392",
                "author_icon": "https:\/\/pbs.twimg.com\/profile_images\/490089444473835522\/AbHfjBqC_normal.jpeg",
                "author_subname": "@EmberLondon",
                "pretext": "<https:\/\/twitter.com\/EmberLondon\/status\/620536833349435392>",
                "text": "<https:\/\/twitter.com\/JSummersMuir|@JSummersMuir> this week.",
                "service_name": "twitter",
                "service_url": "https:\/\/twitter.com\/",
                "id": 1,
                "footer": "Twitter",
                "footer_icon": "https:\/\/a.slack-edge.com\/6e067\/img\/services\/twitter_pixel_snapped_32.png"
            }
        ],
        "type": "message",
        "subtype": "bot_message",
        "ts": "1436782484.000026"
    },
    {
        "bot_id": "B0429JVR5",
        "attachments": [
            {
                "fallback": "<https:\/\/twitter.com\/EmberLondon|@EmberLondon>: Now *that\u2019s* what I call a component!\n\n<https:\/\/github.com\/alphasights\/ember-calendar>",
                "author_name": "Ember London",
                "author_link": "https:\/\/twitter.com\/EmberLondon\/status\/620548033898512384",
                "author_icon": "https:\/\/pbs.twimg.com\/profile_images\/490089444473835522\/AbHfjBqC_normal.jpeg",
                "author_subname": "@EmberLondon",
                "pretext": "<https:\/\/twitter.com\/EmberLondon\/status\/620548033898512384>",
                "text": "Now *that\u2019s* what I call a component!\n\n<https:\/\/github.com\/alphasights\/ember-calendar>",
                "service_name": "twitter",
                "service_url": "https:\/\/twitter.com\/",
                "id": 1,
                "footer": "Twitter",
                "footer_icon": "https:\/\/a.slack-edge.com\/6e067\/img\/services\/twitter_pixel_snapped_32.png"
            }
        ],
        "type": "message",
        "subtype": "bot_message",
        "ts": "1436785155.000027"
    },
    {
        "type": "message",
        "user": "U04BE0ELZ",
        "text": "nice!",
        "ts": "1436791675.000028"
    },
    {
        "type": "message",
        "user": "U043951H9",
        "text": "whoop whoop",
        "ts": "1436793055.000029"
    },
    {
        "type": "message",
        "user": "U047GTU64",
        "text": "nice one!",
        "ts": "1436793852.000030"
    }
]