[
    {
        "bot_id": "B0429JVR5",
        "attachments": [
            {
                "fallback": "<https:\/\/twitter.com\/EmberLondon|@EmberLondon>: Our March Speaker <https:\/\/twitter.com\/poshaughnessy|@poshaughnessy> has written up some thoughts on AI and the future of coding:\n\n<http:\/\/www.peteroshaughnessy.com\/post\/115768091834\/artificial-intelligence-and-the-future-of-coding>",
                "author_name": "Ember london",
                "author_link": "https:\/\/twitter.com\/EmberLondon\/status\/585486405561884672",
                "author_icon": "https:\/\/pbs.twimg.com\/profile_images\/490089444473835522\/AbHfjBqC_normal.jpeg",
                "author_subname": "@EmberLondon",
                "pretext": "<https:\/\/twitter.com\/EmberLondon\/status\/585486405561884672>",
                "text": "Our March Speaker <https:\/\/twitter.com\/poshaughnessy|@poshaughnessy> has written up some thoughts on AI and the future of coding:\n\n<http:\/\/www.peteroshaughnessy.com\/post\/115768091834\/artificial-intelligence-and-the-future-of-coding>",
                "service_name": "twitter",
                "service_url": "https:\/\/twitter.com\/",
                "id": 1,
                "footer": "Twitter",
                "footer_icon": "https:\/\/a.slack-edge.com\/6e067\/img\/services\/twitter_pixel_snapped_32.png"
            }
        ],
        "type": "message",
        "subtype": "bot_message",
        "ts": "1428425811.000002"
    },
    {
        "bot_id": "B0429JVR5",
        "attachments": [
            {
                "fallback": "<https:\/\/twitter.com\/EmberLondon|@EmberLondon>: <https:\/\/twitter.com\/poshaughnessy|@poshaughnessy> our pleasure.",
                "author_name": "Ember london",
                "author_link": "https:\/\/twitter.com\/EmberLondon\/status\/585486604103483394",
                "author_icon": "https:\/\/pbs.twimg.com\/profile_images\/490089444473835522\/AbHfjBqC_normal.jpeg",
                "author_subname": "@EmberLondon",
                "pretext": "<https:\/\/twitter.com\/EmberLondon\/status\/585486604103483394>",
                "text": "<https:\/\/twitter.com\/poshaughnessy|@poshaughnessy> our pleasure.",
                "service_name": "twitter",
                "service_url": "https:\/\/twitter.com\/",
                "id": 1,
                "footer": "Twitter",
                "footer_icon": "https:\/\/a.slack-edge.com\/6e067\/img\/services\/twitter_pixel_snapped_32.png"
            }
        ],
        "type": "message",
        "subtype": "bot_message",
        "ts": "1428425859.000003"
    },
    {
        "user": "U049Y3RBJ",
        "type": "message",
        "subtype": "channel_join",
        "text": "<@U049Y3RBJ|jalagrange> has joined the channel",
        "ts": "1428439620.000004"
    }
]