[
    {
        "bot_id": "B0429JVR5",
        "attachments": [
            {
                "fallback": "<https:\/\/twitter.com\/EmberLondon|@EmberLondon>: <https:\/\/twitter.com\/robknight_|@robknight_> <https:\/\/twitter.com\/sebmck|@sebmck> <https:\/\/twitter.com\/londonreact|@londonreact> 100%!!! Next meetup is May 14. Really looking forward to hanging out.",
                "author_name": "Ember london",
                "author_link": "https:\/\/twitter.com\/EmberLondon\/status\/589744089446363136",
                "author_icon": "https:\/\/pbs.twimg.com\/profile_images\/490089444473835522\/AbHfjBqC_normal.jpeg",
                "author_subname": "@EmberLondon",
                "pretext": "<https:\/\/twitter.com\/EmberLondon\/status\/589744089446363136>",
                "text": "<https:\/\/twitter.com\/robknight_|@robknight_> <https:\/\/twitter.com\/sebmck|@sebmck> <https:\/\/twitter.com\/londonreact|@londonreact> 100%!!! Next meetup is May 14. Really looking forward to hanging out.",
                "service_name": "twitter",
                "service_url": "https:\/\/twitter.com\/",
                "id": 1,
                "footer": "Twitter",
                "footer_icon": "https:\/\/a.slack-edge.com\/6e067\/img\/services\/twitter_pixel_snapped_32.png"
            }
        ],
        "type": "message",
        "subtype": "bot_message",
        "ts": "1429440922.000011"
    },
    {
        "bot_id": "B0429JVR5",
        "attachments": [
            {
                "fallback": "<https:\/\/twitter.com\/EmberLondon|@EmberLondon>: <https:\/\/twitter.com\/sebmck|@sebmck> <https:\/\/twitter.com\/robknight_|@robknight_> haha, yeah, <https:\/\/twitter.com\/londonreact|@londonreact> is extremely popular and deservedly so :)",
                "author_name": "Ember london",
                "author_link": "https:\/\/twitter.com\/EmberLondon\/status\/589744660366680064",
                "author_icon": "https:\/\/pbs.twimg.com\/profile_images\/490089444473835522\/AbHfjBqC_normal.jpeg",
                "author_subname": "@EmberLondon",
                "pretext": "<https:\/\/twitter.com\/EmberLondon\/status\/589744660366680064>",
                "text": "<https:\/\/twitter.com\/sebmck|@sebmck> <https:\/\/twitter.com\/robknight_|@robknight_> haha, yeah, <https:\/\/twitter.com\/londonreact|@londonreact> is extremely popular and deservedly so :)",
                "service_name": "twitter",
                "service_url": "https:\/\/twitter.com\/",
                "id": 1,
                "footer": "Twitter",
                "footer_icon": "https:\/\/a.slack-edge.com\/6e067\/img\/services\/twitter_pixel_snapped_32.png"
            }
        ],
        "type": "message",
        "subtype": "bot_message",
        "ts": "1429441058.000012"
    }
]