[
    {
        "user": "U06BGNMBL",
        "type": "message",
        "subtype": "channel_join",
        "text": "<@U06BGNMBL|tragiclifestories> has joined the channel",
        "ts": "1434368337.000023"
    },
    {
        "user": "U06BH5ZPW",
        "type": "message",
        "subtype": "channel_join",
        "text": "<@U06BH5ZPW|themitchell> has joined the channel",
        "ts": "1434369140.000024"
    },
    {
        "bot_id": "B0429JVR5",
        "attachments": [
            {
                "fallback": "<https:\/\/twitter.com\/EmberLondon|@EmberLondon>: <https:\/\/twitter.com\/pootsbook|@pootsbook> ZOMG!",
                "author_name": "Ember London",
                "author_link": "https:\/\/twitter.com\/EmberLondon\/status\/610694025386008576",
                "author_icon": "https:\/\/pbs.twimg.com\/profile_images\/490089444473835522\/AbHfjBqC_normal.jpeg",
                "author_subname": "@EmberLondon",
                "pretext": "<https:\/\/twitter.com\/EmberLondon\/status\/610694025386008576>",
                "text": "<https:\/\/twitter.com\/pootsbook|@pootsbook> ZOMG!",
                "service_name": "twitter",
                "service_url": "https:\/\/twitter.com\/",
                "id": 1,
                "footer": "Twitter",
                "footer_icon": "https:\/\/a.slack-edge.com\/6e067\/img\/services\/twitter_pixel_snapped_32.png"
            }
        ],
        "type": "message",
        "subtype": "bot_message",
        "ts": "1434435776.000025"
    }
]