[
    {
        "bot_id": "B0429JVR5",
        "attachments": [
            {
                "fallback": "<https:\/\/twitter.com\/EmberLondon|@EmberLondon>: Looking forward to seeing everyone at tonight\u2019s meetup!\n\n<http:\/\/www.meetup.com\/London-Emberjs-User-Group\/events\/221220654\/>",
                "author_name": "Ember London",
                "author_link": "https:\/\/twitter.com\/EmberLondon\/status\/608966081034772480",
                "author_icon": "https:\/\/pbs.twimg.com\/profile_images\/490089444473835522\/AbHfjBqC_normal.jpeg",
                "author_subname": "@EmberLondon",
                "pretext": "<https:\/\/twitter.com\/EmberLondon\/status\/608966081034772480>",
                "text": "Looking forward to seeing everyone at tonight\u2019s meetup!\n\n<http:\/\/www.meetup.com\/London-Emberjs-User-Group\/events\/221220654\/>",
                "service_name": "twitter",
                "service_url": "https:\/\/twitter.com\/",
                "id": 1,
                "footer": "Twitter",
                "footer_icon": "https:\/\/a.slack-edge.com\/6e067\/img\/services\/twitter_pixel_snapped_32.png"
            }
        ],
        "type": "message",
        "subtype": "bot_message",
        "ts": "1434023802.000019"
    },
    {
        "user": "U067KU0PP",
        "type": "message",
        "subtype": "channel_join",
        "text": "<@U067KU0PP|eligijus> has joined the channel",
        "ts": "1434028645.000020"
    }
]