[
    {
        "user": "U051MHBQU",
        "type": "message",
        "subtype": "channel_join",
        "text": "<@U051MHBQU|tommy> has joined the channel",
        "ts": "1432649611.000006"
    },
    {
        "bot_id": "B0429JVR5",
        "attachments": [
            {
                "fallback": "<https:\/\/twitter.com\/EmberLondon|@EmberLondon>: <https:\/\/twitter.com\/joshua_hornby|@joshua_hornby> Discourse and Ghost",
                "author_name": "Ember London",
                "author_link": "https:\/\/twitter.com\/EmberLondon\/status\/603335309775020033",
                "author_icon": "https:\/\/pbs.twimg.com\/profile_images\/490089444473835522\/AbHfjBqC_normal.jpeg",
                "author_subname": "@EmberLondon",
                "pretext": "<https:\/\/twitter.com\/EmberLondon\/status\/603335309775020033>",
                "text": "<https:\/\/twitter.com\/joshua_hornby|@joshua_hornby> Discourse and Ghost",
                "service_name": "twitter",
                "service_url": "https:\/\/twitter.com\/",
                "id": 1,
                "footer": "Twitter",
                "footer_icon": "https:\/\/a.slack-edge.com\/6e067\/img\/services\/twitter_pixel_snapped_32.png"
            }
        ],
        "type": "message",
        "subtype": "bot_message",
        "ts": "1432681322.000007"
    }
]