[
    {
        "bot_id": "B0429JVR5",
        "attachments": [
            {
                "fallback": "<https:\/\/twitter.com\/EmberLondon|@EmberLondon>: We\u2019ve a stellar line-up for Thursday\u2019s meetup. Topics include Artificial Intelligence, Babel.js and the SANE stack.\n\n<http:\/\/www.meetup.com\/London-Emberjs-User-Group\/events\/221220654\/>",
                "author_name": "Ember London",
                "author_link": "https:\/\/twitter.com\/EmberLondon\/status\/608212383576813568",
                "author_icon": "https:\/\/pbs.twimg.com\/profile_images\/490089444473835522\/AbHfjBqC_normal.jpeg",
                "author_subname": "@EmberLondon",
                "pretext": "<https:\/\/twitter.com\/EmberLondon\/status\/608212383576813568>",
                "text": "We\u2019ve a stellar line-up for Thursday\u2019s meetup. Topics include Artificial Intelligence, Babel.js and the SANE stack.\n\n<http:\/\/www.meetup.com\/London-Emberjs-User-Group\/events\/221220654\/>",
                "service_name": "twitter",
                "service_url": "https:\/\/twitter.com\/",
                "id": 1,
                "footer": "Twitter",
                "footer_icon": "https:\/\/a.slack-edge.com\/6e067\/img\/services\/twitter_pixel_snapped_32.png"
            }
        ],
        "type": "message",
        "subtype": "bot_message",
        "ts": "1433844107.000016"
    }
]