[
    {
        "bot_id": "B0429JVR5",
        "attachments": [
            {
                "fallback": "<https:\/\/twitter.com\/EmberLondon|@EmberLondon>: We are delighted to announce that <https:\/\/twitter.com\/sebmck|@sebmck> will be delivering the closing keynote at EmberCamp London!\n\n<http:\/\/embercamp.com>",
                "author_name": "Ember London",
                "author_link": "https:\/\/twitter.com\/EmberLondon\/status\/651336739848634368",
                "author_icon": "https:\/\/pbs.twimg.com\/profile_images\/490089444473835522\/AbHfjBqC_normal.jpeg",
                "author_subname": "@EmberLondon",
                "pretext": "<https:\/\/twitter.com\/EmberLondon\/status\/651336739848634368>",
                "text": "We are delighted to announce that <https:\/\/twitter.com\/sebmck|@sebmck> will be delivering the closing keynote at EmberCamp London!\n\n<http:\/\/embercamp.com>",
                "service_name": "twitter",
                "service_url": "https:\/\/twitter.com\/",
                "id": 1,
                "footer": "Twitter",
                "footer_icon": "https:\/\/a.slack-edge.com\/6e067\/img\/services\/twitter_pixel_snapped_32.png"
            }
        ],
        "type": "message",
        "subtype": "bot_message",
        "ts": "1444125754.000003"
    },
    {
        "user": "U0BV2PSRF",
        "type": "message",
        "subtype": "channel_join",
        "text": "<@U0BV2PSRF|alokmatta> has joined the channel",
        "ts": "1444146259.000004"
    }
]