[
    {
        "user": "U046D0DSD",
        "type": "message",
        "subtype": "channel_join",
        "text": "<@U046D0DSD|chrisgame> has joined the channel",
        "ts": "1427454359.000002"
    },
    {
        "bot_id": "B0429JVR5",
        "attachments": [
            {
                "fallback": "<https:\/\/twitter.com\/EmberLondon|@EmberLondon>: Just put the line-up for April\u2019s meetup live on <http:\/\/emberlondon.com>",
                "author_name": "Ember london",
                "author_link": "https:\/\/twitter.com\/EmberLondon\/status\/581422405706473472",
                "author_icon": "https:\/\/pbs.twimg.com\/profile_images\/490089444473835522\/AbHfjBqC_normal.jpeg",
                "author_subname": "@EmberLondon",
                "pretext": "<https:\/\/twitter.com\/EmberLondon\/status\/581422405706473472>",
                "text": "Just put the line-up for April\u2019s meetup live on <http:\/\/emberlondon.com>",
                "service_name": "twitter",
                "service_url": "https:\/\/twitter.com\/",
                "id": 1,
                "footer": "Twitter",
                "footer_icon": "https:\/\/a.slack-edge.com\/6e067\/img\/services\/twitter_pixel_snapped_32.png"
            }
        ],
        "type": "message",
        "subtype": "bot_message",
        "ts": "1427456878.000003"
    },
    {
        "user": "U046FCXL7",
        "type": "message",
        "subtype": "channel_join",
        "text": "<@U046FCXL7|dakuan> has joined the channel",
        "ts": "1427466947.000004"
    },
    {
        "user": "U045SGGD8",
        "type": "message",
        "subtype": "channel_join",
        "text": "<@U045SGGD8|alexspeller> has joined the channel",
        "ts": "1427468026.000005"
    }
]