[
    {
        "bot_id": "B0429JVR5",
        "attachments": [
            {
                "fallback": "<https:\/\/twitter.com\/EmberLondon|@EmberLondon>: Huge thanks to our speakers <https:\/\/twitter.com\/mseckington|@mseckington>, <https:\/\/twitter.com\/sebmck|@sebmck> and <https:\/\/twitter.com\/mpadourek|@mpadourek>! Videos will be up soon :D",
                "author_name": "Ember London",
                "author_link": "https:\/\/twitter.com\/EmberLondon\/status\/609273261147451392",
                "author_icon": "https:\/\/pbs.twimg.com\/profile_images\/490089444473835522\/AbHfjBqC_normal.jpeg",
                "author_subname": "@EmberLondon",
                "pretext": "<https:\/\/twitter.com\/EmberLondon\/status\/609273261147451392>",
                "text": "Huge thanks to our speakers <https:\/\/twitter.com\/mseckington|@mseckington>, <https:\/\/twitter.com\/sebmck|@sebmck> and <https:\/\/twitter.com\/mpadourek|@mpadourek>! Videos will be up soon :D",
                "service_name": "twitter",
                "service_url": "https:\/\/twitter.com\/",
                "id": 1,
                "footer": "Twitter",
                "footer_icon": "https:\/\/a.slack-edge.com\/6e067\/img\/services\/twitter_pixel_snapped_32.png"
            }
        ],
        "type": "message",
        "subtype": "bot_message",
        "ts": "1434097040.000021"
    },
    {
        "bot_id": "B0429JVR5",
        "attachments": [
            {
                "fallback": "<https:\/\/twitter.com\/EmberLondon|@EmberLondon>: Join us at our next project night on June 25\n\n<http:\/\/www.meetup.com\/London-Emberjs-User-Group\/events\/221220728\/>",
                "author_name": "Ember London",
                "author_link": "https:\/\/twitter.com\/EmberLondon\/status\/609283032722358272",
                "author_icon": "https:\/\/pbs.twimg.com\/profile_images\/490089444473835522\/AbHfjBqC_normal.jpeg",
                "author_subname": "@EmberLondon",
                "pretext": "<https:\/\/twitter.com\/EmberLondon\/status\/609283032722358272>",
                "text": "Join us at our next project night on June 25\n\n<http:\/\/www.meetup.com\/London-Emberjs-User-Group\/events\/221220728\/>",
                "service_name": "twitter",
                "service_url": "https:\/\/twitter.com\/",
                "id": 1,
                "footer": "Twitter",
                "footer_icon": "https:\/\/a.slack-edge.com\/6e067\/img\/services\/twitter_pixel_snapped_32.png"
            }
        ],
        "type": "message",
        "subtype": "bot_message",
        "ts": "1434099369.000022"
    }
]