[
    {
        "bot_id": "B0429JVR5",
        "attachments": [
            {
                "fallback": "<https:\/\/twitter.com\/EmberLondon|@EmberLondon>: Cannot wait for tomorrow\u2019s meetup. So much awesome stuff going on in the community.\n\n<http:\/\/www.meetup.com\/London-Emberjs-User-Group\/events\/224042161\/>",
                "author_name": "Ember London",
                "author_link": "https:\/\/twitter.com\/EmberLondon\/status\/641623540903608320",
                "author_icon": "https:\/\/pbs.twimg.com\/profile_images\/490089444473835522\/AbHfjBqC_normal.jpeg",
                "author_subname": "@EmberLondon",
                "pretext": "<https:\/\/twitter.com\/EmberLondon\/status\/641623540903608320>",
                "text": "Cannot wait for tomorrow\u2019s meetup. So much awesome stuff going on in the community.\n\n<http:\/\/www.meetup.com\/London-Emberjs-User-Group\/events\/224042161\/>",
                "service_name": "twitter",
                "service_url": "https:\/\/twitter.com\/",
                "id": 1,
                "footer": "Twitter",
                "footer_icon": "https:\/\/a.slack-edge.com\/6e067\/img\/services\/twitter_pixel_snapped_32.png"
            }
        ],
        "type": "message",
        "subtype": "bot_message",
        "ts": "1441809947.000006"
    }
]