[
    {
        "bot_id": "B0429JVR5",
        "attachments": [
            {
                "fallback": "<https:\/\/twitter.com\/EmberLondon|@EmberLondon>: Looking forward to seeing everyone a Thursday\u2019s meetup :D\n\n<http:\/\/www.meetup.com\/London-Emberjs-User-Group\/events\/221724935\/>",
                "author_name": "Ember London",
                "author_link": "https:\/\/twitter.com\/EmberLondon\/status\/617988305712455680",
                "author_icon": "https:\/\/pbs.twimg.com\/profile_images\/490089444473835522\/AbHfjBqC_normal.jpeg",
                "author_subname": "@EmberLondon",
                "pretext": "<https:\/\/twitter.com\/EmberLondon\/status\/617988305712455680>",
                "text": "Looking forward to seeing everyone a Thursday\u2019s meetup :D\n\n<http:\/\/www.meetup.com\/London-Emberjs-User-Group\/events\/221724935\/>",
                "service_name": "twitter",
                "service_url": "https:\/\/twitter.com\/",
                "id": 1,
                "footer": "Twitter",
                "footer_icon": "https:\/\/a.slack-edge.com\/6e067\/img\/services\/twitter_pixel_snapped_32.png"
            }
        ],
        "type": "message",
        "subtype": "bot_message",
        "ts": "1436174868.000006"
    },
    {
        "bot_id": "B0429JVR5",
        "attachments": [
            {
                "fallback": "<https:\/\/twitter.com\/EmberLondon|@EmberLondon>: <https:\/\/twitter.com\/grandazz|@grandazz> uh oh. Hopefully they\u2019ll call it off at the last minute like last time.",
                "author_name": "Ember London",
                "author_link": "https:\/\/twitter.com\/EmberLondon\/status\/617993555362074624",
                "author_icon": "https:\/\/pbs.twimg.com\/profile_images\/490089444473835522\/AbHfjBqC_normal.jpeg",
                "author_subname": "@EmberLondon",
                "pretext": "<https:\/\/twitter.com\/EmberLondon\/status\/617993555362074624>",
                "text": "<https:\/\/twitter.com\/grandazz|@grandazz> uh oh. Hopefully they\u2019ll call it off at the last minute like last time.",
                "service_name": "twitter",
                "service_url": "https:\/\/twitter.com\/",
                "id": 1,
                "footer": "Twitter",
                "footer_icon": "https:\/\/a.slack-edge.com\/6e067\/img\/services\/twitter_pixel_snapped_32.png"
            }
        ],
        "type": "message",
        "subtype": "bot_message",
        "ts": "1436176120.000007"
    },
    {
        "user": "U077SJWN5",
        "type": "message",
        "subtype": "channel_join",
        "text": "<@U077SJWN5|caw> has joined the channel",
        "ts": "1436180566.000008"
    }
]