[
    {
        "bot_id": "B0429JVR5",
        "attachments": [
            {
                "fallback": "<https:\/\/twitter.com\/EmberLondon|@EmberLondon>: May\u2019s meetup is fully booked!\n\nSee you all on Thursday evening :D\n\n<http:\/\/www.meetup.com\/London-Emberjs-User-Group\/events\/221220636\/>",
                "author_name": "Ember london",
                "author_link": "https:\/\/twitter.com\/EmberLondon\/status\/597359927812816896",
                "author_icon": "https:\/\/pbs.twimg.com\/profile_images\/490089444473835522\/AbHfjBqC_normal.jpeg",
                "author_subname": "@EmberLondon",
                "pretext": "<https:\/\/twitter.com\/EmberLondon\/status\/597359927812816896>",
                "text": "May\u2019s meetup is fully booked!\n\nSee you all on Thursday evening :D\n\n<http:\/\/www.meetup.com\/London-Emberjs-User-Group\/events\/221220636\/>",
                "service_name": "twitter",
                "service_url": "https:\/\/twitter.com\/",
                "id": 1,
                "footer": "Twitter",
                "footer_icon": "https:\/\/a.slack-edge.com\/6e067\/img\/services\/twitter_pixel_snapped_32.png"
            }
        ],
        "type": "message",
        "subtype": "bot_message",
        "ts": "1431256680.000003"
    }
]