[
    {
        "bot_id": "B0429JVR5",
        "attachments": [
            {
                "fallback": "<https:\/\/twitter.com\/EmberLondon|@EmberLondon>: <https:\/\/twitter.com\/czeggers|@czeggers> hi-fi: Zoom H4N + Sennheiser lavelier mic and radio pack. lo-fi: Zoom H1 + JK MIC-J 044 lavalier mic (wired).",
                "author_name": "Ember London",
                "author_link": "https:\/\/twitter.com\/EmberLondon\/status\/628115549747331072",
                "author_icon": "https:\/\/pbs.twimg.com\/profile_images\/490089444473835522\/AbHfjBqC_normal.jpeg",
                "author_subname": "@EmberLondon",
                "pretext": "<https:\/\/twitter.com\/EmberLondon\/status\/628115549747331072>",
                "text": "<https:\/\/twitter.com\/czeggers|@czeggers> hi-fi: Zoom H4N + Sennheiser lavelier mic and radio pack. lo-fi: Zoom H1 + JK MIC-J 044 lavalier mic (wired).",
                "service_name": "twitter",
                "service_url": "https:\/\/twitter.com\/",
                "id": 1,
                "footer": "Twitter",
                "footer_icon": "https:\/\/a.slack-edge.com\/6e067\/img\/services\/twitter_pixel_snapped_32.png"
            }
        ],
        "type": "message",
        "subtype": "bot_message",
        "ts": "1438589391.000010"
    }
]