[
    {
        "user": "U04BD6KB1",
        "type": "message",
        "subtype": "channel_join",
        "text": "<@U04BD6KB1|ksnyde> has joined the channel",
        "ts": "1428568140.000011"
    },
    {
        "user": "U04ARJGN2",
        "type": "message",
        "subtype": "channel_join",
        "text": "<@U04ARJGN2|jackfranklin> has joined the channel",
        "ts": "1428572017.000012"
    },
    {
        "user": "U04BE0ELZ",
        "type": "message",
        "subtype": "channel_join",
        "text": "<@U04BE0ELZ|nikoskatsikanis> has joined the channel",
        "ts": "1428572282.000013"
    },
    {
        "user": "U04ATUH50",
        "type": "message",
        "subtype": "channel_join",
        "text": "<@U04ATUH50|zane> has joined the channel",
        "ts": "1428585024.000014"
    },
    {
        "user": "U04AU4DQN",
        "type": "message",
        "subtype": "channel_join",
        "text": "<@U04AU4DQN|english> has joined the channel",
        "ts": "1428585865.000015"
    },
    {
        "user": "U04BGLGM3",
        "type": "message",
        "subtype": "channel_join",
        "text": "<@U04BGLGM3|geekygrappler> has joined the channel",
        "ts": "1428586732.000016"
    },
    {
        "user": "U04AWR0TU",
        "type": "message",
        "subtype": "channel_join",
        "text": "<@U04AWR0TU|harveykandola> has joined the channel",
        "ts": "1428596094.000017"
    }
]