[
    {
        "bot_id": "B0429JVR5",
        "attachments": [
            {
                "fallback": "<https:\/\/twitter.com\/EmberLondon|@EmberLondon>: Our August meetup:\n\nPhoenix\n<https:\/\/twitter.com\/riklomas|@riklomas>\n\nEmber 2 components\n<https:\/\/twitter.com\/JoinAlphaSights|@JoinAlphaSights>\n\nResponsive design \n<https:\/\/twitter.com\/JonthanFielding|@JonthanFielding> \n\n<http:\/\/www.meetup.com\/London-Emberjs-User-Group\/events\/221724941\/>",
                "author_name": "Ember London",
                "author_link": "https:\/\/twitter.com\/EmberLondon\/status\/628981577469575168",
                "author_icon": "https:\/\/pbs.twimg.com\/profile_images\/490089444473835522\/AbHfjBqC_normal.jpeg",
                "author_subname": "@EmberLondon",
                "pretext": "<https:\/\/twitter.com\/EmberLondon\/status\/628981577469575168>",
                "text": "Our August meetup:\n\nPhoenix\n<https:\/\/twitter.com\/riklomas|@riklomas>\n\nEmber 2 components\n<https:\/\/twitter.com\/JoinAlphaSights|@JoinAlphaSights>\n\nResponsive design \n<https:\/\/twitter.com\/JonthanFielding|@JonthanFielding> \n\n<http:\/\/www.meetup.com\/London-Emberjs-User-Group\/events\/221724941\/>",
                "service_name": "twitter",
                "service_url": "https:\/\/twitter.com\/",
                "id": 1,
                "footer": "Twitter",
                "footer_icon": "https:\/\/a.slack-edge.com\/6e067\/img\/services\/twitter_pixel_snapped_32.png"
            }
        ],
        "type": "message",
        "subtype": "bot_message",
        "ts": "1438795869.000011"
    },
    {
        "user": "U08MBK57F",
        "type": "message",
        "subtype": "channel_join",
        "text": "<@U08MBK57F|jcope> has joined the channel",
        "ts": "1438831339.000012"
    }
]