[
    {
        "bot_id": "B0429JVR5",
        "attachments": [
            {
                "fallback": "<https:\/\/twitter.com\/EmberLondon|@EmberLondon>: Over a week until May\u2019s meetup and we\u2019ve 80 RSVPs! Pretty sure this is an Ember London record :D\n\n<http:\/\/www.meetup.com\/London-Emberjs-User-Group\/events\/221220636\/>",
                "author_name": "Ember london",
                "author_link": "https:\/\/twitter.com\/EmberLondon\/status\/595501266744258560",
                "author_icon": "https:\/\/pbs.twimg.com\/profile_images\/490089444473835522\/AbHfjBqC_normal.jpeg",
                "author_subname": "@EmberLondon",
                "pretext": "<https:\/\/twitter.com\/EmberLondon\/status\/595501266744258560>",
                "text": "Over a week until May\u2019s meetup and we\u2019ve 80 RSVPs! Pretty sure this is an Ember London record :D\n\n<http:\/\/www.meetup.com\/London-Emberjs-User-Group\/events\/221220636\/>",
                "service_name": "twitter",
                "service_url": "https:\/\/twitter.com\/",
                "id": 1,
                "footer": "Twitter",
                "footer_icon": "https:\/\/a.slack-edge.com\/6e067\/img\/services\/twitter_pixel_snapped_32.png"
            }
        ],
        "type": "message",
        "subtype": "bot_message",
        "ts": "1430813540.000008"
    },
    {
        "bot_id": "B0429JVR5",
        "attachments": [
            {
                "fallback": "<https:\/\/twitter.com\/EmberLondon|@EmberLondon>: The PR we\u2019ve all been waiting for:\n<https:\/\/github.com\/emberjs\/website\/pull\/2153>\n\n&lt;3 &lt;3 &lt;3",
                "author_name": "Ember london",
                "author_link": "https:\/\/twitter.com\/EmberLondon\/status\/595545848391573504",
                "author_icon": "https:\/\/pbs.twimg.com\/profile_images\/490089444473835522\/AbHfjBqC_normal.jpeg",
                "author_subname": "@EmberLondon",
                "pretext": "<https:\/\/twitter.com\/EmberLondon\/status\/595545848391573504>",
                "text": "The PR we\u2019ve all been waiting for:\n<https:\/\/github.com\/emberjs\/website\/pull\/2153>\n\n&lt;3 &lt;3 &lt;3",
                "service_name": "twitter",
                "service_url": "https:\/\/twitter.com\/",
                "id": 1,
                "footer": "Twitter",
                "footer_icon": "https:\/\/a.slack-edge.com\/6e067\/img\/services\/twitter_pixel_snapped_32.png"
            }
        ],
        "type": "message",
        "subtype": "bot_message",
        "ts": "1430824169.000009"
    },
    {
        "bot_id": "B0429JVR5",
        "attachments": [
            {
                "fallback": "<https:\/\/twitter.com\/EmberLondon|@EmberLondon>: <https:\/\/twitter.com\/rlivsey|@rlivsey> adorable! \/cc <https:\/\/twitter.com\/wifelette|@wifelette> <https:\/\/twitter.com\/lindsey_io|@lindsey_io>",
                "author_name": "Ember london",
                "author_link": "https:\/\/twitter.com\/EmberLondon\/status\/595548462369927169",
                "author_icon": "https:\/\/pbs.twimg.com\/profile_images\/490089444473835522\/AbHfjBqC_normal.jpeg",
                "author_subname": "@EmberLondon",
                "pretext": "<https:\/\/twitter.com\/EmberLondon\/status\/595548462369927169>",
                "text": "<https:\/\/twitter.com\/rlivsey|@rlivsey> adorable! \/cc <https:\/\/twitter.com\/wifelette|@wifelette> <https:\/\/twitter.com\/lindsey_io|@lindsey_io>",
                "service_name": "twitter",
                "service_url": "https:\/\/twitter.com\/",
                "id": 1,
                "footer": "Twitter",
                "footer_icon": "https:\/\/a.slack-edge.com\/6e067\/img\/services\/twitter_pixel_snapped_32.png"
            }
        ],
        "type": "message",
        "subtype": "bot_message",
        "ts": "1430824792.000010"
    }
]