[
    {
        "user": "U07CKEQU9",
        "type": "message",
        "subtype": "channel_join",
        "text": "<@U07CKEQU9|marinda> has joined the channel",
        "ts": "1436430711.000010"
    },
    {
        "user": "U07CK66U8",
        "type": "message",
        "subtype": "channel_join",
        "text": "<@U07CK66U8|joshcrowder> has joined the channel",
        "ts": "1436430973.000011"
    },
    {
        "user": "U07CQV797",
        "type": "message",
        "subtype": "channel_join",
        "text": "<@U07CQV797|gerry> has joined the channel",
        "ts": "1436440060.000012"
    },
    {
        "user": "U04PVM8BR",
        "type": "message",
        "subtype": "channel_leave",
        "text": "<@U04PVM8BR|alexgraul> has left the channel",
        "ts": "1436450560.000013"
    },
    {
        "bot_id": "B0429JVR5",
        "attachments": [
            {
                "fallback": "<https:\/\/twitter.com\/EmberLondon|@EmberLondon>: <https:\/\/twitter.com\/_HHFF|@_HHFF> <https:\/\/twitter.com\/emberjs|@emberjs> <https:\/\/twitter.com\/spreecommerce|@spreecommerce> cannot wait :D",
                "author_name": "Ember London",
                "author_link": "https:\/\/twitter.com\/EmberLondon\/status\/619149772616794113",
                "author_icon": "https:\/\/pbs.twimg.com\/profile_images\/490089444473835522\/AbHfjBqC_normal.jpeg",
                "author_subname": "@EmberLondon",
                "pretext": "<https:\/\/twitter.com\/EmberLondon\/status\/619149772616794113>",
                "text": "<https:\/\/twitter.com\/_HHFF|@_HHFF> <https:\/\/twitter.com\/emberjs|@emberjs> <https:\/\/twitter.com\/spreecommerce|@spreecommerce> cannot wait :D",
                "service_name": "twitter",
                "service_url": "https:\/\/twitter.com\/",
                "id": 1,
                "footer": "Twitter",
                "footer_icon": "https:\/\/a.slack-edge.com\/6e067\/img\/services\/twitter_pixel_snapped_32.png"
            }
        ],
        "type": "message",
        "subtype": "bot_message",
        "ts": "1436451783.000014"
    },
    {
        "bot_id": "B0429JVR5",
        "attachments": [
            {
                "fallback": "<https:\/\/twitter.com\/EmberLondon|@EmberLondon>: <https:\/\/twitter.com\/ballPtPenguin|@ballPtPenguin> <https:\/\/twitter.com\/_HHFF|@_HHFF> <https:\/\/twitter.com\/emberjs|@emberjs> <https:\/\/twitter.com\/spreecommerce|@spreecommerce> we could try live-streaming via Google Hangouts\u2026",
                "author_name": "Ember London",
                "author_link": "https:\/\/twitter.com\/EmberLondon\/status\/619178040699015168",
                "author_icon": "https:\/\/pbs.twimg.com\/profile_images\/490089444473835522\/AbHfjBqC_normal.jpeg",
                "author_subname": "@EmberLondon",
                "pretext": "<https:\/\/twitter.com\/EmberLondon\/status\/619178040699015168>",
                "text": "<https:\/\/twitter.com\/ballPtPenguin|@ballPtPenguin> <https:\/\/twitter.com\/_HHFF|@_HHFF> <https:\/\/twitter.com\/emberjs|@emberjs> <https:\/\/twitter.com\/spreecommerce|@spreecommerce> we could try live-streaming via Google Hangouts\u2026",
                "service_name": "twitter",
                "service_url": "https:\/\/twitter.com\/",
                "id": 1,
                "footer": "Twitter",
                "footer_icon": "https:\/\/a.slack-edge.com\/6e067\/img\/services\/twitter_pixel_snapped_32.png"
            }
        ],
        "type": "message",
        "subtype": "bot_message",
        "ts": "1436458523.000015"
    },
    {
        "bot_id": "B0429JVR5",
        "attachments": [
            {
                "fallback": "<https:\/\/twitter.com\/EmberLondon|@EmberLondon>: <https:\/\/twitter.com\/_HHFF|@_HHFF> <https:\/\/twitter.com\/ballPtPenguin|@ballPtPenguin> <https:\/\/twitter.com\/emberjs|@emberjs> <https:\/\/twitter.com\/spreecommerce|@spreecommerce> either way, it\u2019ll be recorded :)",
                "author_name": "Ember London",
                "author_link": "https:\/\/twitter.com\/EmberLondon\/status\/619184453064224769",
                "author_icon": "https:\/\/pbs.twimg.com\/profile_images\/490089444473835522\/AbHfjBqC_normal.jpeg",
                "author_subname": "@EmberLondon",
                "pretext": "<https:\/\/twitter.com\/EmberLondon\/status\/619184453064224769>",
                "text": "<https:\/\/twitter.com\/_HHFF|@_HHFF> <https:\/\/twitter.com\/ballPtPenguin|@ballPtPenguin> <https:\/\/twitter.com\/emberjs|@emberjs> <https:\/\/twitter.com\/spreecommerce|@spreecommerce> either way, it\u2019ll be recorded :)",
                "service_name": "twitter",
                "service_url": "https:\/\/twitter.com\/",
                "id": 1,
                "footer": "Twitter",
                "footer_icon": "https:\/\/a.slack-edge.com\/6e067\/img\/services\/twitter_pixel_snapped_32.png"
            }
        ],
        "type": "message",
        "subtype": "bot_message",
        "ts": "1436460052.000016"
    },
    {
        "bot_id": "B0429JVR5",
        "attachments": [
            {
                "fallback": "<https:\/\/twitter.com\/EmberLondon|@EmberLondon>: .<https:\/\/twitter.com\/willrax|@willrax> is currently presenting a deep dive of ember-cli-mirage at our July meetup.",
                "author_name": "Ember London",
                "author_link": "https:\/\/twitter.com\/EmberLondon\/status\/619215349540593664",
                "author_icon": "https:\/\/pbs.twimg.com\/profile_images\/490089444473835522\/AbHfjBqC_normal.jpeg",
                "author_subname": "@EmberLondon",
                "pretext": "<https:\/\/twitter.com\/EmberLondon\/status\/619215349540593664>",
                "text": ".<https:\/\/twitter.com\/willrax|@willrax> is currently presenting a deep dive of ember-cli-mirage at our July meetup.",
                "service_name": "twitter",
                "service_url": "https:\/\/twitter.com\/",
                "id": 1,
                "footer": "Twitter",
                "footer_icon": "https:\/\/a.slack-edge.com\/6e067\/img\/services\/twitter_pixel_snapped_32.png"
            }
        ],
        "type": "message",
        "subtype": "bot_message",
        "ts": "1436467418.000017"
    },
    {
        "bot_id": "B0429JVR5",
        "attachments": [
            {
                "fallback": "<https:\/\/twitter.com\/EmberLondon|@EmberLondon>: .<https:\/\/twitter.com\/_HHFF|@_HHFF> has taken the stage to present Spree Ember\u2026",
                "author_name": "Ember London",
                "author_link": "https:\/\/twitter.com\/EmberLondon\/status\/619222383136800768",
                "author_icon": "https:\/\/pbs.twimg.com\/profile_images\/490089444473835522\/AbHfjBqC_normal.jpeg",
                "author_subname": "@EmberLondon",
                "pretext": "<https:\/\/twitter.com\/EmberLondon\/status\/619222383136800768>",
                "text": ".<https:\/\/twitter.com\/_HHFF|@_HHFF> has taken the stage to present Spree Ember\u2026",
                "service_name": "twitter",
                "service_url": "https:\/\/twitter.com\/",
                "id": 1,
                "footer": "Twitter",
                "footer_icon": "https:\/\/a.slack-edge.com\/6e067\/img\/services\/twitter_pixel_snapped_32.png"
            }
        ],
        "type": "message",
        "subtype": "bot_message",
        "ts": "1436469095.000018"
    },
    {
        "bot_id": "B0429JVR5",
        "attachments": [
            {
                "fallback": "<https:\/\/twitter.com\/EmberLondon|@EmberLondon>: <https:\/\/twitter.com\/rachaelyaeger|@rachaelyaeger> <https:\/\/twitter.com\/_HHFF|@_HHFF> nice pic!",
                "author_name": "Ember London",
                "author_link": "https:\/\/twitter.com\/EmberLondon\/status\/619381187597987840",
                "author_icon": "https:\/\/pbs.twimg.com\/profile_images\/490089444473835522\/AbHfjBqC_normal.jpeg",
                "author_subname": "@EmberLondon",
                "pretext": "<https:\/\/twitter.com\/EmberLondon\/status\/619381187597987840>",
                "text": "<https:\/\/twitter.com\/rachaelyaeger|@rachaelyaeger> <https:\/\/twitter.com\/_HHFF|@_HHFF> nice pic!",
                "service_name": "twitter",
                "service_url": "https:\/\/twitter.com\/",
                "id": 1,
                "footer": "Twitter",
                "footer_icon": "https:\/\/a.slack-edge.com\/6e067\/img\/services\/twitter_pixel_snapped_32.png"
            }
        ],
        "type": "message",
        "subtype": "bot_message",
        "ts": "1436506957.000019"
    }
]