[
    {
        "user": "U326W6T5J",
        "text": "<@U326W6T5J|michal.szewczak> has joined the channel",
        "type": "message",
        "subtype": "channel_join",
        "ts": "1479120155.000030"
    },
    {
        "user": "U3281D18V",
        "text": "<@U3281D18V|renitapinto> has joined the channel",
        "type": "message",
        "subtype": "channel_join",
        "ts": "1479124855.000031"
    },
    {
        "user": "U32E552SF",
        "text": "<@U32E552SF|tuzz> has joined the channel",
        "type": "message",
        "subtype": "channel_join",
        "ts": "1479168982.000032"
    }
]