[
    {
        "bot_id": "B0429JVR5",
        "attachments": [
            {
                "fallback": "<https:\/\/twitter.com\/EmberLondon|@EmberLondon>: No REST for the wicked: an introduction to GraphQL, a talk by <https:\/\/twitter.com\/arkh4m|@arkh4m> from our January meetup.\n\n<https:\/\/vimeo.com\/154418341>",
                "author_name": "Ember London",
                "author_link": "https:\/\/twitter.com\/EmberLondon\/status\/696028118545514496",
                "author_icon": "https:\/\/pbs.twimg.com\/profile_images\/490089444473835522\/AbHfjBqC_normal.jpeg",
                "author_subname": "@EmberLondon",
                "pretext": "<https:\/\/twitter.com\/EmberLondon\/status\/696028118545514496>",
                "text": "No REST for the wicked: an introduction to GraphQL, a talk by <https:\/\/twitter.com\/arkh4m|@arkh4m> from our January meetup.\n\n<https:\/\/vimeo.com\/154418341>",
                "service_name": "twitter",
                "service_url": "https:\/\/twitter.com\/",
                "id": 1,
                "footer": "Twitter",
                "footer_icon": "https:\/\/a.slack-edge.com\/6e067\/img\/services\/twitter_pixel_snapped_32.png"
            }
        ],
        "type": "message",
        "subtype": "bot_message",
        "ts": "1454781010.000015"
    },
    {
        "bot_id": "B0429JVR5",
        "attachments": [
            {
                "fallback": "<https:\/\/twitter.com\/EmberLondon|@EmberLondon>: Ember Power Select, a talk by <https:\/\/twitter.com\/MiguelCamba|@MiguelCamba> from our January meetup.\n\n<https:\/\/vimeo.com\/154419491>",
                "author_name": "Ember London",
                "author_link": "https:\/\/twitter.com\/EmberLondon\/status\/696028198841221124",
                "author_icon": "https:\/\/pbs.twimg.com\/profile_images\/490089444473835522\/AbHfjBqC_normal.jpeg",
                "author_subname": "@EmberLondon",
                "pretext": "<https:\/\/twitter.com\/EmberLondon\/status\/696028198841221124>",
                "text": "Ember Power Select, a talk by <https:\/\/twitter.com\/MiguelCamba|@MiguelCamba> from our January meetup.\n\n<https:\/\/vimeo.com\/154419491>",
                "service_name": "twitter",
                "service_url": "https:\/\/twitter.com\/",
                "id": 1,
                "footer": "Twitter",
                "footer_icon": "https:\/\/a.slack-edge.com\/6e067\/img\/services\/twitter_pixel_snapped_32.png"
            }
        ],
        "type": "message",
        "subtype": "bot_message",
        "ts": "1454781028.000016"
    }
]