[
    {
        "type": "message",
        "user": "U03V8V08M",
        "text": "<@U0SCR16MU>: look forward to seeing you on the 24th. Be interested to hear more about the project :simple_smile:",
        "ts": "1457948592.000010"
    },
    {
        "bot_id": "B0429JVR5",
        "attachments": [
            {
                "fallback": "<https:\/\/twitter.com\/EmberLondon|@EmberLondon>: Reminder: alongside our scheduled talks at Thursday\u2019s meetup we have time dedicated to informal show &amp; tell.\n\n<http:\/\/www.meetup.com\/London-Emberjs-User-Group\/events\/227825632\/>",
                "author_name": "Ember London",
                "author_link": "https:\/\/twitter.com\/EmberLondon\/status\/709371054645518336",
                "author_icon": "https:\/\/pbs.twimg.com\/profile_images\/490089444473835522\/AbHfjBqC_normal.jpeg",
                "author_subname": "@EmberLondon",
                "pretext": "<https:\/\/twitter.com\/EmberLondon\/status\/709371054645518336>",
                "text": "Reminder: alongside our scheduled talks at Thursday\u2019s meetup we have time dedicated to informal show &amp; tell.\n\n<http:\/\/www.meetup.com\/London-Emberjs-User-Group\/events\/227825632\/>",
                "service_name": "twitter",
                "service_url": "https:\/\/twitter.com\/",
                "id": 1,
                "footer": "Twitter",
                "footer_icon": "https:\/\/a.slack-edge.com\/6e067\/img\/services\/twitter_pixel_snapped_32.png"
            }
        ],
        "type": "message",
        "subtype": "bot_message",
        "ts": "1457962213.000011"
    },
    {
        "bot_id": "B0429JVR5",
        "attachments": [
            {
                "fallback": "<https:\/\/twitter.com\/EmberLondon|@EmberLondon>: Our March project night takes place next Thursday and is hosted by the very fine folks <https:\/\/twitter.com\/wearetrouva|@wearetrouva>.\n\n<http:\/\/www.meetup.com\/London-Emberjs-User-Group\/events\/228104885\/>",
                "author_name": "Ember London",
                "author_link": "https:\/\/twitter.com\/EmberLondon\/status\/709371489934548992",
                "author_icon": "https:\/\/pbs.twimg.com\/profile_images\/490089444473835522\/AbHfjBqC_normal.jpeg",
                "author_subname": "@EmberLondon",
                "pretext": "<https:\/\/twitter.com\/EmberLondon\/status\/709371489934548992>",
                "text": "Our March project night takes place next Thursday and is hosted by the very fine folks <https:\/\/twitter.com\/wearetrouva|@wearetrouva>.\n\n<http:\/\/www.meetup.com\/London-Emberjs-User-Group\/events\/228104885\/>",
                "service_name": "twitter",
                "service_url": "https:\/\/twitter.com\/",
                "id": 1,
                "footer": "Twitter",
                "footer_icon": "https:\/\/a.slack-edge.com\/6e067\/img\/services\/twitter_pixel_snapped_32.png"
            }
        ],
        "type": "message",
        "subtype": "bot_message",
        "ts": "1457962317.000012"
    }
]