[
    {
        "bot_id": "B0429JVR5",
        "attachments": [
            {
                "fallback": "<https:\/\/twitter.com\/EmberLondon|@EmberLondon>: Tonight\u2019s project night is all about accessibility in honour of Global Accessibility Awareness Day.\n\n<http:\/\/www.meetup.com\/London-Emberjs-User-Group\/events\/228104898\/>\n\n#gaad",
                "ts": 1463643074,
                "author_name": "Ember London",
                "author_link": "https:\/\/twitter.com\/EmberLondon\/status\/733198313139408900",
                "author_icon": "https:\/\/pbs.twimg.com\/profile_images\/490089444473835522\/AbHfjBqC_normal.jpeg",
                "author_subname": "@EmberLondon",
                "pretext": "<https:\/\/twitter.com\/EmberLondon\/status\/733198313139408900>",
                "text": "Tonight\u2019s project night is all about accessibility in honour of Global Accessibility Awareness Day.\n\n<http:\/\/www.meetup.com\/London-Emberjs-User-Group\/events\/228104898\/>\n\n#gaad",
                "service_name": "twitter",
                "service_url": "https:\/\/twitter.com\/",
                "id": 1,
                "footer": "Twitter",
                "footer_icon": "https:\/\/a.slack-edge.com\/6e067\/img\/services\/twitter_pixel_snapped_32.png"
            }
        ],
        "type": "message",
        "subtype": "bot_message",
        "ts": "1463643075.000031"
    },
    {
        "bot_id": "B0429JVR5",
        "attachments": [
            {
                "fallback": "<https:\/\/twitter.com\/EmberLondon|@EmberLondon>: Many thanks to the lovely folks <https:\/\/twitter.com\/thoughtbot|@thoughtbot> for hosting us &lt;3",
                "ts": 1463643128,
                "author_name": "Ember London",
                "author_link": "https:\/\/twitter.com\/EmberLondon\/status\/733198537501069312",
                "author_icon": "https:\/\/pbs.twimg.com\/profile_images\/490089444473835522\/AbHfjBqC_normal.jpeg",
                "author_subname": "@EmberLondon",
                "pretext": "<https:\/\/twitter.com\/EmberLondon\/status\/733198537501069312>",
                "text": "Many thanks to the lovely folks <https:\/\/twitter.com\/thoughtbot|@thoughtbot> for hosting us &lt;3",
                "service_name": "twitter",
                "service_url": "https:\/\/twitter.com\/",
                "id": 1,
                "footer": "Twitter",
                "footer_icon": "https:\/\/a.slack-edge.com\/6e067\/img\/services\/twitter_pixel_snapped_32.png"
            }
        ],
        "type": "message",
        "subtype": "bot_message",
        "ts": "1463643128.000032"
    }
]