[
    {
        "bot_id": "B0429JVR5",
        "attachments": [
            {
                "fallback": "<https:\/\/twitter.com\/EmberLondon|@EmberLondon>: Hacking Your Head: Managing Information Overload, a talk by <https:\/\/twitter.com\/jdpearce|@jdpearce> from our April meetup.\n\n<https:\/\/vimeo.com\/163954484>",
                "ts": 1461489123,
                "author_name": "Ember London",
                "author_link": "https:\/\/twitter.com\/EmberLondon\/status\/724163988876091392",
                "author_icon": "https:\/\/pbs.twimg.com\/profile_images\/490089444473835522\/AbHfjBqC_normal.jpeg",
                "author_subname": "@EmberLondon",
                "pretext": "<https:\/\/twitter.com\/EmberLondon\/status\/724163988876091392>",
                "text": "Hacking Your Head: Managing Information Overload, a talk by <https:\/\/twitter.com\/jdpearce|@jdpearce> from our April meetup.\n\n<https:\/\/vimeo.com\/163954484>",
                "service_name": "twitter",
                "service_url": "https:\/\/twitter.com\/",
                "id": 1,
                "footer": "Twitter",
                "footer_icon": "https:\/\/a.slack-edge.com\/6e067\/img\/services\/twitter_pixel_snapped_32.png"
            }
        ],
        "type": "message",
        "subtype": "bot_message",
        "ts": "1461489124.000012"
    }
]