[
    {
        "bot_id": "B0429JVR5",
        "attachments": [
            {
                "fallback": "<https:\/\/twitter.com\/EmberLondon|@EmberLondon>: One week to go until our awesome April meetup featuring <https:\/\/twitter.com\/LeonieWatson|@LeonieWatson>, <https:\/\/twitter.com\/robknight_|@robknight_>, and <https:\/\/twitter.com\/jdpearce|@jdpearce>. See you there!\n<http:\/\/www.meetup.com\/London-Emberjs-User-Group\/events\/227825635\/>",
                "ts": 1460642306,
                "author_name": "Ember London",
                "author_link": "https:\/\/twitter.com\/EmberLondon\/status\/720612179523805184",
                "author_icon": "https:\/\/pbs.twimg.com\/profile_images\/490089444473835522\/AbHfjBqC_normal.jpeg",
                "author_subname": "@EmberLondon",
                "pretext": "<https:\/\/twitter.com\/EmberLondon\/status\/720612179523805184>",
                "text": "One week to go until our awesome April meetup featuring <https:\/\/twitter.com\/LeonieWatson|@LeonieWatson>, <https:\/\/twitter.com\/robknight_|@robknight_>, and <https:\/\/twitter.com\/jdpearce|@jdpearce>. See you there!\n<http:\/\/www.meetup.com\/London-Emberjs-User-Group\/events\/227825635\/>",
                "service_name": "twitter",
                "service_url": "https:\/\/twitter.com\/",
                "id": 1,
                "footer": "Twitter",
                "footer_icon": "https:\/\/a.slack-edge.com\/6e067\/img\/services\/twitter_pixel_snapped_32.png"
            }
        ],
        "type": "message",
        "subtype": "bot_message",
        "ts": "1460642306.000041"
    }
]