[
    {
        "user": "U1BUM5U78",
        "type": "message",
        "subtype": "channel_join",
        "text": "<@U1BUM5U78|acollins> has joined the channel",
        "ts": "1464261806.000037"
    },
    {
        "bot_id": "B0429JVR5",
        "attachments": [
            {
                "fallback": "<https:\/\/twitter.com\/EmberLondon|@EmberLondon>: At June\u2019s meetup we\u2019re talking Hiring, Agile and Accessible Design with <https:\/\/twitter.com\/mseckington|@mseckington>, <https:\/\/twitter.com\/RuslanZavacky|@RuslanZavacky> and <https:\/\/twitter.com\/mrmrs_|@mrmrs_> :D\n\n<http:\/\/meetu.ps\/2X0BRf>",
                "ts": 1464266154,
                "author_name": "Ember London",
                "author_link": "https:\/\/twitter.com\/EmberLondon\/status\/735811697286516736",
                "author_icon": "https:\/\/pbs.twimg.com\/profile_images\/490089444473835522\/AbHfjBqC_normal.jpeg",
                "author_subname": "@EmberLondon",
                "pretext": "<https:\/\/twitter.com\/EmberLondon\/status\/735811697286516736>",
                "text": "At June\u2019s meetup we\u2019re talking Hiring, Agile and Accessible Design with <https:\/\/twitter.com\/mseckington|@mseckington>, <https:\/\/twitter.com\/RuslanZavacky|@RuslanZavacky> and <https:\/\/twitter.com\/mrmrs_|@mrmrs_> :D\n\n<http:\/\/meetu.ps\/2X0BRf>",
                "service_name": "twitter",
                "service_url": "https:\/\/twitter.com\/",
                "from_url": "https:\/\/twitter.com\/EmberLondon\/status\/735811697286516736",
                "id": 1,
                "footer": "Twitter",
                "footer_icon": "https:\/\/a.slack-edge.com\/6e067\/img\/services\/twitter_pixel_snapped_32.png"
            }
        ],
        "type": "message",
        "subtype": "bot_message",
        "ts": "1464266154.000038"
    }
]