[
    {
        "bot_id": "B0429JVR5",
        "attachments": [
            {
                "fallback": "<https:\/\/twitter.com\/EmberLondon|@EmberLondon>: <https:\/\/twitter.com\/willrax|@willrax> your inner QA tester working hard while you\u2019re asleep\u2026",
                "ts": 1467881799,
                "author_name": "Ember London",
                "author_link": "https:\/\/twitter.com\/EmberLondon\/status\/750976812927348736",
                "author_icon": "https:\/\/pbs.twimg.com\/profile_images\/490089444473835522\/AbHfjBqC_normal.jpeg",
                "author_subname": "@EmberLondon",
                "pretext": "<https:\/\/twitter.com\/EmberLondon\/status\/750976812927348736>",
                "text": "<https:\/\/twitter.com\/willrax|@willrax> your inner QA tester working hard while you\u2019re asleep\u2026",
                "service_name": "twitter",
                "service_url": "https:\/\/twitter.com\/",
                "from_url": "https:\/\/twitter.com\/EmberLondon\/status\/750976812927348736",
                "id": 1,
                "footer": "Twitter",
                "footer_icon": "https:\/\/a.slack-edge.com\/6e067\/img\/services\/twitter_pixel_snapped_32.png"
            }
        ],
        "text": null,
        "type": "message",
        "subtype": "bot_message",
        "ts": "1467881799.000013"
    }
]