[
    {
        "bot_id": "B0429JVR5",
        "attachments": [
            {
                "fallback": "<https:\/\/twitter.com\/EmberLondon|@EmberLondon>: We have one slot open for this month\u2019s meetup. Email <mailto:speak@emberlondon.com|speak@emberlondon.com> if you\u2019re interested :D\n\n<http:\/\/www.meetup.com\/London-Emberjs-User-Group\/events\/227825632\/>",
                "author_name": "Ember London",
                "author_link": "https:\/\/twitter.com\/EmberLondon\/status\/705784261568237568",
                "author_icon": "https:\/\/pbs.twimg.com\/profile_images\/490089444473835522\/AbHfjBqC_normal.jpeg",
                "author_subname": "@EmberLondon",
                "pretext": "<https:\/\/twitter.com\/EmberLondon\/status\/705784261568237568>",
                "text": "We have one slot open for this month\u2019s meetup. Email <mailto:speak@emberlondon.com|speak@emberlondon.com> if you\u2019re interested :D\n\n<http:\/\/www.meetup.com\/London-Emberjs-User-Group\/events\/227825632\/>",
                "service_name": "twitter",
                "service_url": "https:\/\/twitter.com\/",
                "id": 1,
                "footer": "Twitter",
                "footer_icon": "https:\/\/a.slack-edge.com\/6e067\/img\/services\/twitter_pixel_snapped_32.png"
            }
        ],
        "type": "message",
        "subtype": "bot_message",
        "ts": "1457107055.000018"
    },
    {
        "bot_id": "B0429JVR5",
        "attachments": [
            {
                "fallback": "<https:\/\/twitter.com\/EmberLondon|@EmberLondon>: And remember: 5 minute talks are more than welcome.",
                "author_name": "Ember London",
                "author_link": "https:\/\/twitter.com\/EmberLondon\/status\/705784336256266244",
                "author_icon": "https:\/\/pbs.twimg.com\/profile_images\/490089444473835522\/AbHfjBqC_normal.jpeg",
                "author_subname": "@EmberLondon",
                "pretext": "<https:\/\/twitter.com\/EmberLondon\/status\/705784336256266244>",
                "text": "And remember: 5 minute talks are more than welcome.",
                "service_name": "twitter",
                "service_url": "https:\/\/twitter.com\/",
                "id": 1,
                "footer": "Twitter",
                "footer_icon": "https:\/\/a.slack-edge.com\/6e067\/img\/services\/twitter_pixel_snapped_32.png"
            }
        ],
        "type": "message",
        "subtype": "bot_message",
        "ts": "1457107073.000019"
    },
    {
        "bot_id": "B0429JVR5",
        "attachments": [
            {
                "fallback": "<https:\/\/twitter.com\/EmberLondon|@EmberLondon>: We\u2019ll also be making space for show-and-tell. It worked great in February and we\u2019re psyched to try it again.",
                "author_name": "Ember London",
                "author_link": "https:\/\/twitter.com\/EmberLondon\/status\/705784460571222021",
                "author_icon": "https:\/\/pbs.twimg.com\/profile_images\/490089444473835522\/AbHfjBqC_normal.jpeg",
                "author_subname": "@EmberLondon",
                "pretext": "<https:\/\/twitter.com\/EmberLondon\/status\/705784460571222021>",
                "text": "We\u2019ll also be making space for show-and-tell. It worked great in February and we\u2019re psyched to try it again.",
                "service_name": "twitter",
                "service_url": "https:\/\/twitter.com\/",
                "id": 1,
                "footer": "Twitter",
                "footer_icon": "https:\/\/a.slack-edge.com\/6e067\/img\/services\/twitter_pixel_snapped_32.png"
            }
        ],
        "type": "message",
        "subtype": "bot_message",
        "ts": "1457107103.000020"
    }
]