[
    {
        "bot_id": "B0429JVR5",
        "attachments": [
            {
                "fallback": "<https:\/\/twitter.com\/EmberLondon|@EmberLondon>: Many thanks to the wonderful <https:\/\/twitter.com\/jadeapplegate|@jadeapplegate> for speaking at last night\u2019s project night! :D",
                "ts": 1461915526,
                "author_name": "Ember London",
                "author_link": "https:\/\/twitter.com\/EmberLondon\/status\/725952451367464960",
                "author_icon": "https:\/\/pbs.twimg.com\/profile_images\/490089444473835522\/AbHfjBqC_normal.jpeg",
                "author_subname": "@EmberLondon",
                "pretext": "<https:\/\/twitter.com\/EmberLondon\/status\/725952451367464960>",
                "text": "Many thanks to the wonderful <https:\/\/twitter.com\/jadeapplegate|@jadeapplegate> for speaking at last night\u2019s project night! :D",
                "service_name": "twitter",
                "service_url": "https:\/\/twitter.com\/",
                "id": 1,
                "footer": "Twitter",
                "footer_icon": "https:\/\/a.slack-edge.com\/6e067\/img\/services\/twitter_pixel_snapped_32.png"
            }
        ],
        "type": "message",
        "subtype": "bot_message",
        "ts": "1461915527.000019"
    },
    {
        "bot_id": "B0429JVR5",
        "attachments": [
            {
                "fallback": "<https:\/\/twitter.com\/EmberLondon|@EmberLondon>: And many thanks to the mighty <https:\/\/twitter.com\/Zapnito|@Zapnito> for hosting the best-attended project night we\u2019ve ever run :D",
                "ts": 1461915581,
                "author_name": "Ember London",
                "author_link": "https:\/\/twitter.com\/EmberLondon\/status\/725952680690999296",
                "author_icon": "https:\/\/pbs.twimg.com\/profile_images\/490089444473835522\/AbHfjBqC_normal.jpeg",
                "author_subname": "@EmberLondon",
                "pretext": "<https:\/\/twitter.com\/EmberLondon\/status\/725952680690999296>",
                "text": "And many thanks to the mighty <https:\/\/twitter.com\/Zapnito|@Zapnito> for hosting the best-attended project night we\u2019ve ever run :D",
                "service_name": "twitter",
                "service_url": "https:\/\/twitter.com\/",
                "id": 1,
                "footer": "Twitter",
                "footer_icon": "https:\/\/a.slack-edge.com\/6e067\/img\/services\/twitter_pixel_snapped_32.png"
            }
        ],
        "type": "message",
        "subtype": "bot_message",
        "ts": "1461915581.000020"
    }
]