[
    {
        "bot_id": "B0429JVR5",
        "attachments": [
            {
                "fallback": "<https:\/\/twitter.com\/EmberLondon|@EmberLondon>: We have an extra special treat for everyone attending tomorrow\u2019s meetup :D\n\n<http:\/\/meetu.ps\/e\/B8h2h\/722q2\/a> <https:\/\/pbs.twimg.com\/media\/CiM0Dr7XEAItezG.jpg>",
                "ts": 1462996124,
                "author_name": "Ember London",
                "author_link": "https:\/\/twitter.com\/EmberLondon\/status\/730484806669246468",
                "author_icon": "https:\/\/pbs.twimg.com\/profile_images\/490089444473835522\/AbHfjBqC_normal.jpeg",
                "author_subname": "@EmberLondon",
                "pretext": "<https:\/\/twitter.com\/EmberLondon\/status\/730484806669246468>",
                "text": "We have an extra special treat for everyone attending tomorrow\u2019s meetup :D\n\n<http:\/\/meetu.ps\/e\/B8h2h\/722q2\/a> <https:\/\/pbs.twimg.com\/media\/CiM0Dr7XEAItezG.jpg>",
                "service_name": "twitter",
                "service_url": "https:\/\/twitter.com\/",
                "image_url": "https:\/\/pbs.twimg.com\/media\/CiM0Dr7XEAItezG.jpg",
                "image_width": 600,
                "image_height": 600,
                "image_bytes": 67722,
                "id": 1,
                "footer": "Twitter",
                "footer_icon": "https:\/\/a.slack-edge.com\/6e067\/img\/services\/twitter_pixel_snapped_32.png"
            }
        ],
        "type": "message",
        "subtype": "bot_message",
        "ts": "1462996125.000026"
    },
    {
        "bot_id": "B0429JVR5",
        "attachments": [
            {
                "fallback": "<https:\/\/twitter.com\/EmberLondon|@EmberLondon>: <https:\/\/twitter.com\/jdpearce|@jdpearce> we\u2019ll one aside for you :)",
                "ts": 1462996351,
                "author_name": "Ember London",
                "author_link": "https:\/\/twitter.com\/EmberLondon\/status\/730485759501799426",
                "author_icon": "https:\/\/pbs.twimg.com\/profile_images\/490089444473835522\/AbHfjBqC_normal.jpeg",
                "author_subname": "@EmberLondon",
                "pretext": "<https:\/\/twitter.com\/EmberLondon\/status\/730485759501799426>",
                "text": "<https:\/\/twitter.com\/jdpearce|@jdpearce> we\u2019ll one aside for you :)",
                "service_name": "twitter",
                "service_url": "https:\/\/twitter.com\/",
                "id": 1,
                "footer": "Twitter",
                "footer_icon": "https:\/\/a.slack-edge.com\/6e067\/img\/services\/twitter_pixel_snapped_32.png"
            }
        ],
        "type": "message",
        "subtype": "bot_message",
        "ts": "1462996351.000027"
    },
    {
        "bot_id": "B0429JVR5",
        "attachments": [
            {
                "fallback": "<https:\/\/twitter.com\/EmberLondon|@EmberLondon>: <https:\/\/twitter.com\/jdpearce|@jdpearce> keep* one aside (d\u2019oh)",
                "ts": 1462996402,
                "author_name": "Ember London",
                "author_link": "https:\/\/twitter.com\/EmberLondon\/status\/730485973650378752",
                "author_icon": "https:\/\/pbs.twimg.com\/profile_images\/490089444473835522\/AbHfjBqC_normal.jpeg",
                "author_subname": "@EmberLondon",
                "pretext": "<https:\/\/twitter.com\/EmberLondon\/status\/730485973650378752>",
                "text": "<https:\/\/twitter.com\/jdpearce|@jdpearce> keep* one aside (d\u2019oh)",
                "service_name": "twitter",
                "service_url": "https:\/\/twitter.com\/",
                "id": 1,
                "footer": "Twitter",
                "footer_icon": "https:\/\/a.slack-edge.com\/6e067\/img\/services\/twitter_pixel_snapped_32.png"
            }
        ],
        "type": "message",
        "subtype": "bot_message",
        "ts": "1462996402.000028"
    }
]