[
    {
        "bot_id": "B0429JVR5",
        "attachments": [
            {
                "fallback": "<https:\/\/twitter.com\/EmberLondon|@EmberLondon>: Reminder: <https:\/\/twitter.com\/MarioGintili|@MarioGintili> has your back\n\n<https:\/\/github.com\/mariogintili\/backend>\n<https:\/\/github.com\/mariogintili\/ember-oauth-client>",
                "ts": 1461248000,
                "author_name": "Ember London",
                "author_link": "https:\/\/twitter.com\/EmberLondon\/status\/723152644542328833",
                "author_icon": "https:\/\/pbs.twimg.com\/profile_images\/490089444473835522\/AbHfjBqC_normal.jpeg",
                "author_subname": "@EmberLondon",
                "pretext": "<https:\/\/twitter.com\/EmberLondon\/status\/723152644542328833>",
                "text": "Reminder: <https:\/\/twitter.com\/MarioGintili|@MarioGintili> has your back\n\n<https:\/\/github.com\/mariogintili\/backend>\n<https:\/\/github.com\/mariogintili\/ember-oauth-client>",
                "service_name": "twitter",
                "service_url": "https:\/\/twitter.com\/",
                "id": 1,
                "footer": "Twitter",
                "footer_icon": "https:\/\/a.slack-edge.com\/6e067\/img\/services\/twitter_pixel_snapped_32.png"
            }
        ],
        "type": "message",
        "subtype": "bot_message",
        "ts": "1461248001.000006"
    },
    {
        "bot_id": "B0429JVR5",
        "attachments": [
            {
                "fallback": "<https:\/\/twitter.com\/EmberLondon|@EmberLondon>: <https:\/\/twitter.com\/dylanbarrell|@dylanbarrell> <https:\/\/twitter.com\/LeonieWatson|@LeonieWatson> we love that addon",
                "ts": 1461253863,
                "author_name": "Ember London",
                "author_link": "https:\/\/twitter.com\/EmberLondon\/status\/723177233716809728",
                "author_icon": "https:\/\/pbs.twimg.com\/profile_images\/490089444473835522\/AbHfjBqC_normal.jpeg",
                "author_subname": "@EmberLondon",
                "pretext": "<https:\/\/twitter.com\/EmberLondon\/status\/723177233716809728>",
                "text": "<https:\/\/twitter.com\/dylanbarrell|@dylanbarrell> <https:\/\/twitter.com\/LeonieWatson|@LeonieWatson> we love that addon",
                "service_name": "twitter",
                "service_url": "https:\/\/twitter.com\/",
                "id": 1,
                "footer": "Twitter",
                "footer_icon": "https:\/\/a.slack-edge.com\/6e067\/img\/services\/twitter_pixel_snapped_32.png"
            }
        ],
        "type": "message",
        "subtype": "bot_message",
        "ts": "1461253863.000007"
    },
    {
        "bot_id": "B0429JVR5",
        "attachments": [
            {
                "fallback": "<https:\/\/twitter.com\/EmberLondon|@EmberLondon>: Huge thanks to our 3 incredible speakers <https:\/\/twitter.com\/LeonieWatson|@LeonieWatson>, <https:\/\/twitter.com\/robknight_|@robknight_> and <https:\/\/twitter.com\/jdpearce|@jdpearce> &lt;3 &lt;3 &lt;3",
                "ts": 1461274757,
                "author_name": "Ember London",
                "author_link": "https:\/\/twitter.com\/EmberLondon\/status\/723264870376964096",
                "author_icon": "https:\/\/pbs.twimg.com\/profile_images\/490089444473835522\/AbHfjBqC_normal.jpeg",
                "author_subname": "@EmberLondon",
                "pretext": "<https:\/\/twitter.com\/EmberLondon\/status\/723264870376964096>",
                "text": "Huge thanks to our 3 incredible speakers <https:\/\/twitter.com\/LeonieWatson|@LeonieWatson>, <https:\/\/twitter.com\/robknight_|@robknight_> and <https:\/\/twitter.com\/jdpearce|@jdpearce> &lt;3 &lt;3 &lt;3",
                "service_name": "twitter",
                "service_url": "https:\/\/twitter.com\/",
                "id": 1,
                "footer": "Twitter",
                "footer_icon": "https:\/\/a.slack-edge.com\/6e067\/img\/services\/twitter_pixel_snapped_32.png"
            }
        ],
        "type": "message",
        "subtype": "bot_message",
        "ts": "1461274757.000008"
    }
]