[
    {
        "bot_id": "B0429JVR5",
        "attachments": [
            {
                "fallback": "<https:\/\/twitter.com\/EmberLondon|@EmberLondon>: May\u2019s meetup is next week. Talks from <https:\/\/twitter.com\/Showmyhomework|@Showmyhomework>, <https:\/\/twitter.com\/danieljohngrant|@danieljohngrant> &amp; <https:\/\/twitter.com\/pablobm|@pablobm> on Ember, Redux, and CRUD apps.\n\n<http:\/\/meetu.ps\/e\/B8h2h\/722q2\/a>",
                "ts": 1462343137,
                "author_name": "Ember London",
                "author_link": "https:\/\/twitter.com\/EmberLondon\/status\/727745980611887104",
                "author_icon": "https:\/\/pbs.twimg.com\/profile_images\/490089444473835522\/AbHfjBqC_normal.jpeg",
                "author_subname": "@EmberLondon",
                "pretext": "<https:\/\/twitter.com\/EmberLondon\/status\/727745980611887104>",
                "text": "May\u2019s meetup is next week. Talks from <https:\/\/twitter.com\/Showmyhomework|@Showmyhomework>, <https:\/\/twitter.com\/danieljohngrant|@danieljohngrant> &amp; <https:\/\/twitter.com\/pablobm|@pablobm> on Ember, Redux, and CRUD apps.\n\n<http:\/\/meetu.ps\/e\/B8h2h\/722q2\/a>",
                "service_name": "twitter",
                "service_url": "https:\/\/twitter.com\/",
                "id": 1,
                "footer": "Twitter",
                "footer_icon": "https:\/\/a.slack-edge.com\/6e067\/img\/services\/twitter_pixel_snapped_32.png"
            }
        ],
        "type": "message",
        "subtype": "bot_message",
        "ts": "1462343137.000021"
    }
]