[
    {
        "bot_id": "B0429JVR5",
        "attachments": [
            {
                "fallback": "<https:\/\/twitter.com\/EmberLondon|@EmberLondon>: Can\u2019t wait to see everyone tomorrow evening. This month\u2019s talks are perfect for beginners are experts alike.\n\n<https:\/\/www.meetup.com\/London-Emberjs-User-Group\/events\/231614813\/>",
                "ts": 1470834539,
                "author_name": "Ember London",
                "author_link": "https:\/\/twitter.com\/EmberLondon\/status\/763361501981933568",
                "author_icon": "https:\/\/pbs.twimg.com\/profile_images\/490089444473835522\/AbHfjBqC_normal.jpeg",
                "author_subname": "@EmberLondon",
                "pretext": "<https:\/\/twitter.com\/EmberLondon\/status\/763361501981933568>",
                "text": "Can\u2019t wait to see everyone tomorrow evening. This month\u2019s talks are perfect for beginners are experts alike.\n\n<https:\/\/www.meetup.com\/London-Emberjs-User-Group\/events\/231614813\/>",
                "service_name": "twitter",
                "service_url": "https:\/\/twitter.com\/",
                "from_url": "https:\/\/twitter.com\/EmberLondon\/status\/763361501981933568",
                "id": 1,
                "footer": "Twitter",
                "footer_icon": "https:\/\/a.slack-edge.com\/6e067\/img\/services\/twitter_pixel_snapped_32.png"
            }
        ],
        "text": null,
        "type": "message",
        "subtype": "bot_message",
        "ts": "1470834600.000020"
    },
    {
        "bot_id": "B0429JVR5",
        "attachments": [
            {
                "fallback": "<https:\/\/twitter.com\/EmberLondon|@EmberLondon>: Can\u2019t wait to see everyone tomorrow evening. This month\u2019s talks are perfect for beginners and experts alike.\n\n<https:\/\/www.meetup.com\/London-Emberjs-User-Group\/events\/231614813\/>",
                "ts": 1470834888,
                "author_name": "Ember London",
                "author_link": "https:\/\/twitter.com\/EmberLondon\/status\/763362966465118208",
                "author_icon": "https:\/\/pbs.twimg.com\/profile_images\/490089444473835522\/AbHfjBqC_normal.jpeg",
                "author_subname": "@EmberLondon",
                "pretext": "<https:\/\/twitter.com\/EmberLondon\/status\/763362966465118208>",
                "text": "Can\u2019t wait to see everyone tomorrow evening. This month\u2019s talks are perfect for beginners and experts alike.\n\n<https:\/\/www.meetup.com\/London-Emberjs-User-Group\/events\/231614813\/>",
                "service_name": "twitter",
                "service_url": "https:\/\/twitter.com\/",
                "from_url": "https:\/\/twitter.com\/EmberLondon\/status\/763362966465118208",
                "id": 1,
                "footer": "Twitter",
                "footer_icon": "https:\/\/a.slack-edge.com\/6e067\/img\/services\/twitter_pixel_snapped_32.png"
            }
        ],
        "text": null,
        "type": "message",
        "subtype": "bot_message",
        "ts": "1470834936.000021"
    }
]