[
    {
        "bot_id": "B0429JVR5",
        "attachments": [
            {
                "fallback": "<https:\/\/twitter.com\/EmberLondon|@EmberLondon>: This week\u2019s project night is hosted by the excellent people <https:\/\/twitter.com\/wearetrouva|@wearetrouva> \n\n<http:\/\/www.meetup.com\/London-Emberjs-User-Group\/events\/228104885\/>",
                "author_name": "Ember London",
                "author_link": "https:\/\/twitter.com\/EmberLondon\/status\/711864558256791552",
                "author_icon": "https:\/\/pbs.twimg.com\/profile_images\/490089444473835522\/AbHfjBqC_normal.jpeg",
                "author_subname": "@EmberLondon",
                "pretext": "<https:\/\/twitter.com\/EmberLondon\/status\/711864558256791552>",
                "text": "This week\u2019s project night is hosted by the excellent people <https:\/\/twitter.com\/wearetrouva|@wearetrouva> \n\n<http:\/\/www.meetup.com\/London-Emberjs-User-Group\/events\/228104885\/>",
                "service_name": "twitter",
                "service_url": "https:\/\/twitter.com\/",
                "id": 1,
                "footer": "Twitter",
                "footer_icon": "https:\/\/a.slack-edge.com\/6e067\/img\/services\/twitter_pixel_snapped_32.png"
            }
        ],
        "type": "message",
        "subtype": "bot_message",
        "ts": "1458556711.000026"
    },
    {
        "bot_id": "B0429JVR5",
        "attachments": [
            {
                "fallback": "<https:\/\/twitter.com\/EmberLondon|@EmberLondon>: If anyone\u2019s looking for an open source challenge for the evening that\u2019ll have a big impact:\n\n<https:\/\/github.com\/emberjs\/ember.js\/issues\/13127>",
                "author_name": "Ember London",
                "author_link": "https:\/\/twitter.com\/EmberLondon\/status\/711864766554316800",
                "author_icon": "https:\/\/pbs.twimg.com\/profile_images\/490089444473835522\/AbHfjBqC_normal.jpeg",
                "author_subname": "@EmberLondon",
                "pretext": "<https:\/\/twitter.com\/EmberLondon\/status\/711864766554316800>",
                "text": "If anyone\u2019s looking for an open source challenge for the evening that\u2019ll have a big impact:\n\n<https:\/\/github.com\/emberjs\/ember.js\/issues\/13127>",
                "service_name": "twitter",
                "service_url": "https:\/\/twitter.com\/",
                "id": 1,
                "footer": "Twitter",
                "footer_icon": "https:\/\/a.slack-edge.com\/6e067\/img\/services\/twitter_pixel_snapped_32.png"
            }
        ],
        "type": "message",
        "subtype": "bot_message",
        "ts": "1458556761.000027"
    }
]