[
    {
        "bot_id": "B0429JVR5",
        "attachments": [
            {
                "fallback": "<https:\/\/twitter.com\/EmberLondon|@EmberLondon>: We have some incredible <https:\/\/twitter.com\/codeschool|@codeschool> swag to give away at the meetup on Thursday. Thanks folks!\n\n<http:\/\/www.meetup.com\/London-Emberjs-User-Group\/events\/227825625\/>",
                "author_name": "Ember London",
                "author_link": "https:\/\/twitter.com\/EmberLondon\/status\/697069429230870528",
                "author_icon": "https:\/\/pbs.twimg.com\/profile_images\/490089444473835522\/AbHfjBqC_normal.jpeg",
                "author_subname": "@EmberLondon",
                "pretext": "<https:\/\/twitter.com\/EmberLondon\/status\/697069429230870528>",
                "text": "We have some incredible <https:\/\/twitter.com\/codeschool|@codeschool> swag to give away at the meetup on Thursday. Thanks folks!\n\n<http:\/\/www.meetup.com\/London-Emberjs-User-Group\/events\/227825625\/>",
                "service_name": "twitter",
                "service_url": "https:\/\/twitter.com\/",
                "id": 1,
                "footer": "Twitter",
                "footer_icon": "https:\/\/a.slack-edge.com\/6e067\/img\/services\/twitter_pixel_snapped_32.png"
            }
        ],
        "type": "message",
        "subtype": "bot_message",
        "ts": "1455029277.000020"
    },
    {
        "type": "message",
        "user": "U043AB2QT",
        "text": "Ember London: Saving money on haircuts since 2014 -&gt; <https:\/\/twitter.com\/EmberLondon>",
        "attachments": [
            {
                "text": "The latest Tweets from Ember London (@EmberLondon). Ember London is a community for anyone interested in Ember.js and building ambitious applications in the browser. London, England",
                "fallback": "The latest Tweets from Ember London (@EmberLondon). Ember London is a community for anyone interested in Ember.js and building ambitious applications in the browser. London, England",
                "from_url": "https:\/\/twitter.com\/EmberLondon",
                "id": 1
            }
        ],
        "ts": "1455029777.000021"
    },
    {
        "bot_id": "B0429JVR5",
        "attachments": [
            {
                "fallback": "<https:\/\/twitter.com\/EmberLondon|@EmberLondon>: <https:\/\/twitter.com\/gaurav9576|@gaurav9576> <https:\/\/twitter.com\/codeschool|@codeschool> recently launched an awesome new set created by <https:\/\/twitter.com\/MarioGintili|@MarioGintili> \n\n<https:\/\/www.codeschool.com\/screencasts\/ember-cli-basics>",
                "author_name": "Ember London",
                "author_link": "https:\/\/twitter.com\/EmberLondon\/status\/697071599493713920",
                "author_icon": "https:\/\/pbs.twimg.com\/profile_images\/490089444473835522\/AbHfjBqC_normal.jpeg",
                "author_subname": "@EmberLondon",
                "pretext": "<https:\/\/twitter.com\/EmberLondon\/status\/697071599493713920>",
                "text": "<https:\/\/twitter.com\/gaurav9576|@gaurav9576> <https:\/\/twitter.com\/codeschool|@codeschool> recently launched an awesome new set created by <https:\/\/twitter.com\/MarioGintili|@MarioGintili> \n\n<https:\/\/www.codeschool.com\/screencasts\/ember-cli-basics>",
                "service_name": "twitter",
                "service_url": "https:\/\/twitter.com\/",
                "id": 1,
                "footer": "Twitter",
                "footer_icon": "https:\/\/a.slack-edge.com\/6e067\/img\/services\/twitter_pixel_snapped_32.png"
            }
        ],
        "type": "message",
        "subtype": "bot_message",
        "ts": "1455029795.000023"
    },
    {
        "bot_id": "B0429JVR5",
        "attachments": [
            {
                "fallback": "<https:\/\/twitter.com\/EmberLondon|@EmberLondon>: <https:\/\/www.codeschool.com\/screencasts\/ember-cli-deployment>\n\n<https:\/\/www.codeschool.com\/screencasts\/ember-cli-acceptance-testing>",
                "author_name": "Ember London",
                "author_link": "https:\/\/twitter.com\/EmberLondon\/status\/697071665642147840",
                "author_icon": "https:\/\/pbs.twimg.com\/profile_images\/490089444473835522\/AbHfjBqC_normal.jpeg",
                "author_subname": "@EmberLondon",
                "pretext": "<https:\/\/twitter.com\/EmberLondon\/status\/697071665642147840>",
                "text": "<https:\/\/www.codeschool.com\/screencasts\/ember-cli-deployment>\n\n<https:\/\/www.codeschool.com\/screencasts\/ember-cli-acceptance-testing>",
                "service_name": "twitter",
                "service_url": "https:\/\/twitter.com\/",
                "id": 1,
                "footer": "Twitter",
                "footer_icon": "https:\/\/a.slack-edge.com\/6e067\/img\/services\/twitter_pixel_snapped_32.png"
            }
        ],
        "type": "message",
        "subtype": "bot_message",
        "ts": "1455029810.000024"
    },
    {
        "type": "message",
        "user": "U047GTU64",
        "text": ":confetti_ball: :confetti_ball: :confetti_ball: :confetti_ball: :confetti_ball: :confetti_ball: :confetti_ball:",
        "ts": "1455030691.000025"
    },
    {
        "bot_id": "B0429JVR5",
        "attachments": [
            {
                "fallback": "<https:\/\/twitter.com\/EmberLondon|@EmberLondon>: Thursday\u2019s meetup is open for RSVPs again. Sorry for the hiccup!\n\n<http:\/\/www.meetup.com\/London-Emberjs-User-Group\/events\/227825625\/>",
                "author_name": "Ember London",
                "author_link": "https:\/\/twitter.com\/EmberLondon\/status\/697091344062418944",
                "author_icon": "https:\/\/pbs.twimg.com\/profile_images\/490089444473835522\/AbHfjBqC_normal.jpeg",
                "author_subname": "@EmberLondon",
                "pretext": "<https:\/\/twitter.com\/EmberLondon\/status\/697091344062418944>",
                "text": "Thursday\u2019s meetup is open for RSVPs again. Sorry for the hiccup!\n\n<http:\/\/www.meetup.com\/London-Emberjs-User-Group\/events\/227825625\/>",
                "service_name": "twitter",
                "service_url": "https:\/\/twitter.com\/",
                "id": 1,
                "footer": "Twitter",
                "footer_icon": "https:\/\/a.slack-edge.com\/6e067\/img\/services\/twitter_pixel_snapped_32.png"
            }
        ],
        "type": "message",
        "subtype": "bot_message",
        "ts": "1455034502.000026"
    }
]