[
    {
        "bot_id": "B0429JVR5",
        "attachments": [
            {
                "fallback": "<https:\/\/twitter.com\/EmberLondon|@EmberLondon>: Shout out to <https:\/\/twitter.com\/ModernWebUI|@ModernWebUI> and <https:\/\/twitter.com\/modernweb_|@modernweb_> for producing some of the best JS community content out there &lt;3",
                "author_name": "Ember London",
                "author_link": "https:\/\/twitter.com\/EmberLondon\/status\/685482302575521793",
                "author_icon": "https:\/\/pbs.twimg.com\/profile_images\/490089444473835522\/AbHfjBqC_normal.jpeg",
                "author_subname": "@EmberLondon",
                "pretext": "<https:\/\/twitter.com\/EmberLondon\/status\/685482302575521793>",
                "text": "Shout out to <https:\/\/twitter.com\/ModernWebUI|@ModernWebUI> and <https:\/\/twitter.com\/modernweb_|@modernweb_> for producing some of the best JS community content out there &lt;3",
                "service_name": "twitter",
                "service_url": "https:\/\/twitter.com\/",
                "id": 1,
                "footer": "Twitter",
                "footer_icon": "https:\/\/a.slack-edge.com\/6e067\/img\/services\/twitter_pixel_snapped_32.png"
            }
        ],
        "type": "message",
        "subtype": "bot_message",
        "ts": "1452266691.000025",
        "reactions": [
            {
                "name": "heart_eyes",
                "users": [
                    "U0C5RUAQ4"
                ],
                "count": 1
            }
        ]
    }
]