[
    {
        "bot_id": "B0429JVR5",
        "attachments": [
            {
                "fallback": "<https:\/\/twitter.com\/EmberLondon|@EmberLondon>: Just upgraded our instance of SlackIn. If you\u2019ve had trouble joining our Slack team, please try again:\n\n<http:\/\/emberlondon.herokuapp.com>\n\n&lt;3",
                "ts": 1460109351,
                "author_name": "Ember London",
                "author_link": "https:\/\/twitter.com\/EmberLondon\/status\/718376805523144704",
                "author_icon": "https:\/\/pbs.twimg.com\/profile_images\/490089444473835522\/AbHfjBqC_normal.jpeg",
                "author_subname": "@EmberLondon",
                "pretext": "<https:\/\/twitter.com\/EmberLondon\/status\/718376805523144704>",
                "text": "Just upgraded our instance of SlackIn. If you\u2019ve had trouble joining our Slack team, please try again:\n\n<http:\/\/emberlondon.herokuapp.com>\n\n&lt;3",
                "service_name": "twitter",
                "service_url": "https:\/\/twitter.com\/",
                "id": 1,
                "footer": "Twitter",
                "footer_icon": "https:\/\/a.slack-edge.com\/6e067\/img\/services\/twitter_pixel_snapped_32.png"
            }
        ],
        "type": "message",
        "subtype": "bot_message",
        "ts": "1460109352.000037"
    },
    {
        "user": "U0Z487TGE",
        "type": "message",
        "subtype": "channel_join",
        "text": "<@U0Z487TGE|sam> has joined the channel",
        "ts": "1460123707.000038"
    },
    {
        "user": "U0Z6G5Z1Q",
        "type": "message",
        "subtype": "channel_join",
        "text": "<@U0Z6G5Z1Q|basialitwinska> has joined the channel",
        "ts": "1460133577.000039"
    }
]