[
    {
        "bot_id": "B0429JVR5",
        "attachments": [
            {
                "fallback": "<https:\/\/twitter.com\/EmberLondon|@EmberLondon>: <https:\/\/twitter.com\/jdpearce|@jdpearce> sorry to hear you\u2019re poorly. We won\u2019t be streaming tonight but we will record all talks. Get well soon!",
                "ts": 1476966227,
                "author_name": "Ember London",
                "author_link": "https:\/\/twitter.com\/EmberLondon\/status\/789079665126338560",
                "author_icon": "https:\/\/pbs.twimg.com\/profile_images\/490089444473835522\/AbHfjBqC_normal.jpeg",
                "author_subname": "@EmberLondon",
                "pretext": "<https:\/\/twitter.com\/EmberLondon\/status\/789079665126338560>",
                "text": "<https:\/\/twitter.com\/jdpearce|@jdpearce> sorry to hear you\u2019re poorly. We won\u2019t be streaming tonight but we will record all talks. Get well soon!",
                "service_name": "twitter",
                "service_url": "https:\/\/twitter.com\/",
                "from_url": "https:\/\/twitter.com\/EmberLondon\/status\/789079665126338560",
                "id": 1,
                "footer": "Twitter",
                "footer_icon": "https:\/\/a.slack-edge.com\/6e067\/img\/services\/twitter_pixel_snapped_32.png"
            }
        ],
        "text": null,
        "type": "message",
        "subtype": "bot_message",
        "ts": "1476966227.000013"
    },
    {
        "bot_id": "B0429JVR5",
        "attachments": [
            {
                "fallback": "<https:\/\/twitter.com\/EmberLondon|@EmberLondon>: <https:\/\/twitter.com\/AdriVanHoudt_|@AdriVanHoudt_> <https:\/\/twitter.com\/dschwartz_pf|@dschwartz_pf> <https:\/\/twitter.com\/elmlang|@elmlang> <https:\/\/twitter.com\/repositiveio|@repositiveio> :D",
                "ts": 1476989024,
                "author_name": "Ember London",
                "author_link": "https:\/\/twitter.com\/EmberLondon\/status\/789175282657665024",
                "author_icon": "https:\/\/pbs.twimg.com\/profile_images\/490089444473835522\/AbHfjBqC_normal.jpeg",
                "author_subname": "@EmberLondon",
                "pretext": "<https:\/\/twitter.com\/EmberLondon\/status\/789175282657665024>",
                "text": "<https:\/\/twitter.com\/AdriVanHoudt_|@AdriVanHoudt_> <https:\/\/twitter.com\/dschwartz_pf|@dschwartz_pf> <https:\/\/twitter.com\/elmlang|@elmlang> <https:\/\/twitter.com\/repositiveio|@repositiveio> :D",
                "service_name": "twitter",
                "service_url": "https:\/\/twitter.com\/",
                "from_url": "https:\/\/twitter.com\/EmberLondon\/status\/789175282657665024",
                "id": 1,
                "footer": "Twitter",
                "footer_icon": "https:\/\/a.slack-edge.com\/6e067\/img\/services\/twitter_pixel_snapped_32.png"
            }
        ],
        "text": null,
        "type": "message",
        "subtype": "bot_message",
        "ts": "1476989024.000014"
    }
]