[
    {
        "bot_id": "B0429JVR5",
        "attachments": [
            {
                "fallback": "<https:\/\/twitter.com\/EmberLondon|@EmberLondon>: For you lucky folks attending <https:\/\/twitter.com\/EmberConf|@EmberConf> be sure to say hi at the ember community dinner &amp; drinks on Tuesday evening\n<https:\/\/www.eventbrite.com\/e\/community-dinner-drinks-at-emberconf-tickets-22752519398>",
                "author_name": "Ember London",
                "author_link": "https:\/\/twitter.com\/EmberLondon\/status\/713288707139362816",
                "author_icon": "https:\/\/pbs.twimg.com\/profile_images\/490089444473835522\/AbHfjBqC_normal.jpeg",
                "author_subname": "@EmberLondon",
                "pretext": "<https:\/\/twitter.com\/EmberLondon\/status\/713288707139362816>",
                "text": "For you lucky folks attending <https:\/\/twitter.com\/EmberConf|@EmberConf> be sure to say hi at the ember community dinner &amp; drinks on Tuesday evening\n<https:\/\/www.eventbrite.com\/e\/community-dinner-drinks-at-emberconf-tickets-22752519398>",
                "service_name": "twitter",
                "service_url": "https:\/\/twitter.com\/",
                "id": 1,
                "footer": "Twitter",
                "footer_icon": "https:\/\/a.slack-edge.com\/6e067\/img\/services\/twitter_pixel_snapped_32.png"
            }
        ],
        "type": "message",
        "subtype": "bot_message",
        "ts": "1458896255.000029"
    },
    {
        "bot_id": "B0429JVR5",
        "attachments": [
            {
                "fallback": "<https:\/\/twitter.com\/EmberLondon|@EmberLondon>: Huge thanks to <https:\/\/twitter.com\/wearetrouva|@wearetrouva> for putting on an awesome project night last night!",
                "author_name": "Ember London",
                "author_link": "https:\/\/twitter.com\/EmberLondon\/status\/713354627509575680",
                "author_icon": "https:\/\/pbs.twimg.com\/profile_images\/490089444473835522\/AbHfjBqC_normal.jpeg",
                "author_subname": "@EmberLondon",
                "pretext": "<https:\/\/twitter.com\/EmberLondon\/status\/713354627509575680>",
                "text": "Huge thanks to <https:\/\/twitter.com\/wearetrouva|@wearetrouva> for putting on an awesome project night last night!",
                "service_name": "twitter",
                "service_url": "https:\/\/twitter.com\/",
                "id": 1,
                "footer": "Twitter",
                "footer_icon": "https:\/\/a.slack-edge.com\/6e067\/img\/services\/twitter_pixel_snapped_32.png"
            }
        ],
        "type": "message",
        "subtype": "bot_message",
        "ts": "1458911971.000030"
    }
]