[
    {
        "bot_id": "B0429JVR5",
        "attachments": [
            {
                "fallback": "<https:\/\/twitter.com\/EmberLondon|@EmberLondon>: Our thanks to <https:\/\/twitter.com\/Showmyhomework|@Showmyhomework> for hosting tonight\u2019s project night. See y\u2019all there! :D",
                "ts": 1466095873,
                "author_name": "Ember London",
                "author_link": "https:\/\/twitter.com\/EmberLondon\/status\/743486098744156160",
                "author_icon": "https:\/\/pbs.twimg.com\/profile_images\/490089444473835522\/AbHfjBqC_normal.jpeg",
                "author_subname": "@EmberLondon",
                "pretext": "<https:\/\/twitter.com\/EmberLondon\/status\/743486098744156160>",
                "text": "Our thanks to <https:\/\/twitter.com\/Showmyhomework|@Showmyhomework> for hosting tonight\u2019s project night. See y\u2019all there! :D",
                "service_name": "twitter",
                "service_url": "https:\/\/twitter.com\/",
                "from_url": "https:\/\/twitter.com\/EmberLondon\/status\/743486098744156160",
                "id": 1,
                "footer": "Twitter",
                "footer_icon": "https:\/\/a.slack-edge.com\/6e067\/img\/services\/twitter_pixel_snapped_32.png"
            }
        ],
        "type": "message",
        "subtype": "bot_message",
        "ts": "1466095874.000007"
    }
]