[
    {
        "bot_id": "B0429JVR5",
        "attachments": [
            {
                "fallback": "<https:\/\/twitter.com\/EmberLondon|@EmberLondon>: First meetup of 2016 with talks on GraphQL and composable components from <https:\/\/twitter.com\/arkh4m|@arkh4m> and <https:\/\/twitter.com\/MiguelCamba|@MiguelCamba>\n\nSee you there!\n\n<http:\/\/www.meetup.com\/London-Emberjs-User-Group\/events\/227823719\/>",
                "author_name": "Ember London",
                "author_link": "https:\/\/twitter.com\/EmberLondon\/status\/684001177462267905",
                "author_icon": "https:\/\/pbs.twimg.com\/profile_images\/490089444473835522\/AbHfjBqC_normal.jpeg",
                "author_subname": "@EmberLondon",
                "pretext": "<https:\/\/twitter.com\/EmberLondon\/status\/684001177462267905>",
                "text": "First meetup of 2016 with talks on GraphQL and composable components from <https:\/\/twitter.com\/arkh4m|@arkh4m> and <https:\/\/twitter.com\/MiguelCamba|@MiguelCamba>\n\nSee you there!\n\n<http:\/\/www.meetup.com\/London-Emberjs-User-Group\/events\/227823719\/>",
                "service_name": "twitter",
                "service_url": "https:\/\/twitter.com\/",
                "id": 1,
                "footer": "Twitter",
                "footer_icon": "https:\/\/a.slack-edge.com\/6e067\/img\/services\/twitter_pixel_snapped_32.png"
            }
        ],
        "type": "message",
        "subtype": "bot_message",
        "ts": "1451913563.000021"
    }
]