[
    {
        "bot_id": "B0429JVR5",
        "attachments": [
            {
                "fallback": "<https:\/\/twitter.com\/EmberLondon|@EmberLondon>: Thanks to everyone for last night\u2019s meetup! Especially to our speakers and as always to our gracious hosts <https:\/\/twitter.com\/sapientnitro|@sapientnitro>",
                "ts": 1470992721,
                "author_name": "Ember London",
                "author_link": "https:\/\/twitter.com\/EmberLondon\/status\/764024964861132800",
                "author_icon": "https:\/\/pbs.twimg.com\/profile_images\/490089444473835522\/AbHfjBqC_normal.jpeg",
                "author_subname": "@EmberLondon",
                "pretext": "<https:\/\/twitter.com\/EmberLondon\/status\/764024964861132800>",
                "text": "Thanks to everyone for last night\u2019s meetup! Especially to our speakers and as always to our gracious hosts <https:\/\/twitter.com\/sapientnitro|@sapientnitro>",
                "service_name": "twitter",
                "service_url": "https:\/\/twitter.com\/",
                "from_url": "https:\/\/twitter.com\/EmberLondon\/status\/764024964861132800",
                "id": 1,
                "footer": "Twitter",
                "footer_icon": "https:\/\/a.slack-edge.com\/6e067\/img\/services\/twitter_pixel_snapped_32.png"
            }
        ],
        "text": null,
        "type": "message",
        "subtype": "bot_message",
        "ts": "1470992721.000022"
    }
]