[
    {
        "bot_id": "B0429JVR5",
        "attachments": [
            {
                "fallback": "<https:\/\/twitter.com\/EmberLondon|@EmberLondon>: Tonight\u2019s project night is hosted by the very magnificent <https:\/\/twitter.com\/JoinAlphaSights|@JoinAlphaSights> \n\nSee you there :D\n\n<http:\/\/www.meetup.com\/London-Emberjs-User-Group\/events\/228104881\/>",
                "author_name": "Ember London",
                "author_link": "https:\/\/twitter.com\/EmberLondon\/status\/700283809590280192",
                "author_icon": "https:\/\/pbs.twimg.com\/profile_images\/490089444473835522\/AbHfjBqC_normal.jpeg",
                "author_subname": "@EmberLondon",
                "pretext": "<https:\/\/twitter.com\/EmberLondon\/status\/700283809590280192>",
                "text": "Tonight\u2019s project night is hosted by the very magnificent <https:\/\/twitter.com\/JoinAlphaSights|@JoinAlphaSights> \n\nSee you there :D\n\n<http:\/\/www.meetup.com\/London-Emberjs-User-Group\/events\/228104881\/>",
                "service_name": "twitter",
                "service_url": "https:\/\/twitter.com\/",
                "id": 1,
                "footer": "Twitter",
                "footer_icon": "https:\/\/a.slack-edge.com\/6e067\/img\/services\/twitter_pixel_snapped_32.png"
            }
        ],
        "type": "message",
        "subtype": "bot_message",
        "ts": "1455795645.000003"
    }
]