[
    {
        "bot_id": "B0429JVR5",
        "attachments": [
            {
                "fallback": "<https:\/\/twitter.com\/EmberLondon|@EmberLondon>: The only weather forecast you\u2019ll ever need from <https:\/\/twitter.com\/tommypalm|@tommypalm>\n\n<https:\/\/isitshortsweathertoday.com\/>",
                "ts": 1465466485,
                "author_name": "Ember London",
                "author_link": "https:\/\/twitter.com\/EmberLondon\/status\/740846251185430528",
                "author_icon": "https:\/\/pbs.twimg.com\/profile_images\/490089444473835522\/AbHfjBqC_normal.jpeg",
                "author_subname": "@EmberLondon",
                "pretext": "<https:\/\/twitter.com\/EmberLondon\/status\/740846251185430528>",
                "text": "The only weather forecast you\u2019ll ever need from <https:\/\/twitter.com\/tommypalm|@tommypalm>\n\n<https:\/\/isitshortsweathertoday.com\/>",
                "service_name": "twitter",
                "service_url": "https:\/\/twitter.com\/",
                "from_url": "https:\/\/twitter.com\/EmberLondon\/status\/740846251185430528",
                "id": 1,
                "footer": "Twitter",
                "footer_icon": "https:\/\/a.slack-edge.com\/6e067\/img\/services\/twitter_pixel_snapped_32.png"
            }
        ],
        "type": "message",
        "subtype": "bot_message",
        "ts": "1465466485.000013"
    },
    {
        "bot_id": "B0429JVR5",
        "attachments": [
            {
                "fallback": "<https:\/\/twitter.com\/EmberLondon|@EmberLondon>: <https:\/\/twitter.com\/NickColley|@NickColley> tweet us the name and we\u2019ll add them to the list",
                "ts": 1465490840,
                "author_name": "Ember London",
                "author_link": "https:\/\/twitter.com\/EmberLondon\/status\/740948404092735488",
                "author_icon": "https:\/\/pbs.twimg.com\/profile_images\/490089444473835522\/AbHfjBqC_normal.jpeg",
                "author_subname": "@EmberLondon",
                "pretext": "<https:\/\/twitter.com\/EmberLondon\/status\/740948404092735488>",
                "text": "<https:\/\/twitter.com\/NickColley|@NickColley> tweet us the name and we\u2019ll add them to the list",
                "service_name": "twitter",
                "service_url": "https:\/\/twitter.com\/",
                "from_url": "https:\/\/twitter.com\/EmberLondon\/status\/740948404092735488",
                "id": 1,
                "footer": "Twitter",
                "footer_icon": "https:\/\/a.slack-edge.com\/6e067\/img\/services\/twitter_pixel_snapped_32.png"
            }
        ],
        "type": "message",
        "subtype": "bot_message",
        "ts": "1465490840.000014"
    },
    {
        "bot_id": "B0429JVR5",
        "attachments": [
            {
                "fallback": "<https:\/\/twitter.com\/EmberLondon|@EmberLondon>: <https:\/\/twitter.com\/NickColley|@NickColley> all sorted :D",
                "ts": 1465493085,
                "author_name": "Ember London",
                "author_link": "https:\/\/twitter.com\/EmberLondon\/status\/740957820372324352",
                "author_icon": "https:\/\/pbs.twimg.com\/profile_images\/490089444473835522\/AbHfjBqC_normal.jpeg",
                "author_subname": "@EmberLondon",
                "pretext": "<https:\/\/twitter.com\/EmberLondon\/status\/740957820372324352>",
                "text": "<https:\/\/twitter.com\/NickColley|@NickColley> all sorted :D",
                "service_name": "twitter",
                "service_url": "https:\/\/twitter.com\/",
                "from_url": "https:\/\/twitter.com\/EmberLondon\/status\/740957820372324352",
                "id": 1,
                "footer": "Twitter",
                "footer_icon": "https:\/\/a.slack-edge.com\/6e067\/img\/services\/twitter_pixel_snapped_32.png"
            }
        ],
        "type": "message",
        "subtype": "bot_message",
        "ts": "1465493085.000015"
    },
    {
        "bot_id": "B0429JVR5",
        "attachments": [
            {
                "fallback": "<https:\/\/twitter.com\/EmberLondon|@EmberLondon>: LIVE on #Periscope: June 2016 Meetup <https:\/\/www.periscope.tv\/w\/aihOLzFxTFFHSmV2VnJ3RUp8MXlwS2RNcGFsbnJHV15fn1Eij5PuMzajI8NJxu3s5jL7mZ0bUMAoxc5KUz_k>",
                "ts": 1465493551,
                "author_name": "Ember London",
                "author_link": "https:\/\/twitter.com\/EmberLondon\/status\/740959777006686213",
                "author_icon": "https:\/\/pbs.twimg.com\/profile_images\/490089444473835522\/AbHfjBqC_normal.jpeg",
                "author_subname": "@EmberLondon",
                "pretext": "<https:\/\/twitter.com\/EmberLondon\/status\/740959777006686213>",
                "text": "LIVE on #Periscope: June 2016 Meetup <https:\/\/www.periscope.tv\/w\/aihOLzFxTFFHSmV2VnJ3RUp8MXlwS2RNcGFsbnJHV15fn1Eij5PuMzajI8NJxu3s5jL7mZ0bUMAoxc5KUz_k>",
                "service_name": "twitter",
                "service_url": "https:\/\/twitter.com\/",
                "from_url": "https:\/\/twitter.com\/EmberLondon\/status\/740959777006686213",
                "id": 1,
                "footer": "Twitter",
                "footer_icon": "https:\/\/a.slack-edge.com\/6e067\/img\/services\/twitter_pixel_snapped_32.png"
            }
        ],
        "type": "message",
        "subtype": "bot_message",
        "ts": "1465493552.000016"
    },
    {
        "bot_id": "B0429JVR5",
        "attachments": [
            {
                "fallback": "<https:\/\/twitter.com\/EmberLondon|@EmberLondon>: <https:\/\/twitter.com\/ozaed|@ozaed> haha, sorry \u2014 just testing will be live shortly",
                "ts": 1465494092,
                "author_name": "Ember London",
                "author_link": "https:\/\/twitter.com\/EmberLondon\/status\/740962045781233664",
                "author_icon": "https:\/\/pbs.twimg.com\/profile_images\/490089444473835522\/AbHfjBqC_normal.jpeg",
                "author_subname": "@EmberLondon",
                "pretext": "<https:\/\/twitter.com\/EmberLondon\/status\/740962045781233664>",
                "text": "<https:\/\/twitter.com\/ozaed|@ozaed> haha, sorry \u2014 just testing will be live shortly",
                "service_name": "twitter",
                "service_url": "https:\/\/twitter.com\/",
                "from_url": "https:\/\/twitter.com\/EmberLondon\/status\/740962045781233664",
                "id": 1,
                "footer": "Twitter",
                "footer_icon": "https:\/\/a.slack-edge.com\/6e067\/img\/services\/twitter_pixel_snapped_32.png"
            }
        ],
        "type": "message",
        "subtype": "bot_message",
        "ts": "1465494092.000017"
    },
    {
        "bot_id": "B0429JVR5",
        "attachments": [
            {
                "fallback": "<https:\/\/twitter.com\/EmberLondon|@EmberLondon>: Tonight we\u2019ll be live streaming the talks on Periscope. Watch our Twitter account for the link :D",
                "ts": 1465494732,
                "author_name": "Ember London",
                "author_link": "https:\/\/twitter.com\/EmberLondon\/status\/740964729053679616",
                "author_icon": "https:\/\/pbs.twimg.com\/profile_images\/490089444473835522\/AbHfjBqC_normal.jpeg",
                "author_subname": "@EmberLondon",
                "pretext": "<https:\/\/twitter.com\/EmberLondon\/status\/740964729053679616>",
                "text": "Tonight we\u2019ll be live streaming the talks on Periscope. Watch our Twitter account for the link :D",
                "service_name": "twitter",
                "service_url": "https:\/\/twitter.com\/",
                "from_url": "https:\/\/twitter.com\/EmberLondon\/status\/740964729053679616",
                "id": 1,
                "footer": "Twitter",
                "footer_icon": "https:\/\/a.slack-edge.com\/6e067\/img\/services\/twitter_pixel_snapped_32.png"
            }
        ],
        "type": "message",
        "subtype": "bot_message",
        "ts": "1465494732.000018"
    },
    {
        "bot_id": "B0429JVR5",
        "attachments": [
            {
                "fallback": "<https:\/\/twitter.com\/EmberLondon|@EmberLondon>: About to broadcast our second talk of the evening\u2026",
                "ts": 1465499155,
                "author_name": "Ember London",
                "author_link": "https:\/\/twitter.com\/EmberLondon\/status\/740983281332686848",
                "author_icon": "https:\/\/pbs.twimg.com\/profile_images\/490089444473835522\/AbHfjBqC_normal.jpeg",
                "author_subname": "@EmberLondon",
                "pretext": "<https:\/\/twitter.com\/EmberLondon\/status\/740983281332686848>",
                "text": "About to broadcast our second talk of the evening\u2026",
                "service_name": "twitter",
                "service_url": "https:\/\/twitter.com\/",
                "from_url": "https:\/\/twitter.com\/EmberLondon\/status\/740983281332686848",
                "id": 1,
                "footer": "Twitter",
                "footer_icon": "https:\/\/a.slack-edge.com\/6e067\/img\/services\/twitter_pixel_snapped_32.png"
            }
        ],
        "type": "message",
        "subtype": "bot_message",
        "ts": "1465499155.000019"
    },
    {
        "bot_id": "B0429JVR5",
        "attachments": [
            {
                "fallback": "<https:\/\/twitter.com\/EmberLondon|@EmberLondon>: LIVE on #Periscope: June 2016 with Ruslan Zavacky <https:\/\/www.periscope.tv\/w\/aihkzjFxTFFHSmV2VnJ3RUp8MWxER0xxbE9aVlBKbUP_gHsFE8wuFwlo6jP5hmkEr8nxQlpcjbEP1IS3hYPL>",
                "ts": 1465499343,
                "author_name": "Ember London",
                "author_link": "https:\/\/twitter.com\/EmberLondon\/status\/740984068783910912",
                "author_icon": "https:\/\/pbs.twimg.com\/profile_images\/490089444473835522\/AbHfjBqC_normal.jpeg",
                "author_subname": "@EmberLondon",
                "pretext": "<https:\/\/twitter.com\/EmberLondon\/status\/740984068783910912>",
                "text": "LIVE on #Periscope: June 2016 with Ruslan Zavacky <https:\/\/www.periscope.tv\/w\/aihkzjFxTFFHSmV2VnJ3RUp8MWxER0xxbE9aVlBKbUP_gHsFE8wuFwlo6jP5hmkEr8nxQlpcjbEP1IS3hYPL>",
                "service_name": "twitter",
                "service_url": "https:\/\/twitter.com\/",
                "from_url": "https:\/\/twitter.com\/EmberLondon\/status\/740984068783910912",
                "id": 1,
                "footer": "Twitter",
                "footer_icon": "https:\/\/a.slack-edge.com\/6e067\/img\/services\/twitter_pixel_snapped_32.png"
            }
        ],
        "type": "message",
        "subtype": "bot_message",
        "ts": "1465499343.000020"
    },
    {
        "bot_id": "B0429JVR5",
        "attachments": [
            {
                "fallback": "<https:\/\/twitter.com\/EmberLondon|@EmberLondon>: LIVE on #Periscope: And now for <https:\/\/twitter.com\/mrmrs_|@mrmrs_> <https:\/\/www.periscope.tv\/w\/aihuhzFxTFFHSmV2VnJ3RUp8MXZPeHdCckJWWVdKQsqg2Mbv2xj_3GCzOHeijrwY4jka3EhdEmYaUnJh5G5Z>",
                "ts": 1465501832,
                "author_name": "Ember London",
                "author_link": "https:\/\/twitter.com\/EmberLondon\/status\/740994507605483520",
                "author_icon": "https:\/\/pbs.twimg.com\/profile_images\/490089444473835522\/AbHfjBqC_normal.jpeg",
                "author_subname": "@EmberLondon",
                "pretext": "<https:\/\/twitter.com\/EmberLondon\/status\/740994507605483520>",
                "text": "LIVE on #Periscope: And now for <https:\/\/twitter.com\/mrmrs_|@mrmrs_> <https:\/\/www.periscope.tv\/w\/aihuhzFxTFFHSmV2VnJ3RUp8MXZPeHdCckJWWVdKQsqg2Mbv2xj_3GCzOHeijrwY4jka3EhdEmYaUnJh5G5Z>",
                "service_name": "twitter",
                "service_url": "https:\/\/twitter.com\/",
                "from_url": "https:\/\/twitter.com\/EmberLondon\/status\/740994507605483520",
                "id": 1,
                "footer": "Twitter",
                "footer_icon": "https:\/\/a.slack-edge.com\/6e067\/img\/services\/twitter_pixel_snapped_32.png"
            }
        ],
        "type": "message",
        "subtype": "bot_message",
        "ts": "1465501832.000021"
    }
]