[
    {
        "bot_id": "B0429JVR5",
        "attachments": [
            {
                "fallback": "<https:\/\/twitter.com\/EmberLondon|@EmberLondon>: <https:\/\/twitter.com\/danielgynn|@danielgynn> no, contrary to what was announced in Nov we\u2019re taking a break for the xmas period. Back on Jan 12 :)",
                "ts": 1481273158,
                "author_name": "Ember London",
                "author_link": "https:\/\/twitter.com\/EmberLondon\/status\/807144244477624320",
                "author_icon": "https:\/\/pbs.twimg.com\/profile_images\/490089444473835522\/AbHfjBqC_normal.jpeg",
                "author_subname": "@EmberLondon",
                "pretext": "<https:\/\/twitter.com\/EmberLondon\/status\/807144244477624320>",
                "text": "<https:\/\/twitter.com\/danielgynn|@danielgynn> no, contrary to what was announced in Nov we\u2019re taking a break for the xmas period. Back on Jan 12 :)",
                "service_name": "twitter",
                "service_url": "https:\/\/twitter.com\/",
                "from_url": "https:\/\/twitter.com\/EmberLondon\/status\/807144244477624320",
                "id": 1,
                "footer": "Twitter",
                "footer_icon": "https:\/\/a.slack-edge.com\/6e067\/img\/services\/twitter_pixel_snapped_32.png"
            }
        ],
        "text": null,
        "type": "message",
        "subtype": "bot_message",
        "ts": "1481273158.000002",
        "reactions": [
            {
                "name": "+1",
                "users": [
                    "U04BE0ELZ"
                ],
                "count": 1
            }
        ]
    }
]