[
    {
        "bot_id": "B0429JVR5",
        "attachments": [
            {
                "fallback": "<https:\/\/twitter.com\/EmberLondon|@EmberLondon>: Super excited to see <https:\/\/twitter.com\/jjordan_dev|@jjordan_dev>\u2019s talk on web animation next Thursday!\n\n<https:\/\/www.meetup.com\/London-Emberjs-User-Group\/events\/231614832\/>",
                "ts": 1477992940,
                "author_name": "Ember London",
                "author_link": "https:\/\/twitter.com\/EmberLondon\/status\/793386012831522818",
                "author_icon": "https:\/\/pbs.twimg.com\/profile_images\/490089444473835522\/AbHfjBqC_normal.jpeg",
                "author_subname": "@EmberLondon",
                "pretext": "<https:\/\/twitter.com\/EmberLondon\/status\/793386012831522818>",
                "text": "Super excited to see <https:\/\/twitter.com\/jjordan_dev|@jjordan_dev>\u2019s talk on web animation next Thursday!\n\n<https:\/\/www.meetup.com\/London-Emberjs-User-Group\/events\/231614832\/>",
                "service_name": "twitter",
                "service_url": "https:\/\/twitter.com\/",
                "from_url": "https:\/\/twitter.com\/EmberLondon\/status\/793386012831522818",
                "id": 1,
                "footer": "Twitter",
                "footer_icon": "https:\/\/a.slack-edge.com\/6e067\/img\/services\/twitter_pixel_snapped_32.png"
            }
        ],
        "text": null,
        "type": "message",
        "subtype": "bot_message",
        "ts": "1477992940.000021"
    }
]