[
    {
        "id": "C04MW7Y64",
        "name": "blab",
        "created": "1430862250",
        "creator": "U04N07VEM",
        "is_archived": false,
        "is_general": false,
        "members": [
            "U03V8V08M",
            "U04N07VEM",
            "U095LRN06"
        ],
        "topic": {
            "value": "",
            "creator": "",
            "last_set": "0"
        },
        "purpose": {
            "value": "",
            "creator": "",
            "last_set": "0"
        }
    },
    {
        "id": "C09AADXPD",
        "name": "embercamp",
        "created": "1439993371",
        "creator": "U03V8V08M",
        "is_archived": false,
        "is_general": false,
        "members": [
            "U03SSL0FM",
            "U03V8V08M",
            "U043AB2QT",
            "U07CK66U8",
            "U095LRN06",
            "U09L89DDM",
            "U0B47NPJ9",
            "U0BNR9FCY",
            "U0BP18QJZ",
            "U0C6GLVL3",
            "U0CTN02SZ",
            "U0D9L7VSL",
            "U164MJ44V"
        ],
        "topic": {
            "value": "",
            "creator": "",
            "last_set": "0"
        },
        "purpose": {
            "value": "",
            "creator": "",
            "last_set": "0"
        }
    },
    {
        "id": "C03TBJP15",
        "name": "events",
        "created": "1425519708",
        "creator": "U03SSL0FM",
        "is_archived": false,
        "is_general": false,
        "members": [
            "U03SSL0FM",
            "U03V8C0DJ",
            "U03V8JE3Y",
            "U03V8V08M",
            "U04073Q56",
            "U040DRY7U",
            "U0411TR6W",
            "U04134XGE",
            "U043AB2QT",
            "U046D0DSD",
            "U04FBC86N",
            "U050WT24D",
            "U095LRN06",
            "U0BNR9FCY",
            "U0D95V1QB",
            "U0FTFSCJX",
            "U13NN4T70",
            "U164MJ44V",
            "U1FSAAJ04"
        ],
        "topic": {
            "value": "",
            "creator": "",
            "last_set": "0"
        },
        "purpose": {
            "value": "",
            "creator": "",
            "last_set": "0"
        }
    },
    {
        "id": "C0MU39QCC",
        "name": "exchange",
        "created": "1455795568",
        "creator": "U03V8V08M",
        "is_archived": false,
        "is_general": false,
        "members": [
            "U03V3P960",
            "U03V8V08M",
            "U095LRN06"
        ],
        "topic": {
            "value": "",
            "creator": "",
            "last_set": "0"
        },
        "purpose": {
            "value": "",
            "creator": "",
            "last_set": "0"
        }
    },
    {
        "id": "C03SSL0GP",
        "name": "general",
        "created": "1425412208",
        "creator": "U03SSL0FM",
        "is_archived": false,
        "is_general": true,
        "members": [
            "U03SSL0FM",
            "U03UZFF5V",
            "U03V2PZUB",
            "U03V3L7G8",
            "U03V3P960",
            "U03V4FJTA",
            "U03V5B7KY",
            "U03V5PXL0",
            "U03V87JDW",
            "U03V89R7Q",
            "U03V8C0DJ",
            "U03V8JE3Y",
            "U03V8V08M",
            "U04073Q56",
            "U04093H8A",
            "U040DRY7U",
            "U040LNZ6Y",
            "U040MK408",
            "U0411TR6W",
            "U04134XGE",
            "U0417SBAP",
            "U043951H9",
            "U0439TLAM",
            "U043AB2QT",
            "U043LP6SF",
            "U043U87J7",
            "U043YTCDZ",
            "U043ZC515",
            "U0440LRJX",
            "U0441PH0Q",
            "U04438UDC",
            "U044QMK6K",
            "U044T9VMW",
            "U045B6S99",
            "U045JSRHX",
            "U045N93AZ",
            "U045SGGD8",
            "U046D0DSD",
            "U046FCXL7",
            "U047GTU64",
            "U048TCADN",
            "U049Y3RBJ",
            "U04A6P1QU",
            "U04ARJGN2",
            "U04ATUH50",
            "U04AU4DQN",
            "U04AW6E1X",
            "U04AW7GPM",
            "U04AWR0TU",
            "U04BD6KB1",
            "U04BE0ELZ",
            "U04BGLGM3",
            "U04FBC86N",
            "U04G84Q3E",
            "U04M4CG7Y",
            "U04N07VEM",
            "U04NF9JLC",
            "U04PVM8BR",
            "U04RMJJE6",
            "U04S3TWBT",
            "U04TVH682",
            "U04TVH6N8",
            "U04TVTLQ8",
            "U04TZ8K6S",
            "U04UGLGMJ",
            "U04UJ2HMT",
            "U050979TG",
            "U050EH43B",
            "U050WKBTH",
            "U050WT24D",
            "U051MHBQU",
            "U053AN7N1",
            "U05485UQL",
            "U0548MFSE",
            "U054SBPRC",
            "U054XNZ16",
            "U062LD65Q",
            "U062TJYHW",
            "U065NAMB8",
            "U067KU0PP",
            "U06BGNMBL",
            "U06BH5ZPW",
            "U06G6TFN0",
            "U072K0544",
            "U072M1BRV",
            "U075TTK8W",
            "U077SJWN5",
            "U07CK66U8",
            "U07CKEQU9",
            "U07CQV797",
            "U07E9GKUZ",
            "U07R4RW2F",
            "U07TDPNVC",
            "U084J8C72",
            "U08ABC8EN",
            "U08MBK57F",
            "U0958RLPM",
            "U095LRN06",
            "U095PTE8H",
            "U0979C5LM",
            "U09ABGTUJ",
            "U09BZ08SY",
            "U09BZ4FSR",
            "U09CRGN9J",
            "U09CRUH5M",
            "U09CS0TJ9",
            "U09EXEELV",
            "U09L89DDM",
            "U0A48LWTG",
            "U0A49UQ8Z",
            "U0A8GSHHA",
            "U0A8SF1RA",
            "U0A9ALENN",
            "U0ABB00E4",
            "U0AF6AFHB",
            "U0AG590TB",
            "U0AKDGM98",
            "U0APW2QAC",
            "U0ASNE2QN",
            "U0ASPMFPS",
            "U0AUFD9EK",
            "U0B47NPJ9",
            "U0BAFA2FJ",
            "U0BNR9FCY",
            "U0BP18QJZ",
            "U0BR1H1FY",
            "U0BV2PSRF",
            "U0C3W1DRV",
            "U0C5RUAKW",
            "U0C5RUAQ4",
            "U0C5XJ8EL",
            "U0C6GLVL3",
            "U0CNE6C00",
            "U0CNG49R9",
            "U0CPGNPRN",
            "U0CT5HFSS",
            "U0CTN02SZ",
            "U0CTS7988",
            "U0D95V1QB",
            "U0D9L7VSL",
            "U0DG5ER0C",
            "U0DRL0LE9",
            "U0DTFBKU3",
            "U0E1FPUH4",
            "U0E25V82X",
            "U0EMDSHJP",
            "U0ENJ4F34",
            "U0F26RK46",
            "U0FTFSCJX",
            "U0GA86AE5",
            "U0GTF1CFK",
            "U0H2C0N06",
            "U0H3RHM0B",
            "U0HTKP3SP",
            "U0JHYSZ8D",
            "U0K8HSK3K",
            "U0L498TJQ",
            "U0L9R72E6",
            "U0LE0FHK9",
            "U0LH92QVA",
            "U0LHVUVDZ",
            "U0LVBSC67",
            "U0M0ECW1K",
            "U0N4UJS4C",
            "U0N55UP19",
            "U0P2A7WM8",
            "U0PJ32U01",
            "U0QTCUMJL",
            "U0R8C18RM",
            "U0SCR16MU",
            "U0SR0MPPS",
            "U0TGTGM6C",
            "U0TLSSR8S",
            "U0TLUDGJJ",
            "U0TMZN5UY",
            "U0U28JT4N",
            "U0YNZERRB",
            "U0YQ5FL2X",
            "U0Z487TGE",
            "U0Z6G5Z1Q",
            "U0ZALKPD5",
            "U129PS692",
            "U12T7S4CF",
            "U13NN4T70",
            "U14KVFYS3",
            "U14KXUFJT",
            "U14L0QAF2",
            "U164MJ44V",
            "U17GE3K0D",
            "U18BAPQ82",
            "U1AEWLSFJ",
            "U1AGPQ6BS",
            "U1BUM5U78",
            "U1CTEGCNM",
            "U1DG7MDDZ",
            "U1DP99WFM",
            "U1DSW7PAS",
            "U1E99UG49",
            "U1F9NVA83",
            "U1FSAAJ04",
            "U1G515MBN",
            "U1NNSV1FE",
            "U1PBKT095",
            "U1TE48SP8",
            "U1U4TGPEX",
            "U1V9X16D6",
            "U1VC5K5SL",
            "U1VLX52AF",
            "U1X2C12TH",
            "U1XB7HR3J",
            "U1XQ25E4R",
            "U290V9A49",
            "U2A9G3KRV",
            "U2C6ZDQDQ",
            "U2E7XHFRU",
            "U2ETMPWV8",
            "U2FG9BB47",
            "U2Q0K9287",
            "U2TPZ9EH3",
            "U2UT6RX7Z",
            "U2WALE388",
            "U2WGJLENM",
            "U2Z04C8HJ",
            "U2ZS09GTZ",
            "U311XQT2P",
            "U326W6T5J",
            "U3281D18V",
            "U32E552SF",
            "U34J77EEQ",
            "U37TYCZSQ",
            "U39BMLLMU",
            "U3DEEE3K5"
        ],
        "pins": [
            {
                "id": "1431890077.001993",
                "type": "C",
                "user": "U044QMK6K",
                "owner": "U044QMK6K",
                "created": "1431892177"
            },
            {
                "id": "1445603515.001707",
                "type": "C",
                "user": "U03V8V08M",
                "owner": "U03V5B7KY",
                "created": "1445603873"
            }
        ],
        "topic": {
            "value": "http:\/\/emberlondon.com",
            "creator": "U03V8V08M",
            "last_set": "1471595197"
        },
        "purpose": {
            "value": "This channel is for team-wide communication and announcements. All team members are in this channel.",
            "creator": "",
            "last_set": "0"
        }
    },
    {
        "id": "C03TDS10L",
        "name": "glimmer",
        "created": "1425519717",
        "creator": "U03SSL0FM",
        "is_archived": false,
        "is_general": false,
        "members": [
            "U03SSL0FM",
            "U03V4FJTA",
            "U03V8V08M",
            "U040DRY7U",
            "U0411TR6W",
            "U04134XGE",
            "U043AB2QT",
            "U0441PH0Q",
            "U046D0DSD",
            "U04FBC86N",
            "U04TVH682",
            "U095LRN06",
            "U0C5RUAQ4",
            "U1XB7HR3J"
        ],
        "topic": {
            "value": "",
            "creator": "",
            "last_set": "0"
        },
        "purpose": {
            "value": "",
            "creator": "",
            "last_set": "0"
        }
    },
    {
        "id": "C04UJ4W1M",
        "name": "help",
        "created": "1432028180",
        "creator": "U03SSL0FM",
        "is_archived": false,
        "is_general": false,
        "members": [
            "U03SSL0FM",
            "U03V4FJTA",
            "U03V8C0DJ",
            "U03V8V08M",
            "U04073Q56",
            "U040DRY7U",
            "U043951H9",
            "U043AB2QT",
            "U044QMK6K",
            "U045B6S99",
            "U048TCADN",
            "U04A6P1QU",
            "U04BD6KB1",
            "U04BGLGM3",
            "U04FBC86N",
            "U04NF9JLC",
            "U04TVH682",
            "U04UGLGMJ",
            "U04UJ2HMT",
            "U050WT24D",
            "U051MHBQU",
            "U05485UQL",
            "U062TJYHW",
            "U06BH5ZPW",
            "U072K0544",
            "U0958RLPM",
            "U095LRN06",
            "U09EXEELV",
            "U0APW2QAC",
            "U0B47NPJ9",
            "U0BNR9FCY",
            "U0C5RUAKW",
            "U0CPGNPRN",
            "U0H3RHM0B",
            "U0LVBSC67",
            "U0N55UP19",
            "U0Z487TGE",
            "U14KVFYS3",
            "U2TPZ9EH3"
        ],
        "topic": {
            "value": "",
            "creator": "",
            "last_set": "0"
        },
        "purpose": {
            "value": "If you need help with Ember, ask here.",
            "creator": "U03SSL0FM",
            "last_set": "1432028181"
        }
    },
    {
        "id": "C03TBJNRX",
        "name": "htmlbars",
        "created": "1425519701",
        "creator": "U03SSL0FM",
        "is_archived": false,
        "is_general": false,
        "members": [
            "U03SSL0FM",
            "U03UZFF5V",
            "U03V8V08M",
            "U04073Q56",
            "U040DRY7U",
            "U0411TR6W",
            "U04134XGE",
            "U043AB2QT",
            "U0441PH0Q",
            "U046D0DSD",
            "U095LRN06",
            "U0BNR9FCY"
        ],
        "topic": {
            "value": "",
            "creator": "",
            "last_set": "0"
        },
        "purpose": {
            "value": "",
            "creator": "",
            "last_set": "0"
        }
    },
    {
        "id": "C03V5K0FL",
        "name": "interesting-reads",
        "created": "1425984676",
        "creator": "U03SSL0FM",
        "is_archived": false,
        "is_general": false,
        "members": [
            "U03SSL0FM",
            "U03V8V08M",
            "U04073Q56",
            "U040DRY7U",
            "U040MK408",
            "U0411TR6W",
            "U04134XGE",
            "U0439TLAM",
            "U043AB2QT",
            "U043LP6SF",
            "U043U87J7",
            "U043YTCDZ",
            "U043ZC515",
            "U0440LRJX",
            "U0441PH0Q",
            "U04438UDC",
            "U044QMK6K",
            "U044T9VMW",
            "U045B6S99",
            "U045JSRHX",
            "U045N93AZ",
            "U045SGGD8",
            "U046D0DSD",
            "U046FCXL7",
            "U047GTU64",
            "U048TCADN",
            "U049Y3RBJ",
            "U04A6P1QU",
            "U04ARJGN2",
            "U04ATUH50",
            "U04AU4DQN",
            "U04AW6E1X",
            "U04AW7GPM",
            "U04BD6KB1",
            "U04BE0ELZ",
            "U04FBC86N",
            "U04G84Q3E",
            "U04M4CG7Y",
            "U04N07VEM",
            "U04NF9JLC",
            "U04PVM8BR",
            "U04RMJJE6",
            "U04S3TWBT",
            "U04TVH682",
            "U04TVH6N8",
            "U04TVTLQ8",
            "U04TZ8K6S",
            "U04UGLGMJ",
            "U04UJ2HMT",
            "U050979TG",
            "U050EH43B",
            "U050WKBTH",
            "U050WT24D",
            "U051MHBQU",
            "U053AN7N1",
            "U05485UQL",
            "U0548MFSE",
            "U054SBPRC",
            "U054XNZ16",
            "U062LD65Q",
            "U062TJYHW",
            "U065NAMB8",
            "U067KU0PP",
            "U06BGNMBL",
            "U06BH5ZPW",
            "U06G6TFN0",
            "U072K0544",
            "U072M1BRV",
            "U075TTK8W",
            "U077SJWN5",
            "U07CK66U8",
            "U07CKEQU9",
            "U07CQV797",
            "U07R4RW2F",
            "U07TDPNVC",
            "U084J8C72",
            "U08ABC8EN",
            "U08MBK57F",
            "U0958RLPM",
            "U095LRN06",
            "U095PTE8H",
            "U0979C5LM",
            "U09ABGTUJ",
            "U09BZ08SY",
            "U09BZ4FSR",
            "U09CRGN9J",
            "U09CRUH5M",
            "U09CS0TJ9",
            "U09EXEELV",
            "U09L89DDM",
            "U0A48LWTG",
            "U0A49UQ8Z",
            "U0A8GSHHA",
            "U0A8SF1RA",
            "U0A9ALENN",
            "U0ABB00E4",
            "U0AF6AFHB",
            "U0AG590TB",
            "U0AKDGM98",
            "U0APW2QAC",
            "U0ASNE2QN",
            "U0ASPMFPS",
            "U0AUFD9EK",
            "U0B47NPJ9",
            "U0BAFA2FJ",
            "U0BNR9FCY",
            "U0BP18QJZ",
            "U0BR1H1FY",
            "U0BV2PSRF",
            "U0C3W1DRV",
            "U0C5RUAKW",
            "U0C5RUAQ4",
            "U0C5XJ8EL",
            "U0C6GLVL3",
            "U0CNE6C00",
            "U0CNG49R9",
            "U0CPGNPRN",
            "U0CT5HFSS",
            "U0CTN02SZ",
            "U0CTS7988",
            "U0D95V1QB",
            "U0D9L7VSL",
            "U0DG5ER0C",
            "U0DRL0LE9",
            "U0DTFBKU3",
            "U0E1FPUH4",
            "U0E25V82X",
            "U0EMDSHJP",
            "U0ENJ4F34",
            "U0F26RK46",
            "U0GA86AE5",
            "U0GTF1CFK",
            "U0H2C0N06",
            "U0H3RHM0B",
            "U0HTKP3SP",
            "U0JHYSZ8D",
            "U0K8HSK3K",
            "U0L498TJQ",
            "U0L9R72E6",
            "U0LE0FHK9",
            "U0LH92QVA",
            "U0LHVUVDZ",
            "U0LVBSC67",
            "U0N55UP19",
            "U0P2A7WM8",
            "U0QTCUMJL",
            "U0R8C18RM",
            "U0SCR16MU",
            "U0SR0MPPS",
            "U0TGTGM6C",
            "U0TLSSR8S",
            "U0TLUDGJJ",
            "U0TMZN5UY",
            "U0U28JT4N",
            "U0YNZERRB",
            "U0YQ5FL2X",
            "U0Z487TGE",
            "U0Z6G5Z1Q",
            "U0ZALKPD5",
            "U129PS692",
            "U12T7S4CF",
            "U13NN4T70",
            "U14KVFYS3",
            "U14KXUFJT",
            "U14L0QAF2",
            "U164MJ44V",
            "U17GE3K0D",
            "U18BAPQ82",
            "U1AGPQ6BS",
            "U1BUM5U78",
            "U1CTEGCNM",
            "U1DG7MDDZ",
            "U1DP99WFM",
            "U1DSW7PAS",
            "U1E99UG49",
            "U1F9NVA83",
            "U1FSAAJ04",
            "U1G515MBN",
            "U1NNSV1FE",
            "U1PBKT095",
            "U1TE48SP8",
            "U1U4TGPEX",
            "U1V9X16D6",
            "U1VC5K5SL",
            "U1VLX52AF",
            "U1X2C12TH",
            "U1XB7HR3J",
            "U1XQ25E4R",
            "U290V9A49",
            "U2A9G3KRV",
            "U2C6ZDQDQ",
            "U2E7XHFRU",
            "U2ETMPWV8",
            "U2FG9BB47",
            "U2Q0K9287",
            "U2TPZ9EH3",
            "U2UT6RX7Z",
            "U2WALE388",
            "U2WGJLENM",
            "U2Z04C8HJ",
            "U2ZS09GTZ",
            "U311XQT2P",
            "U326W6T5J",
            "U3281D18V",
            "U32E552SF",
            "U34J77EEQ",
            "U37TYCZSQ",
            "U39BMLLMU",
            "U3DEEE3K5"
        ],
        "topic": {
            "value": "",
            "creator": "",
            "last_set": "0"
        },
        "purpose": {
            "value": "",
            "creator": "",
            "last_set": "0"
        }
    },
    {
        "id": "C03V5SNP6",
        "name": "introductions",
        "created": "1425986369",
        "creator": "U03SSL0FM",
        "is_archived": false,
        "is_general": false,
        "members": [
            "U03SSL0FM",
            "U03V8JE3Y",
            "U03V8V08M",
            "U04073Q56",
            "U040DRY7U",
            "U0411TR6W",
            "U04134XGE",
            "U0439TLAM",
            "U043AB2QT",
            "U043LP6SF",
            "U043U87J7",
            "U043YTCDZ",
            "U043ZC515",
            "U0440LRJX",
            "U0441PH0Q",
            "U04438UDC",
            "U044QMK6K",
            "U044T9VMW",
            "U045B6S99",
            "U045JSRHX",
            "U045N93AZ",
            "U045SGGD8",
            "U046D0DSD",
            "U046FCXL7",
            "U047GTU64",
            "U048TCADN",
            "U049Y3RBJ",
            "U04A6P1QU",
            "U04ARJGN2",
            "U04ATUH50",
            "U04AU4DQN",
            "U04AW6E1X",
            "U04AW7GPM",
            "U04BD6KB1",
            "U04BE0ELZ",
            "U04BGLGM3",
            "U04FBC86N",
            "U04G84Q3E",
            "U04M4CG7Y",
            "U04N07VEM",
            "U04NF9JLC",
            "U04RMJJE6",
            "U04S3TWBT",
            "U04TVH682",
            "U04TVH6N8",
            "U04TVTLQ8",
            "U04TZ8K6S",
            "U04UGLGMJ",
            "U04UJ2HMT",
            "U050979TG",
            "U050EH43B",
            "U050WKBTH",
            "U050WT24D",
            "U051MHBQU",
            "U053AN7N1",
            "U05485UQL",
            "U0548MFSE",
            "U054SBPRC",
            "U054XNZ16",
            "U062LD65Q",
            "U062TJYHW",
            "U065NAMB8",
            "U067KU0PP",
            "U06BGNMBL",
            "U06BH5ZPW",
            "U06G6TFN0",
            "U072K0544",
            "U072M1BRV",
            "U075TTK8W",
            "U077SJWN5",
            "U07CKEQU9",
            "U07CQV797",
            "U07R4RW2F",
            "U084J8C72",
            "U08ABC8EN",
            "U08MBK57F",
            "U0958RLPM",
            "U095LRN06",
            "U095PTE8H",
            "U0979C5LM",
            "U09ABGTUJ",
            "U09BZ08SY",
            "U09BZ4FSR",
            "U09CRGN9J",
            "U09CRUH5M",
            "U09CS0TJ9",
            "U09EXEELV",
            "U09L89DDM",
            "U0A48LWTG",
            "U0A49UQ8Z",
            "U0A8GSHHA",
            "U0A8SF1RA",
            "U0A9ALENN",
            "U0ABB00E4",
            "U0AF6AFHB",
            "U0AG590TB",
            "U0AKDGM98",
            "U0APW2QAC",
            "U0ASNE2QN",
            "U0ASPMFPS",
            "U0AUFD9EK",
            "U0B47NPJ9",
            "U0BAFA2FJ",
            "U0BNR9FCY",
            "U0BP18QJZ",
            "U0BR1H1FY",
            "U0BV2PSRF",
            "U0C3W1DRV",
            "U0C5RUAKW",
            "U0C5RUAQ4",
            "U0C5XJ8EL",
            "U0C6GLVL3",
            "U0CNE6C00",
            "U0CNG49R9",
            "U0CPGNPRN",
            "U0CT5HFSS",
            "U0CTN02SZ",
            "U0CTS7988",
            "U0D95V1QB",
            "U0D9L7VSL",
            "U0DG5ER0C",
            "U0DRL0LE9",
            "U0DTFBKU3",
            "U0E1FPUH4",
            "U0E25V82X",
            "U0EMDSHJP",
            "U0ENJ4F34",
            "U0F26RK46",
            "U0FTFSCJX",
            "U0GA86AE5",
            "U0GTF1CFK",
            "U0H2C0N06",
            "U0H3RHM0B",
            "U0HTKP3SP",
            "U0JHYSZ8D",
            "U0K8HSK3K",
            "U0L498TJQ",
            "U0L9R72E6",
            "U0LE0FHK9",
            "U0LH92QVA",
            "U0LHVUVDZ",
            "U0LVBSC67",
            "U0N55UP19",
            "U0P2A7WM8",
            "U0PJ32U01",
            "U0QTCUMJL",
            "U0R8C18RM",
            "U0SCR16MU",
            "U0SR0MPPS",
            "U0TGTGM6C",
            "U0TLSSR8S",
            "U0TLUDGJJ",
            "U0TMZN5UY",
            "U0U28JT4N",
            "U0YNZERRB",
            "U0YQ5FL2X",
            "U0Z487TGE",
            "U0Z6G5Z1Q",
            "U0ZALKPD5",
            "U129PS692",
            "U12T7S4CF",
            "U13NN4T70",
            "U14KVFYS3",
            "U14KXUFJT",
            "U14L0QAF2",
            "U164MJ44V",
            "U17GE3K0D",
            "U18BAPQ82",
            "U1AGPQ6BS",
            "U1BUM5U78",
            "U1CTEGCNM",
            "U1DG7MDDZ",
            "U1DP99WFM",
            "U1DSW7PAS",
            "U1E99UG49",
            "U1F9NVA83",
            "U1FSAAJ04",
            "U1G515MBN",
            "U1NNSV1FE",
            "U1PBKT095",
            "U1TE48SP8",
            "U1U4TGPEX",
            "U1V9X16D6",
            "U1VC5K5SL",
            "U1VLX52AF",
            "U1X2C12TH",
            "U1XB7HR3J",
            "U1XQ25E4R",
            "U290V9A49",
            "U2A9G3KRV",
            "U2C6ZDQDQ",
            "U2E7XHFRU",
            "U2ETMPWV8",
            "U2FG9BB47",
            "U2Q0K9287",
            "U2TPZ9EH3",
            "U2UT6RX7Z",
            "U2WALE388",
            "U2WGJLENM",
            "U2Z04C8HJ",
            "U2ZS09GTZ",
            "U311XQT2P",
            "U326W6T5J",
            "U3281D18V",
            "U32E552SF",
            "U34J77EEQ",
            "U37TYCZSQ",
            "U39BMLLMU",
            "U3DEEE3K5"
        ],
        "topic": {
            "value": "",
            "creator": "",
            "last_set": "0"
        },
        "purpose": {
            "value": "",
            "creator": "",
            "last_set": "0"
        }
    },
    {
        "id": "C03U3R002",
        "name": "jobs",
        "created": "1425662100",
        "creator": "U03SSL0FM",
        "is_archived": false,
        "is_general": false,
        "members": [
            "U03SSL0FM",
            "U03V2PZUB",
            "U03V3P960",
            "U03V4FJTA",
            "U03V5B7KY",
            "U03V8V08M",
            "U04073Q56",
            "U040DRY7U",
            "U040LNZ6Y",
            "U040MK408",
            "U0411TR6W",
            "U04134XGE",
            "U043951H9",
            "U0439TLAM",
            "U043AB2QT",
            "U043ZC515",
            "U0440LRJX",
            "U0441PH0Q",
            "U044QMK6K",
            "U045B6S99",
            "U046D0DSD",
            "U046FCXL7",
            "U047GTU64",
            "U048TCADN",
            "U04A6P1QU",
            "U04AU4DQN",
            "U04AW7GPM",
            "U04BE0ELZ",
            "U04M4CG7Y",
            "U04PVM8BR",
            "U04TVH682",
            "U04TVH6N8",
            "U04TVTLQ8",
            "U05485UQL",
            "U062LD65Q",
            "U062TJYHW",
            "U06BGNMBL",
            "U06BH5ZPW",
            "U072K0544",
            "U072M1BRV",
            "U07CK66U8",
            "U07E9GKUZ",
            "U07R4RW2F",
            "U08ABC8EN",
            "U0958RLPM",
            "U095LRN06",
            "U09ABGTUJ",
            "U09EXEELV",
            "U0A48LWTG",
            "U0A49UQ8Z",
            "U0A8GSHHA",
            "U0A8SF1RA",
            "U0APW2QAC",
            "U0ASPMFPS",
            "U0BR1H1FY",
            "U0C6GLVL3",
            "U0CNE6C00",
            "U0CPGNPRN",
            "U0CTS7988",
            "U0D95V1QB",
            "U0D9L7VSL",
            "U0F26RK46",
            "U0FTFSCJX",
            "U0PJ32U01",
            "U0Z487TGE",
            "U12T7S4CF",
            "U1DP99WFM",
            "U1E99UG49",
            "U2ZS09GTZ",
            "U3DEEE3K5"
        ],
        "topic": {
            "value": "",
            "creator": "",
            "last_set": "0"
        },
        "purpose": {
            "value": "",
            "creator": "",
            "last_set": "0"
        }
    },
    {
        "id": "C2QUE274Y",
        "name": "links-test",
        "created": "1476813097",
        "creator": "U09CS0TJ9",
        "is_archived": false,
        "is_general": false,
        "members": [
            "U095LRN06",
            "U09CS0TJ9"
        ],
        "topic": {
            "value": "",
            "creator": "",
            "last_set": "0"
        },
        "purpose": {
            "value": "",
            "creator": "",
            "last_set": "0"
        }
    },
    {
        "id": "C0474F1AU",
        "name": "pact",
        "created": "1427811165",
        "creator": "U03SSL0FM",
        "is_archived": false,
        "is_general": false,
        "members": [
            "U03SSL0FM",
            "U03V5PXL0",
            "U03V8V08M",
            "U04134XGE",
            "U043AB2QT",
            "U046D0DSD",
            "U095LRN06"
        ],
        "topic": {
            "value": "Discussion around pact file testing for ember-cli",
            "creator": "U043AB2QT",
            "last_set": "1427811728"
        },
        "purpose": {
            "value": "",
            "creator": "",
            "last_set": "0"
        }
    },
    {
        "id": "C146WGT6F",
        "name": "polyconf-satellite",
        "created": "1461776537",
        "creator": "U03V8V08M",
        "is_archived": true,
        "is_general": false,
        "members": [],
        "topic": {
            "value": "",
            "creator": "",
            "last_set": "0"
        },
        "purpose": {
            "value": "Put forward a solid Ember talk at Polyconf Satellite (https:\/\/eventil.com\/polyconf\/polyconf-16-satellite-london)",
            "creator": "U03V8V08M",
            "last_set": "1461776537"
        }
    },
    {
        "id": "C03V31B5T",
        "name": "project-nights",
        "created": "1425983826",
        "creator": "U03V2PZUB",
        "is_archived": false,
        "is_general": false,
        "members": [
            "U03SSL0FM",
            "U03V2PZUB",
            "U03V8JE3Y",
            "U03V8V08M",
            "U040DRY7U",
            "U0411TR6W",
            "U04134XGE",
            "U0439TLAM",
            "U043AB2QT",
            "U043LP6SF",
            "U043U87J7",
            "U043YTCDZ",
            "U043ZC515",
            "U0440LRJX",
            "U04438UDC",
            "U044QMK6K",
            "U044T9VMW",
            "U045B6S99",
            "U045JSRHX",
            "U045N93AZ",
            "U045SGGD8",
            "U046D0DSD",
            "U046FCXL7",
            "U047GTU64",
            "U048TCADN",
            "U049Y3RBJ",
            "U04A6P1QU",
            "U04ARJGN2",
            "U04ATUH50",
            "U04AU4DQN",
            "U04AW6E1X",
            "U04AW7GPM",
            "U04BD6KB1",
            "U04BGLGM3",
            "U04FBC86N",
            "U04G84Q3E",
            "U04M4CG7Y",
            "U04N07VEM",
            "U04NF9JLC",
            "U04PVM8BR",
            "U04RMJJE6",
            "U04S3TWBT",
            "U04TVH682",
            "U04TVH6N8",
            "U04TVTLQ8",
            "U04TZ8K6S",
            "U04UGLGMJ",
            "U04UJ2HMT",
            "U050979TG",
            "U050EH43B",
            "U050WKBTH",
            "U050WT24D",
            "U051MHBQU",
            "U053AN7N1",
            "U05485UQL",
            "U0548MFSE",
            "U054SBPRC",
            "U054XNZ16",
            "U062LD65Q",
            "U065NAMB8",
            "U067KU0PP",
            "U06BGNMBL",
            "U06BH5ZPW",
            "U06G6TFN0",
            "U072K0544",
            "U072M1BRV",
            "U075TTK8W",
            "U077SJWN5",
            "U07CK66U8",
            "U07CKEQU9",
            "U07CQV797",
            "U07R4RW2F",
            "U084J8C72",
            "U08ABC8EN",
            "U08MBK57F",
            "U0958RLPM",
            "U095LRN06",
            "U095PTE8H",
            "U0979C5LM",
            "U09ABGTUJ",
            "U09BZ08SY",
            "U09BZ4FSR",
            "U09CRGN9J",
            "U09CRUH5M",
            "U09CS0TJ9",
            "U09EXEELV",
            "U09L89DDM",
            "U0A48LWTG",
            "U0A49UQ8Z",
            "U0A8GSHHA",
            "U0A8SF1RA",
            "U0A9ALENN",
            "U0ABB00E4",
            "U0AF6AFHB",
            "U0AG590TB",
            "U0AKDGM98",
            "U0APW2QAC",
            "U0ASNE2QN",
            "U0ASPMFPS",
            "U0AUFD9EK",
            "U0B47NPJ9",
            "U0BAFA2FJ",
            "U0BNR9FCY",
            "U0BP18QJZ",
            "U0BR1H1FY",
            "U0BV2PSRF",
            "U0C3W1DRV",
            "U0C5RUAKW",
            "U0C5RUAQ4",
            "U0C5XJ8EL",
            "U0C6GLVL3",
            "U0CNE6C00",
            "U0CNG49R9",
            "U0CPGNPRN",
            "U0CT5HFSS",
            "U0CTN02SZ",
            "U0CTS7988",
            "U0D95V1QB",
            "U0D9L7VSL",
            "U0DG5ER0C",
            "U0DRL0LE9",
            "U0DTFBKU3",
            "U0E1FPUH4",
            "U0E25V82X",
            "U0EMDSHJP",
            "U0ENJ4F34",
            "U0F26RK46",
            "U0FTFSCJX",
            "U0GA86AE5",
            "U0GTF1CFK",
            "U0H2C0N06",
            "U0H3RHM0B",
            "U0HTKP3SP",
            "U0JHYSZ8D",
            "U0K8HSK3K",
            "U0L498TJQ",
            "U0L9R72E6",
            "U0LE0FHK9",
            "U0LH92QVA",
            "U0LHVUVDZ",
            "U0LVBSC67",
            "U0N55UP19",
            "U0P2A7WM8",
            "U0QTCUMJL",
            "U0R8C18RM",
            "U0SCR16MU",
            "U0SR0MPPS",
            "U0TGTGM6C",
            "U0TLSSR8S",
            "U0TLUDGJJ",
            "U0TMZN5UY",
            "U0U28JT4N",
            "U0YNZERRB",
            "U0YQ5FL2X",
            "U0Z487TGE",
            "U0Z6G5Z1Q",
            "U0ZALKPD5",
            "U129PS692",
            "U12T7S4CF",
            "U13NN4T70",
            "U14KVFYS3",
            "U14KXUFJT",
            "U14L0QAF2",
            "U164MJ44V",
            "U17GE3K0D",
            "U18BAPQ82",
            "U1AGPQ6BS",
            "U1BUM5U78",
            "U1CTEGCNM",
            "U1DG7MDDZ",
            "U1DP99WFM",
            "U1DSW7PAS",
            "U1E99UG49",
            "U1F9NVA83",
            "U1FSAAJ04",
            "U1G515MBN",
            "U1NNSV1FE",
            "U1PBKT095",
            "U1TE48SP8",
            "U1U4TGPEX",
            "U1V9X16D6",
            "U1VC5K5SL",
            "U1VLX52AF",
            "U1X2C12TH",
            "U1XB7HR3J",
            "U1XQ25E4R",
            "U290V9A49",
            "U2A9G3KRV",
            "U2C6ZDQDQ",
            "U2E7XHFRU",
            "U2ETMPWV8",
            "U2FG9BB47",
            "U2Q0K9287",
            "U2TPZ9EH3",
            "U2UT6RX7Z",
            "U2WALE388",
            "U2WGJLENM",
            "U2Z04C8HJ",
            "U2ZS09GTZ",
            "U311XQT2P",
            "U326W6T5J",
            "U3281D18V",
            "U32E552SF",
            "U34J77EEQ",
            "U37TYCZSQ",
            "U39BMLLMU",
            "U3DEEE3K5"
        ],
        "topic": {
            "value": "",
            "creator": "",
            "last_set": "0"
        },
        "purpose": {
            "value": "",
            "creator": "",
            "last_set": "0"
        }
    },
    {
        "id": "C03SSL0H5",
        "name": "random",
        "created": "1425412208",
        "creator": "U03SSL0FM",
        "is_archived": false,
        "is_general": false,
        "members": [
            "U03SSL0FM",
            "U03UZFF5V",
            "U03V3L7G8",
            "U03V3P960",
            "U03V4FJTA",
            "U03V5B7KY",
            "U03V5PXL0",
            "U03V87JDW",
            "U03V89R7Q",
            "U03V8C0DJ",
            "U03V8JE3Y",
            "U03V8V08M",
            "U04073Q56",
            "U04093H8A",
            "U040DRY7U",
            "U040LNZ6Y",
            "U040MK408",
            "U0411TR6W",
            "U04134XGE",
            "U0417SBAP",
            "U0439TLAM",
            "U043AB2QT",
            "U043LP6SF",
            "U043U87J7",
            "U043YTCDZ",
            "U043ZC515",
            "U0440LRJX",
            "U0441PH0Q",
            "U04438UDC",
            "U044QMK6K",
            "U044T9VMW",
            "U045B6S99",
            "U045JSRHX",
            "U045N93AZ",
            "U045SGGD8",
            "U046D0DSD",
            "U046FCXL7",
            "U047GTU64",
            "U048TCADN",
            "U049Y3RBJ",
            "U04A6P1QU",
            "U04ARJGN2",
            "U04ATUH50",
            "U04AU4DQN",
            "U04AW6E1X",
            "U04AW7GPM",
            "U04BD6KB1",
            "U04BGLGM3",
            "U04FBC86N",
            "U04G84Q3E",
            "U04M4CG7Y",
            "U04N07VEM",
            "U04NF9JLC",
            "U04PVM8BR",
            "U04RMJJE6",
            "U04S3TWBT",
            "U04TVH682",
            "U04TVH6N8",
            "U04TVTLQ8",
            "U04TZ8K6S",
            "U04UGLGMJ",
            "U04UJ2HMT",
            "U050979TG",
            "U050EH43B",
            "U050WKBTH",
            "U050WT24D",
            "U051MHBQU",
            "U053AN7N1",
            "U05485UQL",
            "U0548MFSE",
            "U054SBPRC",
            "U054XNZ16",
            "U062LD65Q",
            "U065NAMB8",
            "U067KU0PP",
            "U06BGNMBL",
            "U06BH5ZPW",
            "U06G6TFN0",
            "U072K0544",
            "U072M1BRV",
            "U075TTK8W",
            "U077SJWN5",
            "U07CKEQU9",
            "U07CQV797",
            "U07R4RW2F",
            "U084J8C72",
            "U08ABC8EN",
            "U08MBK57F",
            "U0958RLPM",
            "U095LRN06",
            "U095PTE8H",
            "U0979C5LM",
            "U09ABGTUJ",
            "U09BZ08SY",
            "U09BZ4FSR",
            "U09CRGN9J",
            "U09CRUH5M",
            "U09CS0TJ9",
            "U09EXEELV",
            "U09L89DDM",
            "U0A48LWTG",
            "U0A49UQ8Z",
            "U0A8GSHHA",
            "U0A8SF1RA",
            "U0A9ALENN",
            "U0ABB00E4",
            "U0AF6AFHB",
            "U0AG590TB",
            "U0AKDGM98",
            "U0APW2QAC",
            "U0ASNE2QN",
            "U0ASPMFPS",
            "U0AUFD9EK",
            "U0B47NPJ9",
            "U0BAFA2FJ",
            "U0BNR9FCY",
            "U0BP18QJZ",
            "U0BR1H1FY",
            "U0BV2PSRF",
            "U0C3W1DRV",
            "U0C5RUAKW",
            "U0C5RUAQ4",
            "U0C5XJ8EL",
            "U0C6GLVL3",
            "U0CNE6C00",
            "U0CNG49R9",
            "U0CPGNPRN",
            "U0CT5HFSS",
            "U0CTN02SZ",
            "U0CTS7988",
            "U0D95V1QB",
            "U0D9L7VSL",
            "U0DG5ER0C",
            "U0DRL0LE9",
            "U0DTFBKU3",
            "U0E1FPUH4",
            "U0E25V82X",
            "U0EMDSHJP",
            "U0ENJ4F34",
            "U0F26RK46",
            "U0GA86AE5",
            "U0GTF1CFK",
            "U0H2C0N06",
            "U0H3RHM0B",
            "U0HTKP3SP",
            "U0JHYSZ8D",
            "U0K8HSK3K",
            "U0L498TJQ",
            "U0L9R72E6",
            "U0LE0FHK9",
            "U0LH92QVA",
            "U0LHVUVDZ",
            "U0LVBSC67",
            "U0N55UP19",
            "U0P2A7WM8",
            "U0PJ32U01",
            "U0QTCUMJL",
            "U0R8C18RM",
            "U0SCR16MU",
            "U0SR0MPPS",
            "U0TGTGM6C",
            "U0TLSSR8S",
            "U0TLUDGJJ",
            "U0TMZN5UY",
            "U0U28JT4N",
            "U0YNZERRB",
            "U0YQ5FL2X",
            "U0Z487TGE",
            "U0Z6G5Z1Q",
            "U0ZALKPD5",
            "U129PS692",
            "U12T7S4CF",
            "U13NN4T70",
            "U14KVFYS3",
            "U14KXUFJT",
            "U14L0QAF2",
            "U164MJ44V",
            "U17GE3K0D",
            "U18BAPQ82",
            "U1AEWLSFJ",
            "U1AGPQ6BS",
            "U1BUM5U78",
            "U1CTEGCNM",
            "U1DG7MDDZ",
            "U1DP99WFM",
            "U1DSW7PAS",
            "U1E99UG49",
            "U1F9NVA83",
            "U1FSAAJ04",
            "U1G515MBN",
            "U1NNSV1FE",
            "U1PBKT095",
            "U1TE48SP8",
            "U1U4TGPEX",
            "U1V9X16D6",
            "U1VC5K5SL",
            "U1VLX52AF",
            "U1X2C12TH",
            "U1XB7HR3J",
            "U1XQ25E4R",
            "U290V9A49",
            "U2A9G3KRV",
            "U2C6ZDQDQ",
            "U2E7XHFRU",
            "U2ETMPWV8",
            "U2FG9BB47",
            "U2Q0K9287",
            "U2TPZ9EH3",
            "U2UT6RX7Z",
            "U2WALE388",
            "U2WGJLENM",
            "U2Z04C8HJ",
            "U2ZS09GTZ",
            "U311XQT2P",
            "U326W6T5J",
            "U3281D18V",
            "U32E552SF",
            "U34J77EEQ",
            "U37TYCZSQ",
            "U39BMLLMU",
            "U3DEEE3K5"
        ],
        "topic": {
            "value": "",
            "creator": "",
            "last_set": "0"
        },
        "purpose": {
            "value": "A place for non-work banter, links, articles of interest, humor or anything else which you'd like concentrated in some place other than work-related channels.",
            "creator": "",
            "last_set": "0"
        }
    },
    {
        "id": "C0429JTV9",
        "name": "twitter",
        "created": "1426602587",
        "creator": "U03SSL0FM",
        "is_archived": false,
        "is_general": false,
        "members": [
            "U03SSL0FM",
            "U03UZFF5V",
            "U03V3L7G8",
            "U03V3P960",
            "U03V4FJTA",
            "U03V5PXL0",
            "U03V87JDW",
            "U03V89R7Q",
            "U03V8JE3Y",
            "U03V8V08M",
            "U04073Q56",
            "U04093H8A",
            "U040DRY7U",
            "U040LNZ6Y",
            "U040MK408",
            "U0411TR6W",
            "U04134XGE",
            "U0417SBAP",
            "U0439TLAM",
            "U043AB2QT",
            "U043LP6SF",
            "U043U87J7",
            "U043YTCDZ",
            "U043ZC515",
            "U0440LRJX",
            "U0441PH0Q",
            "U04438UDC",
            "U044QMK6K",
            "U044T9VMW",
            "U045B6S99",
            "U045JSRHX",
            "U045N93AZ",
            "U045SGGD8",
            "U046D0DSD",
            "U046FCXL7",
            "U047GTU64",
            "U048TCADN",
            "U049Y3RBJ",
            "U04A6P1QU",
            "U04ARJGN2",
            "U04ATUH50",
            "U04AU4DQN",
            "U04AW6E1X",
            "U04AW7GPM",
            "U04BE0ELZ",
            "U04BGLGM3",
            "U04FBC86N",
            "U04G84Q3E",
            "U04M4CG7Y",
            "U04N07VEM",
            "U04NF9JLC",
            "U04RMJJE6",
            "U04S3TWBT",
            "U04TVH682",
            "U04TVH6N8",
            "U04TVTLQ8",
            "U04TZ8K6S",
            "U04UGLGMJ",
            "U04UJ2HMT",
            "U050979TG",
            "U050EH43B",
            "U050WKBTH",
            "U050WT24D",
            "U051MHBQU",
            "U053AN7N1",
            "U05485UQL",
            "U0548MFSE",
            "U054SBPRC",
            "U054XNZ16",
            "U062LD65Q",
            "U062TJYHW",
            "U065NAMB8",
            "U067KU0PP",
            "U06BGNMBL",
            "U06BH5ZPW",
            "U06G6TFN0",
            "U072K0544",
            "U072M1BRV",
            "U075TTK8W",
            "U077SJWN5",
            "U07CK66U8",
            "U07CKEQU9",
            "U07CQV797",
            "U07R4RW2F",
            "U084J8C72",
            "U08ABC8EN",
            "U08MBK57F",
            "U0958RLPM",
            "U095LRN06",
            "U095PTE8H",
            "U0979C5LM",
            "U09ABGTUJ",
            "U09BZ08SY",
            "U09BZ4FSR",
            "U09CRGN9J",
            "U09CRUH5M",
            "U09CS0TJ9",
            "U09EXEELV",
            "U09L89DDM",
            "U0A48LWTG",
            "U0A49UQ8Z",
            "U0A8GSHHA",
            "U0A8SF1RA",
            "U0A9ALENN",
            "U0ABB00E4",
            "U0AF6AFHB",
            "U0AG590TB",
            "U0AKDGM98",
            "U0APW2QAC",
            "U0ASNE2QN",
            "U0ASPMFPS",
            "U0AUFD9EK",
            "U0B47NPJ9",
            "U0BAFA2FJ",
            "U0BNR9FCY",
            "U0BP18QJZ",
            "U0BR1H1FY",
            "U0BV2PSRF",
            "U0C3W1DRV",
            "U0C5RUAKW",
            "U0C5RUAQ4",
            "U0C5XJ8EL",
            "U0C6GLVL3",
            "U0CNE6C00",
            "U0CNG49R9",
            "U0CPGNPRN",
            "U0CT5HFSS",
            "U0CTN02SZ",
            "U0CTS7988",
            "U0D95V1QB",
            "U0D9L7VSL",
            "U0DG5ER0C",
            "U0DRL0LE9",
            "U0DTFBKU3",
            "U0E1FPUH4",
            "U0E25V82X",
            "U0EMDSHJP",
            "U0ENJ4F34",
            "U0F26RK46",
            "U0GA86AE5",
            "U0GTF1CFK",
            "U0H2C0N06",
            "U0H3RHM0B",
            "U0HTKP3SP",
            "U0JHYSZ8D",
            "U0K8HSK3K",
            "U0L498TJQ",
            "U0L9R72E6",
            "U0LE0FHK9",
            "U0LH92QVA",
            "U0LHVUVDZ",
            "U0LVBSC67",
            "U0N55UP19",
            "U0P2A7WM8",
            "U0QTCUMJL",
            "U0R8C18RM",
            "U0SCR16MU",
            "U0SR0MPPS",
            "U0TGTGM6C",
            "U0TLSSR8S",
            "U0TLUDGJJ",
            "U0TMZN5UY",
            "U0U28JT4N",
            "U0YNZERRB",
            "U0YQ5FL2X",
            "U0Z487TGE",
            "U0Z6G5Z1Q",
            "U0ZALKPD5",
            "U129PS692",
            "U12T7S4CF",
            "U13NN4T70",
            "U14KVFYS3",
            "U14KXUFJT",
            "U14L0QAF2",
            "U164MJ44V",
            "U17GE3K0D",
            "U18BAPQ82",
            "U1AGPQ6BS",
            "U1BUM5U78",
            "U1CTEGCNM",
            "U1DG7MDDZ",
            "U1DP99WFM",
            "U1DSW7PAS",
            "U1E99UG49",
            "U1F9NVA83",
            "U1FSAAJ04",
            "U1G515MBN",
            "U1NNSV1FE",
            "U1PBKT095",
            "U1TE48SP8",
            "U1U4TGPEX",
            "U1V9X16D6",
            "U1VC5K5SL",
            "U1VLX52AF",
            "U1X2C12TH",
            "U1XB7HR3J",
            "U1XQ25E4R",
            "U290V9A49",
            "U2A9G3KRV",
            "U2C6ZDQDQ",
            "U2E7XHFRU",
            "U2ETMPWV8",
            "U2FG9BB47",
            "U2Q0K9287",
            "U2TPZ9EH3",
            "U2UT6RX7Z",
            "U2WALE388",
            "U2WGJLENM",
            "U2Z04C8HJ",
            "U2ZS09GTZ",
            "U311XQT2P",
            "U326W6T5J",
            "U3281D18V",
            "U32E552SF",
            "U34J77EEQ",
            "U37TYCZSQ",
            "U39BMLLMU",
            "U3DEEE3K5"
        ],
        "topic": {
            "value": "",
            "creator": "",
            "last_set": "0"
        },
        "purpose": {
            "value": "",
            "creator": "",
            "last_set": "0"
        }
    },
    {
        "id": "C1M9074RL",
        "name": "vibes",
        "created": "1467190681",
        "creator": "U03V8V08M",
        "is_archived": false,
        "is_general": false,
        "members": [
            "U03V8V08M",
            "U040MK408",
            "U043AB2QT",
            "U047GTU64",
            "U05485UQL",
            "U095LRN06",
            "U0CPGNPRN",
            "U1U4TGPEX"
        ],
        "topic": {
            "value": "VIBES",
            "creator": "U047GTU64",
            "last_set": "1467190717"
        },
        "purpose": {
            "value": "",
            "creator": "",
            "last_set": "0"
        }
    }
]