[
    {
        "user": "U043AB2QT",
        "type": "message",
        "subtype": "channel_join",
        "text": "<@U043AB2QT|aaron> has joined the channel",
        "ts": "1430913460.000002"
    },
    {
        "user": "U043AB2QT",
        "type": "message",
        "subtype": "channel_leave",
        "text": "<@U043AB2QT|aaron> has left the channel",
        "ts": "1430913493.000003"
    },
    {
        "text": "",
        "username": "Blab",
        "icons": {
            "image_48": "https:\/\/s3-us-west-2.amazonaws.com\/slack-files2\/bot_icons\/2015-05-05\/4768334259_48.png"
        },
        "attachments": [
            {
                "fallback": "<https:\/\/www.blab.im\/makerhunt>",
                "text": "<https:\/\/www.blab.im\/makerhunt>",
                "title": "Testing Blab",
                "author_name": "Maker Hunt is On Air",
                "id": 1,
                "title_link": "https:\/\/www.blab.im\/makerhunt",
                "color": "60459B",
                "fields": [
                    {
                        "title": "",
                        "value": "Eric Willis (Maker Hunt) &amp; Jonas Daniels (Maker Hunt)",
                        "short": false
                    }
                ]
            }
        ],
        "type": "message",
        "subtype": "bot_message",
        "ts": "1430931994.000000"
    },
    {
        "text": "",
        "username": "Blab",
        "icons": {
            "image_48": "https:\/\/s3-us-west-2.amazonaws.com\/slack-files2\/bot_icons\/2015-05-05\/4768334259_48.png"
        },
        "attachments": [
            {
                "fallback": "<https:\/\/www.blab.im\/makerhunt>",
                "text": "<https:\/\/www.blab.im\/makerhunt>",
                "title": "Just Blabbing",
                "author_name": "Maker Hunt is On Air",
                "id": 1,
                "title_link": "https:\/\/www.blab.im\/makerhunt",
                "color": "60459B",
                "fields": [
                    {
                        "title": "",
                        "value": "Eric Willis (Maker Hunt) &amp; Chikodi Chima (Moonshot)",
                        "short": false
                    }
                ]
            }
        ],
        "type": "message",
        "subtype": "bot_message",
        "ts": "1430938905.000000"
    },
    {
        "text": "",
        "username": "Blab",
        "icons": {
            "image_48": "https:\/\/s3-us-west-2.amazonaws.com\/slack-files2\/bot_icons\/2015-05-05\/4768334259_48.png"
        },
        "attachments": [
            {
                "fallback": "<https:\/\/www.blab.im\/makerhunt>",
                "text": "<https:\/\/www.blab.im\/makerhunt>",
                "title": "Just Blabbing",
                "author_name": "Maker Hunt is On Air",
                "id": 1,
                "title_link": "https:\/\/www.blab.im\/makerhunt",
                "color": "60459B",
                "fields": [
                    {
                        "title": "",
                        "value": "Jonas Daniels (Maker Hunt) &amp; Ben Tossell (Maker Hunt)",
                        "short": false
                    }
                ]
            }
        ],
        "type": "message",
        "subtype": "bot_message",
        "ts": "1430942517.000000"
    },
    {
        "text": "",
        "username": "Blab",
        "icons": {
            "image_48": "https:\/\/s3-us-west-2.amazonaws.com\/slack-files2\/bot_icons\/2015-05-05\/4768334259_48.png"
        },
        "attachments": [
            {
                "fallback": "<https:\/\/www.blab.im\/1minute>",
                "text": "<https:\/\/www.blab.im\/1minute>",
                "title": "what's happening right now?",
                "author_name": "1 Minute is On Air",
                "id": 1,
                "title_link": "https:\/\/www.blab.im\/1minute",
                "color": "60459B",
                "fields": [
                    {
                        "title": "",
                        "value": "alex kwon (1minute) &amp; shaan puri (monkey inferno)",
                        "short": false
                    }
                ]
            }
        ],
        "type": "message",
        "subtype": "bot_message",
        "ts": "1430953950.000000"
    },
    {
        "text": "",
        "username": "Blab",
        "icons": {
            "image_48": "https:\/\/s3-us-west-2.amazonaws.com\/slack-files2\/bot_icons\/2015-05-05\/4768334259_48.png"
        },
        "attachments": [
            {
                "fallback": "<https:\/\/www.blab.im\/500startups>",
                "text": "<https:\/\/www.blab.im\/500startups>",
                "title": "Winning an Emmy",
                "author_name": "500 Startups is On Air",
                "id": 1,
                "title_link": "https:\/\/www.blab.im\/500startups",
                "color": "60459B",
                "fields": [
                    {
                        "title": "",
                        "value": "mattellsworth (500) &amp; Tammy Camp (500)",
                        "short": false
                    }
                ]
            }
        ],
        "type": "message",
        "subtype": "bot_message",
        "ts": "1430954166.000000"
    }
]