[
    {
        "text": "",
        "username": "Blab",
        "icons": {
            "image_48": "https:\/\/s3-us-west-2.amazonaws.com\/slack-files2\/bot_icons\/2015-05-05\/4768334259_48.png"
        },
        "attachments": [
            {
                "fallback": "<https:\/\/www.blab.im\/makerhunt>",
                "text": "<https:\/\/www.blab.im\/makerhunt>",
                "title": "Check-in",
                "author_name": "Maker Hunt is On Air",
                "id": 1,
                "title_link": "https:\/\/www.blab.im\/makerhunt",
                "color": "60459B",
                "fields": [
                    {
                        "title": "",
                        "value": "Eric Willis (Maker Hunt) &amp; Jonas Daniels (Maker Hunt)",
                        "short": false
                    }
                ]
            }
        ],
        "type": "message",
        "subtype": "bot_message",
        "ts": "1431370016.000000"
    },
    {
        "text": "",
        "username": "Blab",
        "icons": {
            "image_48": "https:\/\/s3-us-west-2.amazonaws.com\/slack-files2\/bot_icons\/2015-05-05\/4768334259_48.png"
        },
        "attachments": [
            {
                "fallback": "<https:\/\/www.blab.im\/foundersdojo>",
                "text": "<https:\/\/www.blab.im\/foundersdojo>",
                "title": "Funemployment",
                "author_name": "Founders Dojo is On Air",
                "id": 1,
                "title_link": "https:\/\/www.blab.im\/foundersdojo",
                "color": "60459B",
                "fields": [
                    {
                        "title": "",
                        "value": "Suzanne Nguyen (foundersdojo) &amp; Jeff Needles (foundersdojo)",
                        "short": false
                    }
                ]
            }
        ],
        "type": "message",
        "subtype": "bot_message",
        "ts": "1431402823.000000"
    }
]