[
    {
        "text": "",
        "username": "Blab",
        "icons": {
            "image_48": "https:\/\/s3-us-west-2.amazonaws.com\/slack-files2\/bot_icons\/2015-05-21\/4999079216_48.png"
        },
        "attachments": [
            {
                "fallback": "<https:\/\/www.blab.im\/salesstack>",
                "text": "Talking about: <http:\/\/bit.ly\/SSAMEETUP|bit.ly\/SSAMEETUP>",
                "title": "<https:\/\/www.blab.im\/salesstack>",
                "author_name": "Salesstack is On Air",
                "id": 1,
                "title_link": "https:\/\/www.blab.im\/salesstack",
                "color": "60459B"
            }
        ],
        "type": "message",
        "subtype": "bot_message",
        "ts": "1432824662.965151"
    },
    {
        "text": "",
        "username": "Blab",
        "icons": {
            "image_48": "https:\/\/s3-us-west-2.amazonaws.com\/slack-files2\/bot_icons\/2015-05-19\/4960406268_48.png"
        },
        "attachments": [
            {
                "fallback": "<https:\/\/www.blab.im\/blab>",
                "text": "Talking about: Let's Talk: The London Startup Scene",
                "title": "<https:\/\/www.blab.im\/blab>",
                "author_name": "Blab is On Air",
                "id": 1,
                "title_link": "https:\/\/www.blab.im\/blab",
                "color": "60459B"
            }
        ],
        "type": "message",
        "subtype": "bot_message",
        "ts": "1432834099.184702"
    },
    {
        "text": "",
        "username": "Blab",
        "icons": {
            "image_48": "https:\/\/s3-us-west-2.amazonaws.com\/slack-files2\/bot_icons\/2015-05-27\/5098972587_48.png"
        },
        "attachments": [
            {
                "fallback": "<https:\/\/www.blab.im\/violeta>",
                "text": "Talking about: Heliotrope",
                "title": "<https:\/\/www.blab.im\/violeta>",
                "author_name": "Violeta is On Air",
                "id": 1,
                "title_link": "https:\/\/www.blab.im\/violeta",
                "color": "60459B"
            }
        ],
        "type": "message",
        "subtype": "bot_message",
        "ts": "1432837171.251422"
    },
    {
        "text": "",
        "username": "Blab",
        "icons": {
            "image_48": "https:\/\/s3-us-west-2.amazonaws.com\/slack-files2\/bot_icons\/2015-05-19\/4961488284_48.png"
        },
        "attachments": [
            {
                "fallback": "<https:\/\/www.blab.im\/youngstartups>",
                "text": "Talking about: blab and stuff",
                "title": "<https:\/\/www.blab.im\/youngstartups>",
                "author_name": "YoungStartups is On Air",
                "id": 1,
                "title_link": "https:\/\/www.blab.im\/youngstartups",
                "color": "60459B"
            }
        ],
        "type": "message",
        "subtype": "bot_message",
        "ts": "1432845593.448931"
    },
    {
        "text": "",
        "username": "Blab",
        "icons": {
            "image_48": "https:\/\/s3-us-west-2.amazonaws.com\/slack-files2\/bot_icons\/2015-05-19\/4960406268_48.png"
        },
        "attachments": [
            {
                "fallback": "<https:\/\/www.blab.im\/blab>",
                "text": "Talking about: Google IO 2015",
                "title": "<https:\/\/www.blab.im\/blab>",
                "author_name": "Blab is On Air",
                "id": 1,
                "title_link": "https:\/\/www.blab.im\/blab",
                "color": "60459B"
            }
        ],
        "type": "message",
        "subtype": "bot_message",
        "ts": "1432850147.544866"
    }
]