[
    {
        "text": "",
        "username": "Blab",
        "icons": {
            "image_48": "https:\/\/s3-us-west-2.amazonaws.com\/slack-files2\/bot_icons\/2015-05-05\/4768334259_48.png"
        },
        "attachments": [
            {
                "fallback": "<https:\/\/www.blab.im\/makerhunt>",
                "text": "Talking about: AMA with @shaanvp",
                "title": "<https:\/\/www.blab.im\/makerhunt>",
                "author_name": "Maker Hunt is On Air",
                "id": 1,
                "title_link": "https:\/\/www.blab.im\/makerhunt",
                "color": "60459B"
            }
        ],
        "type": "message",
        "subtype": "bot_message",
        "ts": "1431631915.000000"
    },
    {
        "text": "",
        "username": "Blab",
        "icons": {
            "image_48": "https:\/\/s3-us-west-2.amazonaws.com\/slack-files2\/bot_icons\/2015-05-05\/4768334259_48.png"
        },
        "attachments": [
            {
                "fallback": "<https:\/\/www.blab.im\/bebo>",
                "text": "Talking about: Bebo",
                "title": "<https:\/\/www.blab.im\/bebo>",
                "author_name": "Bebo is On Air",
                "id": 1,
                "title_link": "https:\/\/www.blab.im\/bebo",
                "color": "60459B"
            }
        ],
        "type": "message",
        "subtype": "bot_message",
        "ts": "1431632025.000000"
    },
    {
        "text": "",
        "username": "Blab",
        "icons": {
            "image_48": "https:\/\/s3-us-west-2.amazonaws.com\/slack-files2\/bot_icons\/2015-05-05\/4768334259_48.png"
        },
        "attachments": [
            {
                "fallback": "<https:\/\/www.blab.im\/bebo>",
                "text": "Talking about: \"Well, We Failed\" with Jeremy Bell",
                "title": "<https:\/\/www.blab.im\/bebo>",
                "author_name": "Bebo is On Air",
                "id": 1,
                "title_link": "https:\/\/www.blab.im\/bebo",
                "color": "60459B"
            }
        ],
        "type": "message",
        "subtype": "bot_message",
        "ts": "1431636298.000000"
    },
    {
        "text": "",
        "username": "Blab",
        "icons": {
            "image_48": "https:\/\/s3-us-west-2.amazonaws.com\/slack-files2\/bot_icons\/2015-05-05\/4768334259_48.png"
        },
        "attachments": [
            {
                "fallback": "<https:\/\/www.blab.im\/bebo>",
                "text": "Talking about: Aftershow",
                "title": "<https:\/\/www.blab.im\/bebo>",
                "author_name": "Bebo is On Air",
                "id": 1,
                "title_link": "https:\/\/www.blab.im\/bebo",
                "color": "60459B"
            }
        ],
        "type": "message",
        "subtype": "bot_message",
        "ts": "1431639881.000000"
    },
    {
        "text": "",
        "username": "Blab",
        "icons": {
            "image_48": "https:\/\/s3-us-west-2.amazonaws.com\/slack-files2\/bot_icons\/2015-05-05\/4768334259_48.png"
        },
        "attachments": [
            {
                "fallback": "<https:\/\/www.blab.im\/bebo>",
                "text": "Talking about: Aftershow",
                "title": "<https:\/\/www.blab.im\/bebo>",
                "author_name": "Bebo is On Air",
                "id": 1,
                "title_link": "https:\/\/www.blab.im\/bebo",
                "color": "60459B"
            }
        ],
        "type": "message",
        "subtype": "bot_message",
        "ts": "1431643510.000000"
    },
    {
        "text": "",
        "username": "Blab",
        "icons": {
            "image_48": "https:\/\/s3-us-west-2.amazonaws.com\/slack-files2\/bot_icons\/2015-05-05\/4768334259_48.png"
        },
        "attachments": [
            {
                "fallback": "<https:\/\/www.blab.im\/bebo>",
                "text": "Talking about: Talking about Assist with Shane Mac and Robert Stephens",
                "title": "<https:\/\/www.blab.im\/bebo>",
                "author_name": "Bebo is On Air",
                "id": 1,
                "title_link": "https:\/\/www.blab.im\/bebo",
                "color": "60459B"
            }
        ],
        "type": "message",
        "subtype": "bot_message",
        "ts": "1431648724.000000"
    },
    {
        "text": "",
        "username": "Blab",
        "icons": {
            "image_48": "https:\/\/s3-us-west-2.amazonaws.com\/slack-files2\/bot_icons\/2015-05-05\/4768334259_48.png"
        },
        "attachments": [
            {
                "fallback": "<https:\/\/www.blab.im\/bebo>",
                "text": "Talking about: Talking about Assist with Shane Mac and Robert Stephens",
                "title": "<https:\/\/www.blab.im\/bebo>",
                "author_name": "Bebo is On Air",
                "id": 1,
                "title_link": "https:\/\/www.blab.im\/bebo",
                "color": "60459B"
            }
        ],
        "type": "message",
        "subtype": "bot_message",
        "ts": "1431655809.000000"
    },
    {
        "text": "",
        "username": "Blab",
        "icons": {
            "image_48": "https:\/\/s3-us-west-2.amazonaws.com\/slack-files2\/bot_icons\/2015-05-05\/4768334259_48.png"
        },
        "attachments": [
            {
                "fallback": "<https:\/\/www.blab.im\/bebo>",
                "text": "Talking about: Talking about Assist with Shane Mac and Robert Stephens",
                "title": "<https:\/\/www.blab.im\/bebo>",
                "author_name": "Bebo is On Air",
                "id": 1,
                "title_link": "https:\/\/www.blab.im\/bebo",
                "color": "60459B"
            }
        ],
        "type": "message",
        "subtype": "bot_message",
        "ts": "1431662261.000000"
    }
]