[
    {
        "text": "",
        "username": "Blab",
        "icons": {
            "image_48": "https:\/\/s3-us-west-2.amazonaws.com\/slack-files2\/bot_icons\/2015-05-21\/4986842806_48.png"
        },
        "attachments": [
            {
                "fallback": "<https:\/\/www.blab.im\/makerhunt>",
                "text": "Talking about: Tuesday {insertTimeOfDay()} Blab",
                "title": "<https:\/\/www.blab.im\/makerhunt>",
                "author_name": "Maker Hunt is On Air",
                "id": 1,
                "title_link": "https:\/\/www.blab.im\/makerhunt",
                "color": "60459B"
            }
        ],
        "type": "message",
        "subtype": "bot_message",
        "ts": "1432671516.443279"
    },
    {
        "text": "",
        "username": "Blab",
        "icons": {
            "image_48": "https:\/\/s3-us-west-2.amazonaws.com\/slack-files2\/bot_icons\/2015-05-19\/4961488284_48.png"
        },
        "attachments": [
            {
                "fallback": "<https:\/\/www.blab.im\/youngstartups>",
                "text": "Talking about: off-topic\/ meetup",
                "title": "<https:\/\/www.blab.im\/youngstartups>",
                "author_name": "YoungStartups is On Air",
                "id": 1,
                "title_link": "https:\/\/www.blab.im\/youngstartups",
                "color": "60459B"
            }
        ],
        "type": "message",
        "subtype": "bot_message",
        "ts": "1432674099.500045"
    }
]