[
    {
        "text": "",
        "username": "Blab",
        "attachments": [
            {
                "fallback": "<https:\/\/www.blab.im\/empath>",
                "text": "Talking about: Heads together, thick as thieves",
                "title": "<https:\/\/www.blab.im\/empath>",
                "author_name": "Empath is On Air",
                "id": 1,
                "title_link": "https:\/\/www.blab.im\/empath",
                "color": "60459B"
            }
        ],
        "type": "message",
        "subtype": "bot_message",
        "ts": "1432900914.244093"
    },
    {
        "text": "",
        "username": "Blab",
        "attachments": [
            {
                "fallback": "<https:\/\/www.blab.im\/empath>",
                "text": "Talking about: live-streaming art",
                "title": "<https:\/\/www.blab.im\/empath>",
                "author_name": "Empath is On Air",
                "id": 1,
                "title_link": "https:\/\/www.blab.im\/empath",
                "color": "60459B"
            }
        ],
        "type": "message",
        "subtype": "bot_message",
        "ts": "1432916718.573290"
    },
    {
        "text": "",
        "username": "Blab",
        "icons": {
            "image_48": "https:\/\/s3-us-west-2.amazonaws.com\/slack-files2\/bot_icons\/2015-05-29\/5118219282_48.png"
        },
        "attachments": [
            {
                "fallback": "<https:\/\/www.blab.im\/shots>",
                "text": "Talking about: Social Networks",
                "title": "<https:\/\/www.blab.im\/shots>",
                "author_name": "shots is On Air",
                "id": 1,
                "title_link": "https:\/\/www.blab.im\/shots",
                "color": "60459B"
            }
        ],
        "type": "message",
        "subtype": "bot_message",
        "ts": "1432922986.706700"
    },
    {
        "text": "",
        "username": "Blab",
        "icons": {
            "image_48": "https:\/\/s3-us-west-2.amazonaws.com\/slack-files2\/bot_icons\/2015-05-21\/4999079216_48.png"
        },
        "attachments": [
            {
                "fallback": "<https:\/\/www.blab.im\/operationcode>",
                "text": "Talking about: Post-SignalConf and stuff",
                "title": "<https:\/\/www.blab.im\/operationcode>",
                "author_name": "operationcode is On Air",
                "id": 1,
                "title_link": "https:\/\/www.blab.im\/operationcode",
                "color": "60459B"
            }
        ],
        "type": "message",
        "subtype": "bot_message",
        "ts": "1432926624.793042"
    },
    {
        "text": "",
        "username": "Blab",
        "icons": {
            "image_48": "https:\/\/s3-us-west-2.amazonaws.com\/slack-files2\/bot_icons\/2015-05-21\/4999079216_48.png"
        },
        "attachments": [
            {
                "fallback": "<https:\/\/www.blab.im\/salesstack>",
                "text": "Talking about: Customer Success: Retain the Revenue",
                "title": "<https:\/\/www.blab.im\/salesstack>",
                "author_name": "Salesstack is On Air",
                "id": 1,
                "title_link": "https:\/\/www.blab.im\/salesstack",
                "color": "60459B"
            }
        ],
        "type": "message",
        "subtype": "bot_message",
        "ts": "1432928076.822103"
    }
]