[
    {
        "text": "",
        "username": "Blab",
        "icons": {
            "image_48": "https:\/\/s3-us-west-2.amazonaws.com\/slack-files2\/bot_icons\/2015-05-19\/4960406268_48.png"
        },
        "attachments": [
            {
                "fallback": "<https:\/\/www.blab.im\/foundersdojo>",
                "text": "Talking about: New Jobs",
                "title": "<https:\/\/www.blab.im\/foundersdojo>",
                "author_name": "Founders Dojo is On Air",
                "id": 1,
                "title_link": "https:\/\/www.blab.im\/foundersdojo",
                "color": "60459B"
            }
        ],
        "type": "message",
        "subtype": "bot_message",
        "ts": "1432312731.000000"
    },
    {
        "text": "",
        "username": "Blab",
        "icons": {
            "image_48": "https:\/\/s3-us-west-2.amazonaws.com\/slack-files2\/bot_icons\/2015-05-19\/4961488284_48.png"
        },
        "attachments": [
            {
                "fallback": "<https:\/\/www.blab.im\/youngstartups>",
                "text": "Talking about: young start ups",
                "title": "<https:\/\/www.blab.im\/youngstartups>",
                "author_name": "YoungStartups is On Air",
                "id": 1,
                "title_link": "https:\/\/www.blab.im\/youngstartups",
                "color": "60459B"
            }
        ],
        "type": "message",
        "subtype": "bot_message",
        "ts": "1432323069.000000"
    },
    {
        "text": "",
        "username": "Blab",
        "icons": {
            "image_48": "https:\/\/s3-us-west-2.amazonaws.com\/slack-files2\/bot_icons\/2015-05-19\/4960406268_48.png"
        },
        "attachments": [
            {
                "fallback": "<https:\/\/www.blab.im\/blab>",
                "text": "Talking about: Open brainstorm session - blab strategy mtg",
                "title": "<https:\/\/www.blab.im\/blab>",
                "author_name": "Blab is On Air",
                "id": 1,
                "title_link": "https:\/\/www.blab.im\/blab",
                "color": "60459B"
            }
        ],
        "type": "message",
        "subtype": "bot_message",
        "ts": "1432325651.000000"
    }
]