[
    {
        "text": "",
        "username": "Blab",
        "attachments": [
            {
                "fallback": "<https:\/\/www.blab.im\/violeta>",
                "text": "Talking about: ROAR",
                "title": "<https:\/\/www.blab.im\/violeta>",
                "author_name": "Violeta is On Air",
                "id": 1,
                "title_link": "https:\/\/www.blab.im\/violeta",
                "color": "60459B"
            }
        ],
        "type": "message",
        "subtype": "bot_message",
        "ts": "1432553630.718235"
    },
    {
        "text": "",
        "username": "Blab",
        "attachments": [
            {
                "fallback": "<https:\/\/www.blab.im\/violeta>",
                "text": "Talking about: Polar Bears say: Mee-MU",
                "title": "<https:\/\/www.blab.im\/violeta>",
                "author_name": "Violeta is On Air",
                "id": 1,
                "title_link": "https:\/\/www.blab.im\/violeta",
                "color": "60459B"
            }
        ],
        "type": "message",
        "subtype": "bot_message",
        "ts": "1432566878.904794"
    },
    {
        "text": "",
        "username": "Blab",
        "icons": {
            "image_48": "https:\/\/s3-us-west-2.amazonaws.com\/slack-files2\/bot_icons\/2015-05-21\/4986842806_48.png"
        },
        "attachments": [
            {
                "fallback": "<https:\/\/www.blab.im\/makerhunt>",
                "text": "Talking about: Blab, Twitter &amp; Other Things",
                "title": "<https:\/\/www.blab.im\/makerhunt>",
                "author_name": "Maker Hunt is On Air",
                "id": 1,
                "title_link": "https:\/\/www.blab.im\/makerhunt",
                "color": "60459B"
            }
        ],
        "type": "message",
        "subtype": "bot_message",
        "ts": "1432587810.179776"
    }
]