[
    {
        "user": "U04N07VEM",
        "type": "message",
        "subtype": "channel_join",
        "text": "<@U04N07VEM|slackchats> has joined the channel",
        "ts": "1430862251.000002"
    },
    {
        "text": "",
        "username": "Blab",
        "icons": {
            "image_48": "https:\/\/s3-us-west-2.amazonaws.com\/slack-files2\/bot_icons\/2015-05-05\/4768334259_48.png"
        },
        "attachments": [
            {
                "fallback": "<https:\/\/www.blab.im\/mattermark>",
                "text": "<https:\/\/www.blab.im\/mattermark>",
                "title": "Check out Blab!",
                "author_name": "Mattermark is On Air",
                "id": 1,
                "title_link": "https:\/\/www.blab.im\/mattermark",
                "color": "60459B",
                "fields": [
                    {
                        "title": "",
                        "value": "Nick Frost (Mattermark) &amp; shaan puri (monkey inferno)",
                        "short": false
                    }
                ]
            }
        ],
        "type": "message",
        "subtype": "bot_message",
        "ts": "1430873717.000000"
    },
    {
        "text": "",
        "username": "Blab",
        "icons": {
            "image_48": "https:\/\/s3-us-west-2.amazonaws.com\/slack-files2\/bot_icons\/2015-05-05\/4768334259_48.png"
        },
        "attachments": [
            {
                "fallback": "<https:\/\/www.blab.im\/producthunt>",
                "text": "<https:\/\/www.blab.im\/producthunt>",
                "title": "Testing, homies #2",
                "author_name": "ProductHunt is On Air",
                "id": 1,
                "title_link": "https:\/\/www.blab.im\/producthunt",
                "color": "60459B",
                "fields": [
                    {
                        "title": "",
                        "value": "Russ Frushtick (Product Hunt) &amp; Ryan Hoover (Product Hunt)",
                        "short": false
                    }
                ]
            }
        ],
        "type": "message",
        "subtype": "bot_message",
        "ts": "1430876509.000000"
    }
]