[
    {
        "text": "",
        "username": "Blab",
        "icons": {
            "image_48": "https:\/\/s3-us-west-2.amazonaws.com\/slack-files2\/bot_icons\/2015-05-05\/4768334259_48.png"
        },
        "attachments": [
            {
                "fallback": "<https:\/\/www.blab.im\/makerhunt>",
                "text": "Talking about: JustSlackMe (JustBlabMe?)",
                "title": "<https:\/\/www.blab.im\/makerhunt>",
                "author_name": "Maker Hunt is On Air",
                "id": 1,
                "title_link": "https:\/\/www.blab.im\/makerhunt",
                "color": "60459B"
            }
        ],
        "type": "message",
        "subtype": "bot_message",
        "ts": "1432040120.000000"
    },
    {
        "text": "",
        "username": "Blab",
        "icons": {
            "image_48": "https:\/\/s3-us-west-2.amazonaws.com\/slack-files2\/bot_icons\/2015-05-05\/4768334259_48.png"
        },
        "attachments": [
            {
                "fallback": "<https:\/\/www.blab.im\/makerhunt>",
                "text": "Talking about: \u8ddf Violeta \u804a\u5929\u4e00\u70b9",
                "title": "<https:\/\/www.blab.im\/makerhunt>",
                "author_name": "Maker Hunt is On Air",
                "id": 1,
                "title_link": "https:\/\/www.blab.im\/makerhunt",
                "color": "60459B"
            }
        ],
        "type": "message",
        "subtype": "bot_message",
        "ts": "1432054089.000000"
    },
    {
        "text": "",
        "username": "Blab",
        "icons": {
            "image_48": "https:\/\/s3-us-west-2.amazonaws.com\/slack-files2\/bot_icons\/2015-05-05\/4768334259_48.png"
        },
        "attachments": [
            {
                "fallback": "<https:\/\/www.blab.im\/bebo>",
                "text": "Talking about: talking design with Alex Hedin (CPO at )Cirqle",
                "title": "<https:\/\/www.blab.im\/bebo>",
                "author_name": "Bebo is On Air",
                "id": 1,
                "title_link": "https:\/\/www.blab.im\/bebo",
                "color": "60459B"
            }
        ],
        "type": "message",
        "subtype": "bot_message",
        "ts": "1432058777.000000"
    },
    {
        "text": "",
        "username": "Blab",
        "icons": {
            "image_48": "https:\/\/s3-us-west-2.amazonaws.com\/slack-files2\/bot_icons\/2015-05-05\/4768334259_48.png"
        },
        "attachments": [
            {
                "fallback": "<https:\/\/www.blab.im\/makerhunt>",
                "text": "Talking about: Music, Curation, The Web &amp; The Future",
                "title": "<https:\/\/www.blab.im\/makerhunt>",
                "author_name": "Maker Hunt is On Air",
                "id": 1,
                "title_link": "https:\/\/www.blab.im\/makerhunt",
                "color": "60459B"
            }
        ],
        "type": "message",
        "subtype": "bot_message",
        "ts": "1432066626.000000"
    },
    {
        "text": "",
        "username": "Blab",
        "icons": {
            "image_48": "https:\/\/s3-us-west-2.amazonaws.com\/slack-files2\/bot_icons\/2015-05-19\/4960406268_48.png"
        },
        "attachments": [
            {
                "fallback": "<https:\/\/www.blab.im\/moonshot>",
                "text": "Talking about: Public Relations",
                "title": "<https:\/\/www.blab.im\/moonshot>",
                "author_name": "Moonshot is On Air",
                "id": 1,
                "title_link": "https:\/\/www.blab.im\/moonshot",
                "color": "60459B"
            }
        ],
        "type": "message",
        "subtype": "bot_message",
        "ts": "1432075174.000000"
    },
    {
        "text": "",
        "username": "Blab",
        "icons": {
            "image_48": "https:\/\/s3-us-west-2.amazonaws.com\/slack-files2\/bot_icons\/2015-05-19\/4961488284_48.png"
        },
        "attachments": [
            {
                "fallback": "<https:\/\/www.blab.im\/youngstartups>",
                "text": "Talking about: Testing 1..2...3",
                "title": "<https:\/\/www.blab.im\/youngstartups>",
                "author_name": "YoungStartups is On Air",
                "id": 1,
                "title_link": "https:\/\/www.blab.im\/youngstartups",
                "color": "60459B"
            }
        ],
        "type": "message",
        "subtype": "bot_message",
        "ts": "1432080513.000000"
    }
]