[
    {
        "text": "",
        "username": "Blab",
        "icons": {
            "image_48": "https:\/\/s3-us-west-2.amazonaws.com\/slack-files2\/bot_icons\/2015-05-21\/4999079216_48.png"
        },
        "attachments": [
            {
                "fallback": "<https:\/\/www.blab.im\/stringstory>",
                "text": "Talking about: how does slack work on blab?",
                "title": "<https:\/\/www.blab.im\/stringstory>",
                "author_name": "Stringstory is On Air",
                "id": 1,
                "title_link": "https:\/\/www.blab.im\/stringstory",
                "color": "60459B"
            }
        ],
        "type": "message",
        "subtype": "bot_message",
        "ts": "1432723089.210783"
    },
    {
        "text": "",
        "username": "Blab",
        "icons": {
            "image_48": "https:\/\/s3-us-west-2.amazonaws.com\/slack-files2\/bot_icons\/2015-05-27\/5098972587_48.png"
        },
        "attachments": [
            {
                "fallback": "<https:\/\/www.blab.im\/violeta>",
                "text": "Talking about: Your Personality Online",
                "title": "<https:\/\/www.blab.im\/violeta>",
                "author_name": "Violeta is On Air",
                "id": 1,
                "title_link": "https:\/\/www.blab.im\/violeta",
                "color": "60459B"
            }
        ],
        "type": "message",
        "subtype": "bot_message",
        "ts": "1432743500.634892"
    },
    {
        "text": "",
        "username": "Blab",
        "icons": {
            "image_48": "https:\/\/s3-us-west-2.amazonaws.com\/slack-files2\/bot_icons\/2015-05-27\/5098972587_48.png"
        },
        "attachments": [
            {
                "fallback": "<https:\/\/www.blab.im\/violeta>",
                "text": "Talking about: procrastinating",
                "title": "<https:\/\/www.blab.im\/violeta>",
                "author_name": "Violeta is On Air",
                "id": 1,
                "title_link": "https:\/\/www.blab.im\/violeta",
                "color": "60459B"
            }
        ],
        "type": "message",
        "subtype": "bot_message",
        "ts": "1432750668.798367"
    },
    {
        "text": "",
        "username": "Blab",
        "icons": {
            "image_48": "https:\/\/s3-us-west-2.amazonaws.com\/slack-files2\/bot_icons\/2015-05-19\/4961488284_48.png"
        },
        "attachments": [
            {
                "fallback": "<https:\/\/www.blab.im\/youngstartups>",
                "text": "Talking about: Blab and stuff",
                "title": "<https:\/\/www.blab.im\/youngstartups>",
                "author_name": "YoungStartups is On Air",
                "id": 1,
                "title_link": "https:\/\/www.blab.im\/youngstartups",
                "color": "60459B"
            }
        ],
        "type": "message",
        "subtype": "bot_message",
        "ts": "1432758436.971878"
    }
]