[
    {
        "text": "",
        "username": "Blab",
        "icons": {
            "image_48": "https:\/\/s3-us-west-2.amazonaws.com\/slack-files2\/bot_icons\/2015-05-27\/5098972587_48.png"
        },
        "attachments": [
            {
                "fallback": "<https:\/\/www.blab.im\/empath>",
                "text": "Talking about: Testing Quicktime Screen Record",
                "title": "<https:\/\/www.blab.im\/empath>",
                "author_name": "Empath is On Air",
                "id": 1,
                "title_link": "https:\/\/www.blab.im\/empath",
                "color": "60459B"
            }
        ],
        "type": "message",
        "subtype": "bot_message",
        "ts": "1433085217.375808"
    }
]