[
    {
        "text": "",
        "username": "Blab",
        "icons": {
            "image_48": "https:\/\/s3-us-west-2.amazonaws.com\/slack-files2\/bot_icons\/2015-05-19\/4960406268_48.png"
        },
        "attachments": [
            {
                "fallback": "<https:\/\/www.blab.im\/makerhunt>",
                "text": "Talking about: Blabbing about Blab",
                "title": "<https:\/\/www.blab.im\/makerhunt>",
                "author_name": "Maker Hunt is On Air",
                "id": 1,
                "title_link": "https:\/\/www.blab.im\/makerhunt",
                "color": "60459B"
            }
        ],
        "type": "message",
        "subtype": "bot_message",
        "ts": "1432110429.000000"
    },
    {
        "text": "",
        "username": "Blab",
        "icons": {
            "image_48": "https:\/\/s3-us-west-2.amazonaws.com\/slack-files2\/bot_icons\/2015-05-19\/4961488284_48.png"
        },
        "attachments": [
            {
                "fallback": "<https:\/\/www.blab.im\/youngstartups>",
                "text": "Talking about: Just a fun chat",
                "title": "<https:\/\/www.blab.im\/youngstartups>",
                "author_name": "YoungStartups is On Air",
                "id": 1,
                "title_link": "https:\/\/www.blab.im\/youngstartups",
                "color": "60459B"
            }
        ],
        "type": "message",
        "subtype": "bot_message",
        "ts": "1432157296.000000"
    },
    {
        "text": "",
        "username": "Blab",
        "icons": {
            "image_48": "https:\/\/s3-us-west-2.amazonaws.com\/slack-files2\/bot_icons\/2015-05-19\/4960406268_48.png"
        },
        "attachments": [
            {
                "fallback": "<https:\/\/www.blab.im\/blab>",
                "text": "Talking about: Team Blab After Dark: Cards Against Humanity",
                "title": "<https:\/\/www.blab.im\/blab>",
                "author_name": "Blab is On Air",
                "id": 1,
                "title_link": "https:\/\/www.blab.im\/blab",
                "color": "60459B"
            }
        ],
        "type": "message",
        "subtype": "bot_message",
        "ts": "1432176323.000000"
    },
    {
        "text": "",
        "username": "Blab",
        "icons": {
            "image_48": "https:\/\/s3-us-west-2.amazonaws.com\/slack-files2\/bot_icons\/2015-05-19\/4960406268_48.png"
        },
        "attachments": [
            {
                "fallback": "<https:\/\/www.blab.im\/blab>",
                "text": "Talking about: Late Night: What do people in tech unjustifiably love?",
                "title": "<https:\/\/www.blab.im\/blab>",
                "author_name": "Blab is On Air",
                "id": 1,
                "title_link": "https:\/\/www.blab.im\/blab",
                "color": "60459B"
            }
        ],
        "type": "message",
        "subtype": "bot_message",
        "ts": "1432188465.000000"
    }
]