[
    {
        "text": "",
        "username": "Blab",
        "icons": {
            "image_48": "https:\/\/s3-us-west-2.amazonaws.com\/slack-files2\/bot_icons\/2015-05-05\/4768334259_48.png"
        },
        "attachments": [
            {
                "fallback": "<https:\/\/www.blab.im\/makerhunt>",
                "text": "Talking about: Updates &amp; Things",
                "title": "<https:\/\/www.blab.im\/makerhunt>",
                "author_name": "Maker Hunt is On Air",
                "id": 1,
                "title_link": "https:\/\/www.blab.im\/makerhunt",
                "color": "60459B"
            }
        ],
        "type": "message",
        "subtype": "bot_message",
        "ts": "1431448624.000000"
    },
    {
        "text": "",
        "username": "Blab",
        "icons": {
            "image_48": "https:\/\/s3-us-west-2.amazonaws.com\/slack-files2\/bot_icons\/2015-05-05\/4768334259_48.png"
        },
        "attachments": [
            {
                "fallback": "<https:\/\/www.blab.im\/makerhunt>",
                "text": "Talking about: Updates &amp; Things",
                "title": "<https:\/\/www.blab.im\/makerhunt>",
                "author_name": "Maker Hunt is On Air",
                "id": 1,
                "title_link": "https:\/\/www.blab.im\/makerhunt",
                "color": "60459B"
            }
        ],
        "type": "message",
        "subtype": "bot_message",
        "ts": "1431452214.000000"
    },
    {
        "text": "",
        "username": "Blab",
        "icons": {
            "image_48": "https:\/\/s3-us-west-2.amazonaws.com\/slack-files2\/bot_icons\/2015-05-05\/4768334259_48.png"
        },
        "attachments": [
            {
                "fallback": "<https:\/\/www.blab.im\/makerhunt>",
                "text": "Talking about: More Things",
                "title": "<https:\/\/www.blab.im\/makerhunt>",
                "author_name": "Maker Hunt is On Air",
                "id": 1,
                "title_link": "https:\/\/www.blab.im\/makerhunt",
                "color": "60459B"
            }
        ],
        "type": "message",
        "subtype": "bot_message",
        "ts": "1431455827.000000"
    },
    {
        "text": "",
        "username": "Blab",
        "icons": {
            "image_48": "https:\/\/s3-us-west-2.amazonaws.com\/slack-files2\/bot_icons\/2015-05-05\/4768334259_48.png"
        },
        "attachments": [
            {
                "fallback": "<https:\/\/www.blab.im\/makerhunt>",
                "text": "Talking about: building a \"hallway\" between slack rooms",
                "title": "<https:\/\/www.blab.im\/makerhunt>",
                "author_name": "Maker Hunt is On Air",
                "id": 1,
                "title_link": "https:\/\/www.blab.im\/makerhunt",
                "color": "60459B"
            }
        ],
        "type": "message",
        "subtype": "bot_message",
        "ts": "1431461819.000000"
    },
    {
        "text": "",
        "username": "Blab",
        "icons": {
            "image_48": "https:\/\/s3-us-west-2.amazonaws.com\/slack-files2\/bot_icons\/2015-05-05\/4768334259_48.png"
        },
        "attachments": [
            {
                "fallback": "<https:\/\/www.blab.im\/makerhunt>",
                "text": "Talking about: building a \"hallway\" between slack rooms",
                "title": "<https:\/\/www.blab.im\/makerhunt>",
                "author_name": "Maker Hunt is On Air",
                "id": 1,
                "title_link": "https:\/\/www.blab.im\/makerhunt",
                "color": "60459B"
            }
        ],
        "type": "message",
        "subtype": "bot_message",
        "ts": "1431465360.000000"
    },
    {
        "text": "",
        "username": "Blab",
        "icons": {
            "image_48": "https:\/\/s3-us-west-2.amazonaws.com\/slack-files2\/bot_icons\/2015-05-05\/4768334259_48.png"
        },
        "attachments": [
            {
                "fallback": "<https:\/\/www.blab.im\/beepants>",
                "text": "Talking about: Designers reimaging Lyft",
                "title": "<https:\/\/www.blab.im\/beepants>",
                "author_name": "Beepants is On Air",
                "id": 1,
                "title_link": "https:\/\/www.blab.im\/beepants",
                "color": "60459B"
            }
        ],
        "type": "message",
        "subtype": "bot_message",
        "ts": "1431466784.000000"
    },
    {
        "text": "",
        "username": "Blab",
        "icons": {
            "image_48": "https:\/\/s3-us-west-2.amazonaws.com\/slack-files2\/bot_icons\/2015-05-05\/4768334259_48.png"
        },
        "attachments": [
            {
                "fallback": "<https:\/\/www.blab.im\/makerhunt>",
                "text": "Talking about: blabbedy blabbing",
                "title": "<https:\/\/www.blab.im\/makerhunt>",
                "author_name": "Maker Hunt is On Air",
                "id": 1,
                "title_link": "https:\/\/www.blab.im\/makerhunt",
                "color": "60459B"
            }
        ],
        "type": "message",
        "subtype": "bot_message",
        "ts": "1431468965.000000"
    },
    {
        "text": "",
        "username": "Blab",
        "icons": {
            "image_48": "https:\/\/s3-us-west-2.amazonaws.com\/slack-files2\/bot_icons\/2015-05-05\/4768334259_48.png"
        },
        "attachments": [
            {
                "fallback": "<https:\/\/www.blab.im\/beepants>",
                "text": "Talking about: bad startup ideas",
                "title": "<https:\/\/www.blab.im\/beepants>",
                "author_name": "Beepants is On Air",
                "id": 1,
                "title_link": "https:\/\/www.blab.im\/beepants",
                "color": "60459B"
            }
        ],
        "type": "message",
        "subtype": "bot_message",
        "ts": "1431470388.000000"
    }
]