[
    {
        "text": "",
        "username": "Blab",
        "icons": {
            "image_48": "https:\/\/s3-us-west-2.amazonaws.com\/slack-files2\/bot_icons\/2015-05-05\/4768334259_48.png"
        },
        "attachments": [
            {
                "fallback": "<https:\/\/www.blab.im\/foundersdojo>",
                "text": "<https:\/\/www.blab.im\/foundersdojo>",
                "title": "The Morning Show",
                "author_name": "StreamName is On Air",
                "id": 1,
                "title_link": "https:\/\/www.blab.im\/foundersdojo",
                "color": "60459B",
                "fields": [
                    {
                        "title": "",
                        "value": "Jeff Needles (foundersdojo) &amp; shaan puri (monkey inferno)",
                        "short": false
                    }
                ]
            }
        ],
        "type": "message",
        "subtype": "bot_message",
        "ts": "1431008928.000000"
    },
    {
        "text": "",
        "username": "Blab",
        "icons": {
            "image_48": "https:\/\/s3-us-west-2.amazonaws.com\/slack-files2\/bot_icons\/2015-05-05\/4768334259_48.png"
        },
        "attachments": [
            {
                "fallback": "<https:\/\/www.blab.im\/foundersdojo>",
                "text": "<https:\/\/www.blab.im\/foundersdojo>",
                "title": "The Morning Show",
                "author_name": "StreamName is On Air",
                "id": 1,
                "title_link": "https:\/\/www.blab.im\/foundersdojo",
                "color": "60459B",
                "fields": [
                    {
                        "title": "",
                        "value": "Jonas Daniels (Maker Hunt) &amp; Jeff Needles (foundersdojo)",
                        "short": false
                    }
                ]
            }
        ],
        "type": "message",
        "subtype": "bot_message",
        "ts": "1431012523.000000"
    },
    {
        "text": "",
        "username": "Blab",
        "icons": {
            "image_48": "https:\/\/s3-us-west-2.amazonaws.com\/slack-files2\/bot_icons\/2015-05-05\/4768334259_48.png"
        },
        "attachments": [
            {
                "fallback": "<https:\/\/www.blab.im\/storefront>",
                "text": "<https:\/\/www.blab.im\/storefront>",
                "title": "dogs",
                "author_name": "Storefront is On Air",
                "id": 1,
                "title_link": "https:\/\/www.blab.im\/storefront",
                "color": "60459B",
                "fields": [
                    {
                        "title": "",
                        "value": "erik (Storefront) &amp; Benny Ebert-Zavos (Storefront)",
                        "short": false
                    }
                ]
            }
        ],
        "type": "message",
        "subtype": "bot_message",
        "ts": "1431029960.000000"
    },
    {
        "text": "",
        "username": "Blab",
        "icons": {
            "image_48": "https:\/\/s3-us-west-2.amazonaws.com\/slack-files2\/bot_icons\/2015-05-05\/4768334259_48.png"
        },
        "attachments": [
            {
                "fallback": "<https:\/\/www.blab.im\/foundersdojo>",
                "text": "<https:\/\/www.blab.im\/foundersdojo>",
                "title": "Chatting",
                "author_name": "Founders Dojo is On Air",
                "id": 1,
                "title_link": "https:\/\/www.blab.im\/foundersdojo",
                "color": "60459B",
                "fields": [
                    {
                        "title": "",
                        "value": "Jeff Needles (foundersdojo) &amp; Lyle McKeany (foundersdojo)",
                        "short": false
                    }
                ]
            }
        ],
        "type": "message",
        "subtype": "bot_message",
        "ts": "1431040239.000000"
    },
    {
        "text": "",
        "username": "Blab",
        "icons": {
            "image_48": "https:\/\/s3-us-west-2.amazonaws.com\/slack-files2\/bot_icons\/2015-05-05\/4768334259_48.png"
        },
        "attachments": [
            {
                "fallback": "<https:\/\/www.blab.im\/foundersdojo>",
                "text": "<https:\/\/www.blab.im\/foundersdojo>",
                "title": "PRODUCT HUNT",
                "author_name": "Founders Dojo is On Air",
                "id": 1,
                "title_link": "https:\/\/www.blab.im\/foundersdojo",
                "color": "60459B",
                "fields": [
                    {
                        "title": "",
                        "value": "Eric Willis (Maker Hunt), Josh Dunsterville (Team Sketch) &amp; Jeff Needles (foundersdojo)",
                        "short": false
                    }
                ]
            }
        ],
        "type": "message",
        "subtype": "bot_message",
        "ts": "1431043850.000000"
    },
    {
        "text": "",
        "username": "Blab",
        "icons": {
            "image_48": "https:\/\/s3-us-west-2.amazonaws.com\/slack-files2\/bot_icons\/2015-05-05\/4768334259_48.png"
        },
        "attachments": [
            {
                "fallback": "<https:\/\/www.blab.im\/foundersdojo>",
                "text": "<https:\/\/www.blab.im\/foundersdojo>",
                "title": "Test this shit",
                "author_name": "Founders Dojo is On Air",
                "id": 1,
                "title_link": "https:\/\/www.blab.im\/foundersdojo",
                "color": "60459B",
                "fields": [
                    {
                        "title": "",
                        "value": "Rishi Sachdev (foundersdojo) &amp; Kosuke Hata (foundersdojo)",
                        "short": false
                    }
                ]
            }
        ],
        "type": "message",
        "subtype": "bot_message",
        "ts": "1431051297.000000"
    }
]