[
    {
        "text": "",
        "username": "Blab",
        "icons": {
            "image_48": "https:\/\/s3-us-west-2.amazonaws.com\/slack-files2\/bot_icons\/2015-05-05\/4768334259_48.png"
        },
        "attachments": [
            {
                "fallback": "<https:\/\/www.blab.im\/foundersdojo>",
                "text": "Talking about: Blab (how meta)",
                "title": "<https:\/\/www.blab.im\/foundersdojo>",
                "author_name": "Founders Dojo is On Air",
                "id": 1,
                "title_link": "https:\/\/www.blab.im\/foundersdojo",
                "color": "60459B"
            }
        ],
        "type": "message",
        "subtype": "bot_message",
        "ts": "1431525848.000000"
    },
    {
        "text": "",
        "username": "Blab",
        "icons": {
            "image_48": "https:\/\/s3-us-west-2.amazonaws.com\/slack-files2\/bot_icons\/2015-05-05\/4768334259_48.png"
        },
        "attachments": [
            {
                "fallback": "<https:\/\/www.blab.im\/foundersdojo>",
                "text": "Talking about: where's stringstory?",
                "title": "<https:\/\/www.blab.im\/foundersdojo>",
                "author_name": "Founders Dojo is On Air",
                "id": 1,
                "title_link": "https:\/\/www.blab.im\/foundersdojo",
                "color": "60459B"
            }
        ],
        "type": "message",
        "subtype": "bot_message",
        "ts": "1431537185.000000"
    },
    {
        "text": "",
        "username": "Blab",
        "icons": {
            "image_48": "https:\/\/s3-us-west-2.amazonaws.com\/slack-files2\/bot_icons\/2015-05-05\/4768334259_48.png"
        },
        "attachments": [
            {
                "fallback": "<https:\/\/www.blab.im\/makerhunt>",
                "text": "Talking about: testing this thing",
                "title": "<https:\/\/www.blab.im\/makerhunt>",
                "author_name": "Maker Hunt is On Air",
                "id": 1,
                "title_link": "https:\/\/www.blab.im\/makerhunt",
                "color": "60459B"
            }
        ],
        "type": "message",
        "subtype": "bot_message",
        "ts": "1431537775.000000"
    },
    {
        "text": "",
        "username": "Blab",
        "icons": {
            "image_48": "https:\/\/s3-us-west-2.amazonaws.com\/slack-files2\/bot_icons\/2015-05-05\/4768334259_48.png"
        },
        "attachments": [
            {
                "fallback": "<https:\/\/www.blab.im\/foundersdojo>",
                "text": "Talking about: IT HATES STRINGSTORY",
                "title": "<https:\/\/www.blab.im\/foundersdojo>",
                "author_name": "Founders Dojo is On Air",
                "id": 1,
                "title_link": "https:\/\/www.blab.im\/foundersdojo",
                "color": "60459B"
            }
        ],
        "type": "message",
        "subtype": "bot_message",
        "ts": "1431540747.000000"
    },
    {
        "text": "",
        "username": "Blab",
        "icons": {
            "image_48": "https:\/\/s3-us-west-2.amazonaws.com\/slack-files2\/bot_icons\/2015-05-05\/4768334259_48.png"
        },
        "attachments": [
            {
                "fallback": "<https:\/\/www.blab.im\/makerhunt>",
                "text": "Talking about: Slack \"Hallway\" Discussion",
                "title": "<https:\/\/www.blab.im\/makerhunt>",
                "author_name": "Maker Hunt is On Air",
                "id": 1,
                "title_link": "https:\/\/www.blab.im\/makerhunt",
                "color": "60459B"
            }
        ],
        "type": "message",
        "subtype": "bot_message",
        "ts": "1431543914.000000"
    },
    {
        "text": "",
        "username": "Blab",
        "icons": {
            "image_48": "https:\/\/s3-us-west-2.amazonaws.com\/slack-files2\/bot_icons\/2015-05-05\/4768334259_48.png"
        },
        "attachments": [
            {
                "fallback": "<https:\/\/www.blab.im\/monkeyinferno>",
                "text": "Talking about: A 13-year old tells us what's cool!",
                "title": "<https:\/\/www.blab.im\/monkeyinferno>",
                "author_name": "MonkeyInferno is On Air",
                "id": 1,
                "title_link": "https:\/\/www.blab.im\/monkeyinferno",
                "color": "60459B"
            }
        ],
        "type": "message",
        "subtype": "bot_message",
        "ts": "1431548168.000000"
    },
    {
        "text": "",
        "username": "Blab",
        "icons": {
            "image_48": "https:\/\/s3-us-west-2.amazonaws.com\/slack-files2\/bot_icons\/2015-05-05\/4768334259_48.png"
        },
        "attachments": [
            {
                "fallback": "<https:\/\/www.blab.im\/monkeyinferno>",
                "text": "Talking about: Little Lifehacks Guaranteed To Improve Your Life",
                "title": "<https:\/\/www.blab.im\/monkeyinferno>",
                "author_name": "MonkeyInferno is On Air",
                "id": 1,
                "title_link": "https:\/\/www.blab.im\/monkeyinferno",
                "color": "60459B"
            }
        ],
        "type": "message",
        "subtype": "bot_message",
        "ts": "1431551772.000000"
    }
]