[
    {
        "text": "",
        "username": "Blab",
        "icons": {
            "image_48": "https:\/\/s3-us-west-2.amazonaws.com\/slack-files2\/bot_icons\/2015-05-05\/4768334259_48.png"
        },
        "attachments": [
            {
                "fallback": "<https:\/\/www.blab.im\/makerhunt>",
                "text": "<https:\/\/www.blab.im\/makerhunt>",
                "title": "Live Video Streaming",
                "author_name": "Maker Hunt is On Air",
                "id": 1,
                "title_link": "https:\/\/www.blab.im\/makerhunt",
                "color": "60459B",
                "fields": [
                    {
                        "title": "",
                        "value": "Eric Willis (Maker Hunt) &amp; Jeff Needles (foundersdojo)",
                        "short": false
                    }
                ]
            }
        ],
        "type": "message",
        "subtype": "bot_message",
        "ts": "1431098290.000000"
    },
    {
        "text": "",
        "username": "Blab",
        "icons": {
            "image_48": "https:\/\/s3-us-west-2.amazonaws.com\/slack-files2\/bot_icons\/2015-05-05\/4768334259_48.png"
        },
        "attachments": [
            {
                "fallback": "<https:\/\/www.blab.im\/foundersdojo>",
                "text": "<https:\/\/www.blab.im\/foundersdojo>",
                "title": "Live from the Founder Dojo",
                "author_name": "Founders Dojo is On Air",
                "id": 1,
                "title_link": "https:\/\/www.blab.im\/foundersdojo",
                "color": "60459B",
                "fields": [
                    {
                        "title": "",
                        "value": "John Rushworth (foundersdojo) &amp; David Grossblatt (foundersdojo)",
                        "short": false
                    }
                ]
            }
        ],
        "type": "message",
        "subtype": "bot_message",
        "ts": "1431106864.000000"
    },
    {
        "text": "",
        "username": "Blab",
        "icons": {
            "image_48": "https:\/\/s3-us-west-2.amazonaws.com\/slack-files2\/bot_icons\/2015-05-05\/4768334259_48.png"
        },
        "attachments": [
            {
                "fallback": "<https:\/\/www.blab.im\/makerhunt>",
                "text": "<https:\/\/www.blab.im\/makerhunt>",
                "title": "friday night chill",
                "author_name": "Maker Hunt is On Air",
                "id": 1,
                "title_link": "https:\/\/www.blab.im\/makerhunt",
                "color": "60459B",
                "fields": [
                    {
                        "title": "",
                        "value": "Eric Willis (Maker Hunt) &amp; Violeta Nedkova (Maker Hunt)",
                        "short": false
                    }
                ]
            }
        ],
        "type": "message",
        "subtype": "bot_message",
        "ts": "1431111533.000000"
    },
    {
        "text": "",
        "username": "Blab",
        "icons": {
            "image_48": "https:\/\/s3-us-west-2.amazonaws.com\/slack-files2\/bot_icons\/2015-05-05\/4768334259_48.png"
        },
        "attachments": [
            {
                "fallback": "<https:\/\/www.blab.im\/makerhunt>",
                "text": "<https:\/\/www.blab.im\/makerhunt>",
                "title": "friday night chill",
                "author_name": "Maker Hunt is On Air",
                "id": 1,
                "title_link": "https:\/\/www.blab.im\/makerhunt",
                "color": "60459B",
                "fields": [
                    {
                        "title": "",
                        "value": "Jonas Daniels (Maker Hunt), Paul Gebheim (OneTaste) &amp; Violeta Nedkova (Maker Hunt)",
                        "short": false
                    }
                ]
            }
        ],
        "type": "message",
        "subtype": "bot_message",
        "ts": "1431115136.000000"
    },
    {
        "text": "",
        "username": "Blab",
        "icons": {
            "image_48": "https:\/\/s3-us-west-2.amazonaws.com\/slack-files2\/bot_icons\/2015-05-05\/4768334259_48.png"
        },
        "attachments": [
            {
                "fallback": "<https:\/\/www.blab.im\/vc>",
                "text": "<https:\/\/www.blab.im\/vc>",
                "title": "Bill Simmons Leaves ESPN - What's Next?",
                "author_name": "Venture Capital is On Air",
                "id": 1,
                "title_link": "https:\/\/www.blab.im\/vc",
                "color": "60459B",
                "fields": [
                    {
                        "title": "",
                        "value": "Adam Besvinick (Venture Capital) &amp; shaan puri (monkey inferno)",
                        "short": false
                    }
                ]
            }
        ],
        "type": "message",
        "subtype": "bot_message",
        "ts": "1431115315.000000"
    },
    {
        "text": "",
        "username": "Blab",
        "icons": {
            "image_48": "https:\/\/s3-us-west-2.amazonaws.com\/slack-files2\/bot_icons\/2015-05-05\/4768334259_48.png"
        },
        "attachments": [
            {
                "fallback": "<https:\/\/www.blab.im\/foundersdojo>",
                "text": "<https:\/\/www.blab.im\/foundersdojo>",
                "title": "Demonstrating Blab @ Meerkat office",
                "author_name": "Founders Dojo is On Air",
                "id": 1,
                "title_link": "https:\/\/www.blab.im\/foundersdojo",
                "color": "60459B",
                "fields": [
                    {
                        "title": "",
                        "value": "Jeff Needles (foundersdojo) &amp; Lyle McKeany (foundersdojo)",
                        "short": false
                    }
                ]
            }
        ],
        "type": "message",
        "subtype": "bot_message",
        "ts": "1431118825.000000"
    },
    {
        "text": "",
        "username": "Blab",
        "icons": {
            "image_48": "https:\/\/s3-us-west-2.amazonaws.com\/slack-files2\/bot_icons\/2015-05-05\/4768334259_48.png"
        },
        "attachments": [
            {
                "fallback": "<https:\/\/www.blab.im\/foundersdojo>",
                "text": "<https:\/\/www.blab.im\/foundersdojo>",
                "title": "Sup Dojoans",
                "author_name": "Founders Dojo is On Air",
                "id": 1,
                "title_link": "https:\/\/www.blab.im\/foundersdojo",
                "color": "60459B",
                "fields": [
                    {
                        "title": "",
                        "value": "david (dojo) &amp; David Grossblatt (foundersdojo)",
                        "short": false
                    }
                ]
            }
        ],
        "type": "message",
        "subtype": "bot_message",
        "ts": "1431149599.000000"
    }
]