[
    {
        "text": "",
        "username": "Blab",
        "icons": {
            "image_48": "https:\/\/s3-us-west-2.amazonaws.com\/slack-files2\/bot_icons\/2015-05-21\/4986842806_48.png"
        },
        "attachments": [
            {
                "fallback": "<https:\/\/www.blab.im\/makerhunt>",
                "text": "Talking about: breaking blab (mostly unintentionally)",
                "title": "<https:\/\/www.blab.im\/makerhunt>",
                "author_name": "Maker Hunt is On Air",
                "id": 1,
                "title_link": "https:\/\/www.blab.im\/makerhunt",
                "color": "60459B"
            }
        ],
        "type": "message",
        "subtype": "bot_message",
        "ts": "1432200608.000000"
    },
    {
        "text": "",
        "username": "Blab",
        "icons": {
            "image_48": "https:\/\/s3-us-west-2.amazonaws.com\/slack-files2\/bot_icons\/2015-05-21\/4986842806_48.png"
        },
        "attachments": [
            {
                "fallback": "<https:\/\/www.blab.im\/makerhunt>",
                "text": "Talking about: Coffee &amp; Blab",
                "title": "<https:\/\/www.blab.im\/makerhunt>",
                "author_name": "Maker Hunt is On Air",
                "id": 1,
                "title_link": "https:\/\/www.blab.im\/makerhunt",
                "color": "60459B"
            }
        ],
        "type": "message",
        "subtype": "bot_message",
        "ts": "1432224964.000000"
    },
    {
        "text": "",
        "username": "Blab",
        "icons": {
            "image_48": "https:\/\/s3-us-west-2.amazonaws.com\/slack-files2\/bot_icons\/2015-05-21\/4997264402_48.png"
        },
        "attachments": [
            {
                "fallback": "<https:\/\/www.blab.im\/nathan-bashaw>",
                "text": "Talking about: A new kind of electronic book",
                "title": "<https:\/\/www.blab.im\/nathan-bashaw>",
                "author_name": "Nathan Bashaw is On Air",
                "id": 1,
                "title_link": "https:\/\/www.blab.im\/nathan-bashaw",
                "color": "60459B"
            }
        ],
        "type": "message",
        "subtype": "bot_message",
        "ts": "1432240111.000000"
    },
    {
        "text": "",
        "username": "Blab",
        "icons": {
            "image_48": "https:\/\/s3-us-west-2.amazonaws.com\/slack-files2\/bot_icons\/2015-05-21\/4999078824_48.png"
        },
        "attachments": [
            {
                "fallback": "<https:\/\/www.blab.im\/savannah-peterson>",
                "text": "Talking about: Talking with Savannah Peterson",
                "title": "<https:\/\/www.blab.im\/savannah-peterson>",
                "author_name": "Savannah Peterson is On Air",
                "id": 1,
                "title_link": "https:\/\/www.blab.im\/savannah-peterson",
                "color": "60459B"
            }
        ],
        "type": "message",
        "subtype": "bot_message",
        "ts": "1432247230.000000"
    },
    {
        "text": "",
        "username": "Blab",
        "icons": {
            "image_48": "https:\/\/s3-us-west-2.amazonaws.com\/slack-files2\/bot_icons\/2015-05-21\/4999079216_48.png"
        },
        "attachments": [
            {
                "fallback": "<https:\/\/www.blab.im\/salesstack>",
                "text": "Talking about: <http:\/\/bit.ly\/SSAMEETUP|bit.ly\/SSAMEETUP>",
                "title": "<https:\/\/www.blab.im\/salesstack>",
                "author_name": "Salesstack is On Air",
                "id": 1,
                "title_link": "https:\/\/www.blab.im\/salesstack",
                "color": "60459B"
            }
        ],
        "type": "message",
        "subtype": "bot_message",
        "ts": "1432247249.000000"
    },
    {
        "text": "",
        "username": "Blab",
        "icons": {
            "image_48": "https:\/\/s3-us-west-2.amazonaws.com\/slack-files2\/bot_icons\/2015-05-21\/4999079216_48.png"
        },
        "attachments": [
            {
                "fallback": "<https:\/\/www.blab.im\/tweet-singular>",
                "text": "Talking about: blab is a salon",
                "title": "<https:\/\/www.blab.im\/tweet-singular>",
                "author_name": "tweet singular is On Air",
                "id": 1,
                "title_link": "https:\/\/www.blab.im\/tweet-singular",
                "color": "60459B"
            }
        ],
        "type": "message",
        "subtype": "bot_message",
        "ts": "1432250390.000000"
    },
    {
        "text": "",
        "username": "Blab",
        "icons": {
            "image_48": "https:\/\/s3-us-west-2.amazonaws.com\/slack-files2\/bot_icons\/2015-05-19\/4961488284_48.png"
        },
        "attachments": [
            {
                "fallback": "<https:\/\/www.blab.im\/youngstartups>",
                "text": "Talking about: Stuff again!",
                "title": "<https:\/\/www.blab.im\/youngstartups>",
                "author_name": "YoungStartups is On Air",
                "id": 1,
                "title_link": "https:\/\/www.blab.im\/youngstartups",
                "color": "60459B"
            }
        ],
        "type": "message",
        "subtype": "bot_message",
        "ts": "1432250525.000000"
    }
]