[
    {
        "user": "U03SSL0FM",
        "type": "message",
        "subtype": "channel_join",
        "text": "<@U03SSL0FM|codepreneur> has joined the channel",
        "ts": "1427811165.000002"
    },
    {
        "user": "U03V8V08M",
        "inviter": "U03SSL0FM",
        "type": "message",
        "subtype": "channel_join",
        "text": "<@U03V8V08M|jgwhite> has joined the channel",
        "ts": "1427811175.000003"
    },
    {
        "user": "U043AB2QT",
        "inviter": "U03SSL0FM",
        "type": "message",
        "subtype": "channel_join",
        "text": "<@U043AB2QT|aaron> has joined the channel",
        "ts": "1427811175.000004"
    },
    {
        "type": "message",
        "user": "U03SSL0FM",
        "text": "I assume its for ember-cli addon ?",
        "ts": "1427811186.000005"
    },
    {
        "type": "message",
        "user": "U03V8V08M",
        "text": "<@U03SSL0FM>: confirm",
        "ts": "1427811332.000006"
    },
    {
        "user": "U043AB2QT",
        "topic": "Discussion around pact file testing for ember-cli",
        "type": "message",
        "subtype": "channel_topic",
        "text": "<@U043AB2QT|aaron> set the channel topic: Discussion around pact file testing for ember-cli",
        "ts": "1427811728.000007"
    },
    {
        "type": "message",
        "user": "U043AB2QT",
        "text": "Yup.",
        "ts": "1427811734.000008"
    },
    {
        "type": "message",
        "user": "U043AB2QT",
        "text": "I don't have time right now but I can give you a brain dump of where I'm at and the concept and how I see it working when I get a chance.",
        "ts": "1427811761.000009"
    },
    {
        "type": "message",
        "user": "U043AB2QT",
        "text": "Essentailly....Think VCR for ruby...Then turn it upside down.",
        "ts": "1427811774.000010"
    },
    {
        "type": "message",
        "user": "U03SSL0FM",
        "text": "sounds good",
        "ts": "1427811792.000011"
    },
    {
        "user": "U03V5PXL0",
        "inviter": "U03V8V08M",
        "type": "message",
        "subtype": "channel_join",
        "text": "<@U03V5PXL0|rik> has joined the channel",
        "ts": "1427811794.000012"
    },
    {
        "type": "message",
        "user": "U03V8V08M",
        "text": "so the idea is you could run your acceptance test suite and it will generate a Pactfile",
        "ts": "1427811929.000013"
    },
    {
        "type": "message",
        "user": "U03V8V08M",
        "text": "which you can then use to test the server implementation",
        "ts": "1427811942.000014"
    },
    {
        "type": "message",
        "user": "U043AB2QT",
        "text": "Yep.",
        "ts": "1427811946.000015"
    },
    {
        "type": "message",
        "user": "U043AB2QT",
        "text": "There are two sides....The generation of the pact file from the client side......Then the verification of the api against the pact file",
        "ts": "1427811972.000016"
    },
    {
        "type": "message",
        "user": "U043AB2QT",
        "text": "Also, I think, instead of generating the pact file every time you run the client side tests, it might just prime pretender with what's in the pact file....And possibly warn if you are making requests that aren't covered by the pact file..",
        "ts": "1427812043.000017"
    },
    {
        "type": "message",
        "user": "U043AB2QT",
        "text": "Dunno...That part isn't quite clear to me yet.....",
        "ts": "1427812053.000018"
    },
    {
        "type": "message",
        "user": "U043AB2QT",
        "text": "Need to start building it and seeing how it all feels.",
        "ts": "1427812065.000019"
    },
    {
        "type": "message",
        "user": "U043AB2QT",
        "text": "Been chatting to Sam Selikoff who wrote ember-cli-mirage about this....He's interested....And I think we can leverage some of this experience with that addon here.",
        "ts": "1427812100.000020"
    },
    {
        "type": "message",
        "user": "U043AB2QT",
        "text": "It may well just be an extra feature in that addon....Who knows?",
        "ts": "1427812110.000021"
    },
    {
        "type": "message",
        "user": "U043AB2QT",
        "text": "This site that <@U03V8V08M> posted will give a good background on the concept: <https:\/\/github.com\/realestate-com-au\/pact>",
        "attachments": [
            {
                "service_name": "GitHub",
                "title": "realestate-com-au\/pact",
                "title_link": "https:\/\/github.com\/realestate-com-au\/pact",
                "text": "pact - Enables consumer driven contract testing, providing a mock service and DSL for the consumer project, and interaction playback and verification for the service provider project.",
                "fallback": "GitHub: realestate-com-au\/pact",
                "thumb_url": "https:\/\/avatars3.githubusercontent.com\/u\/587716?v=3&s=400",
                "from_url": "https:\/\/github.com\/realestate-com-au\/pact",
                "thumb_width": 400,
                "thumb_height": 400,
                "id": 1
            }
        ],
        "ts": "1427812148.000022"
    },
    {
        "type": "message",
        "user": "U03V8V08M",
        "text": "for some apps I can imagine you might want to generate the Pactfile from the server side",
        "ts": "1427813062.000024"
    },
    {
        "type": "message",
        "user": "U03V8V08M",
        "text": "and verify the client against it",
        "ts": "1427813072.000025"
    },
    {
        "type": "message",
        "user": "U03V8V08M",
        "text": "but that\u2019s roadmap stuff",
        "ts": "1427813078.000026"
    },
    {
        "type": "message",
        "user": "U03V8V08M",
        "text": "the most compelling case for now is UI-driven API design",
        "ts": "1427813092.000027"
    },
    {
        "type": "message",
        "user": "U03V8V08M",
        "text": "IMHO",
        "ts": "1427813096.000028"
    },
    {
        "type": "message",
        "user": "U043AB2QT",
        "text": "&gt; the most compelling case for now is UI-driven API design\n\nExactly....That's kind of the point.",
        "ts": "1427813118.000029"
    }
]