[
    {
        "user": "U04BD6KB1",
        "type": "message",
        "subtype": "channel_join",
        "text": "<@U04BD6KB1|ksnyde> has joined the channel",
        "ts": "1428568140.000007"
    },
    {
        "user": "U04ARJGN2",
        "type": "message",
        "subtype": "channel_join",
        "text": "<@U04ARJGN2|jackfranklin> has joined the channel",
        "ts": "1428572017.000008"
    },
    {
        "user": "U04BE0ELZ",
        "type": "message",
        "subtype": "channel_join",
        "text": "<@U04BE0ELZ|nikoskatsikanis> has joined the channel",
        "ts": "1428572282.000009"
    },
    {
        "user": "U04ATUH50",
        "type": "message",
        "subtype": "channel_join",
        "text": "<@U04ATUH50|zane> has joined the channel",
        "ts": "1428585024.000010"
    },
    {
        "user": "U04AU4DQN",
        "type": "message",
        "subtype": "channel_join",
        "text": "<@U04AU4DQN|english> has joined the channel",
        "ts": "1428585865.000011"
    },
    {
        "user": "U04BGLGM3",
        "type": "message",
        "subtype": "channel_join",
        "text": "<@U04BGLGM3|geekygrappler> has joined the channel",
        "ts": "1428586732.000012"
    },
    {
        "user": "U04AWR0TU",
        "type": "message",
        "subtype": "channel_join",
        "text": "<@U04AWR0TU|harveykandola> has joined the channel",
        "ts": "1428596094.000013"
    },
    {
        "type": "message",
        "user": "U04BE0ELZ",
        "text": "anyone think the new macbook would be good to develop on as a main machine?",
        "ts": "1428596098.000014"
    },
    {
        "type": "message",
        "user": "U04BE0ELZ",
        "text": "<http:\/\/store.apple.com\/uk\/buy-mac\/macbook>",
        "attachments": [
            {
                "service_name": "Apple Store (UK)",
                "title": "MacBook from the Official Apple Store",
                "title_link": "http:\/\/store.apple.com\/uk\/buy-mac\/macbook",
                "text": "Order your 12-inch MacBook in silver, gold or space grey with either 256GB or 512GB flash storage. Get fast, free shipping.",
                "fallback": "Apple Store (UK): MacBook from the Official Apple Store",
                "image_url": "http:\/\/store.storeimages.cdn-apple.com\/4218\/as-images.apple.com\/is\/image\/AppleInc\/aos\/published\/images\/m\/ac\/macbook\/default\/macbook-default-image-201501?wid=280&hei=150&fmt=jpeg&qlt=95&op_sharpen=0&resMode=bicub&op_usm=0.5,0.5,0,0&iccEmbed=0&layer=comp&.v=1425917730975",
                "from_url": "http:\/\/store.apple.com\/uk\/buy-mac\/macbook",
                "image_width": 280,
                "image_height": 150,
                "image_bytes": 4484,
                "id": 1
            }
        ],
        "ts": "1428596100.000015"
    },
    {
        "type": "message",
        "user": "U03V8V08M",
        "text": "<@U04BE0ELZ>: I reckon it could cope",
        "ts": "1428596191.000017"
    },
    {
        "type": "message",
        "user": "U04134XGE",
        "text": "I've been using mid-11 Air for more than 3 years, so if the new macbook's cpu is as fast, then yeah",
        "ts": "1428605434.000018"
    },
    {
        "type": "message",
        "user": "U04BE0ELZ",
        "text": "cool, I'll need to test it at a store.",
        "ts": "1428615522.000019"
    },
    {
        "type": "message",
        "user": "U04BE0ELZ",
        "text": "is it possible to read a phones imei from the browser? I doubt it, I wonder if phonegap or ionic would allow it..",
        "ts": "1428615963.000020"
    },
    {
        "type": "message",
        "user": "U03V8V08M",
        "text": "I believe Cordova would allow it",
        "ts": "1428616344.000021"
    },
    {
        "type": "message",
        "user": "U03V8V08M",
        "text": "(aka Phonegap)",
        "ts": "1428616356.000022"
    },
    {
        "type": "message",
        "user": "U04BE0ELZ",
        "text": "ok, thanks.",
        "ts": "1428616416.000023"
    },
    {
        "type": "message",
        "user": "U04BE0ELZ",
        "text": "I wonder if its a good way to verify a user?",
        "ts": "1428616456.000024"
    },
    {
        "type": "message",
        "user": "U04BE0ELZ",
        "text": "+ combined with user\/password combo",
        "ts": "1428616481.000025"
    },
    {
        "type": "message",
        "user": "U043951H9",
        "text": "I would be interested to see how the MacBook performs as well <@U04BE0ELZ> ",
        "ts": "1428649199.000026"
    }
]