[
    {
        "type": "message",
        "user": "U03SSL0FM",
        "text": "<https:\/\/twitter.com\/dave1010\/status\/613601365529657344>",
        "attachments": [
            {
                "fallback": "<https:\/\/twitter.com\/dave1010|@dave1010>: Yay, all unit tests passing! <https:\/\/pbs.twimg.com\/media\/CIPzMN4WEAAvoJL.jpg>",
                "ts": 1435128940,
                "author_name": "Dave Hulbert",
                "author_link": "https:\/\/twitter.com\/dave1010\/status\/613601365529657344",
                "author_icon": "https:\/\/pbs.twimg.com\/profile_images\/555123789449551872\/laA2ajHC_normal.jpeg",
                "author_subname": "@dave1010",
                "text": "Yay, all unit tests passing! <https:\/\/pbs.twimg.com\/media\/CIPzMN4WEAAvoJL.jpg>",
                "service_name": "twitter",
                "service_url": "https:\/\/twitter.com\/",
                "image_url": "https:\/\/pbs.twimg.com\/media\/CIPzMN4WEAAvoJL.jpg",
                "image_width": 600,
                "image_height": 450,
                "image_bytes": 38867,
                "from_url": "https:\/\/twitter.com\/dave1010\/status\/613601365529657344",
                "id": 1,
                "footer": "Twitter",
                "footer_icon": "https:\/\/a.slack-edge.com\/6e067\/img\/services\/twitter_pixel_snapped_32.png"
            }
        ],
        "ts": "1435583738.000071"
    }
]