[
    {
        "type": "message",
        "user": "U043951H9",
        "text": "<https:\/\/www.youtube.com\/watch?v=mNDRgU5Kb0Y>",
        "attachments": [
            {
                "service_name": "YouTube",
                "service_url": "https:\/\/www.youtube.com\/",
                "title": "Pingu's THE THING (18+)",
                "title_link": "https:\/\/www.youtube.com\/watch?v=mNDRgU5Kb0Y",
                "author_name": "Bea Koretkii",
                "author_link": "https:\/\/www.youtube.com\/user\/BeaKoretkii",
                "thumb_url": "https:\/\/i.ytimg.com\/vi\/mNDRgU5Kb0Y\/hqdefault.jpg",
                "thumb_width": 480,
                "thumb_height": 360,
                "fallback": "YouTube Video: Pingu's THE THING (18+)",
                "video_html": "<iframe width=\"400\" height=\"225\" src=\"https:\/\/www.youtube.com\/embed\/mNDRgU5Kb0Y?feature=oembed\" frameborder=\"0\" allowfullscreen><\/iframe>",
                "video_html_width": 400,
                "video_html_height": 225,
                "from_url": "https:\/\/www.youtube.com\/watch?v=mNDRgU5Kb0Y",
                "id": 1
            }
        ],
        "ts": "1440412043.000027"
    }
]