[
    {
        "type": "message",
        "user": "U043951H9",
        "text": "<http:\/\/www.abc.net.au\/news\/2015-06-02\/sea-of-cobwebs-captured-on-victorian-farm-in-ballooning\/6515826>",
        "attachments": [
            {
                "service_name": "ABC News",
                "title": "Sea of cobwebs cover farm in ballooning phenomenon",
                "title_link": "http:\/\/www.abc.net.au\/news\/2015-06-02\/sea-of-cobwebs-captured-on-victorian-farm-in-ballooning\/6515826",
                "text": "Spiders have begun falling from the sky in south-western Victoria, as cooler conditions make way for a phenomenon known as ballooning.",
                "fallback": "ABC News: Sea of cobwebs cover farm in ballooning phenomenon",
                "thumb_url": "http:\/\/www.abc.net.au\/news\/image\/6515878-1x1-700x700.jpg",
                "ts": 1433227796,
                "from_url": "http:\/\/www.abc.net.au\/news\/2015-06-02\/sea-of-cobwebs-captured-on-victorian-farm-in-ballooning\/6515826",
                "thumb_width": 700,
                "thumb_height": 700,
                "id": 1
            }
        ],
        "ts": "1433231933.000007"
    },
    {
        "type": "message",
        "user": "U043951H9",
        "text": "the second time its rained spiders in as many months",
        "ts": "1433231945.000009"
    },
    {
        "type": "message",
        "user": "U047GTU64",
        "text": "I wish it rained money",
        "ts": "1433232814.000010"
    },
    {
        "type": "message",
        "user": "U047GTU64",
        "text": ":money_with_wings:",
        "ts": "1433232818.000011"
    },
    {
        "user": "U054SBPRC",
        "type": "message",
        "subtype": "channel_join",
        "text": "<@U054SBPRC|jonbstrong> has joined the channel",
        "ts": "1433233957.000012"
    },
    {
        "user": "U054XNZ16",
        "type": "message",
        "subtype": "channel_join",
        "text": "<@U054XNZ16|armstrjare> has joined the channel",
        "ts": "1433257363.000013"
    }
]