[
    {
        "type": "message",
        "user": "U03SSL0FM",
        "text": "<https:\/\/www.flickr.com\/photos\/leahparker2\/5729574336\/>",
        "attachments": [
            {
                "service_name": "Flickr",
                "service_url": "https:\/\/www.flickr.com\/",
                "title": "Tomhuda",
                "title_link": "https:\/\/www.flickr.com\/photos\/leahparker2\/5729574336\/",
                "author_name": "wifelette",
                "author_link": "https:\/\/www.flickr.com\/photos\/leahparker2\/",
                "thumb_url": "https:\/\/farm3.staticflickr.com\/2199\/5729574336_8b62416bf7_s.jpg",
                "thumb_width": 75,
                "thumb_height": 75,
                "fallback": "Flickr Photo: Tomhuda",
                "image_url": "https:\/\/farm3.staticflickr.com\/2199\/5729574336_8b62416bf7_b.jpg",
                "image_width": 1024,
                "image_height": 765,
                "from_url": "https:\/\/www.flickr.com\/photos\/leahparker2\/5729574336\/",
                "image_bytes": 448942,
                "id": 1
            }
        ],
        "ts": "1426870035.000005"
    },
    {
        "type": "message",
        "user": "U03SSL0FM",
        "text": "<https:\/\/alexsexton.com\/talks\/depending-on-jquery\/lib\/img\/tomhuda.jpg>",
        "attachments": [
            {
                "from_url": "https:\/\/alexsexton.com\/talks\/depending-on-jquery\/lib\/img\/tomhuda.jpg",
                "fallback": "2048x1241px image",
                "image_url": "https:\/\/alexsexton.com\/talks\/depending-on-jquery\/lib\/img\/tomhuda.jpg",
                "image_width": 2048,
                "image_height": 1241,
                "image_bytes": 324344,
                "id": 1
            }
        ],
        "ts": "1426870038.000007"
    },
    {
        "user": "U043LP6SF",
        "type": "message",
        "subtype": "channel_join",
        "text": "<@U043LP6SF|suprmax> has joined the channel",
        "ts": "1426871294.000009"
    }
]