[
    {
        "type": "message",
        "user": "U043951H9",
        "text": "For anyone who is interested, the answer was yes.",
        "ts": "1428998091.000007"
    },
    {
        "type": "message",
        "user": "U04BE0ELZ",
        "text": "I've been using windows for a few days, not very cool",
        "ts": "1429045894.000008"
    },
    {
        "type": "message",
        "user": "U04BE0ELZ",
        "text": "Anyone interested in quantum physics and possibly quantum computation?",
        "ts": "1429046105.000009"
    }
]