[
    {
        "type": "message",
        "user": "U03SSL0FM",
        "text": "<http:\/\/gizmodo.com\/want-to-find-your-phone-just-google-it-1698140417>",
        "attachments": [
            {
                "service_name": "Gizmodo",
                "title": "Want To Find Your Android Phone? Just Google It",
                "title_link": "http:\/\/gizmodo.com\/want-to-find-your-phone-just-google-it-1698140417",
                "text": "I lose my phone in more stupid places than I can possibly count. I seriously considered installing a landline so that I can call my phone the three times per day it goes missing. But Google just made something even better. Type three magic words into search, and you\u2019ll find your missing handset.",
                "fallback": "Gizmodo: Want To Find Your Android Phone? Just Google It",
                "image_url": "http:\/\/i.kinja-img.com\/gawker-media\/image\/upload\/s--0BhP-ezd--\/eyzunnel2bsdtd1fompk.gif",
                "from_url": "http:\/\/gizmodo.com\/want-to-find-your-phone-just-google-it-1698140417",
                "image_width": 499,
                "image_height": 250,
                "image_bytes": 186023,
                "id": 1
            }
        ],
        "ts": "1430208186.000107"
    }
]