[
    {
        "user": "U07CKEQU9",
        "type": "message",
        "subtype": "channel_join",
        "text": "<@U07CKEQU9|marinda> has joined the channel",
        "ts": "1436430711.000008"
    },
    {
        "user": "U07CK66U8",
        "type": "message",
        "subtype": "channel_join",
        "text": "<@U07CK66U8|joshcrowder> has joined the channel",
        "ts": "1436430973.000009"
    },
    {
        "user": "U07CQV797",
        "type": "message",
        "subtype": "channel_join",
        "text": "<@U07CQV797|gerry> has joined the channel",
        "ts": "1436440060.000010"
    }
]