[
    {
        "type": "message",
        "user": "U043951H9",
        "text": "anyone play hearthstone here?",
        "ts": "1433413810.000016"
    },
    {
        "type": "message",
        "user": "U043AB2QT",
        "text": "I have done\u2026.But don\u2019t regularly",
        "ts": "1433413830.000017"
    },
    {
        "type": "message",
        "user": "U03V5B7KY",
        "text": "I play it every so often",
        "ts": "1433413836.000018"
    },
    {
        "type": "message",
        "user": "U03V5B7KY",
        "text": "I\u2019m terrible at it though",
        "ts": "1433413839.000019"
    },
    {
        "type": "message",
        "user": "U03V5B7KY",
        "text": "everyone seems to have these amazing cards and I just lose",
        "ts": "1433413848.000020"
    },
    {
        "type": "message",
        "user": "U043951H9",
        "text": "yeah, building the right deck can be tricky",
        "ts": "1433414122.000021"
    },
    {
        "type": "message",
        "user": "U043951H9",
        "text": "add me willrax#6103 if you want",
        "ts": "1433414146.000022"
    },
    {
        "type": "message",
        "user": "U043951H9",
        "text": "just started an EU account",
        "ts": "1433414166.000023"
    },
    {
        "type": "message",
        "user": "U043951H9",
        "text": "couldn\u2019t bring anything across from NA :disappointed:",
        "ts": "1433414173.000024"
    },
    {
        "type": "message",
        "user": "U043951H9",
        "text": "so starting from scratch",
        "ts": "1433414178.000025"
    },
    {
        "type": "message",
        "user": "U03V5B7KY",
        "text": "Oh, I think I\u2019m in the NA one",
        "ts": "1433414185.000026"
    },
    {
        "type": "message",
        "user": "U03V5B7KY",
        "text": "can I add you anyways?",
        "ts": "1433414192.000027"
    },
    {
        "type": "message",
        "user": "U043951H9",
        "text": "add me there as well if you like",
        "ts": "1433414193.000028"
    },
    {
        "type": "message",
        "user": "U043951H9",
        "text": "yep",
        "ts": "1433414194.000029"
    },
    {
        "type": "message",
        "user": "U043951H9",
        "text": ":+1:",
        "ts": "1433414195.000030"
    },
    {
        "type": "message",
        "user": "U03V5B7KY",
        "text": "&lt;\/newb&gt;",
        "ts": "1433414196.000031"
    },
    {
        "type": "message",
        "user": "U043951H9",
        "text": "NZ and AU or on the NA servers",
        "ts": "1433414208.000032"
    },
    {
        "type": "message",
        "user": "U03V5B7KY",
        "text": "yeah, I think I was on there for Starcraft",
        "edited": {
            "user": "U03V5B7KY",
            "ts": "1433414226.000000"
        },
        "ts": "1433414220.000033"
    },
    {
        "type": "message",
        "user": "U03V5B7KY",
        "text": "req sent",
        "ts": "1433414283.000035"
    },
    {
        "type": "message",
        "user": "U043951H9",
        "text": "awesome",
        "ts": "1433415747.000036"
    },
    {
        "type": "message",
        "user": "U047GTU64",
        "text": "I would love an old age of empires server lol",
        "ts": "1433419548.000037"
    }
]