[
    {
        "user": "U04AW6E1X",
        "type": "message",
        "subtype": "channel_join",
        "text": "<@U04AW6E1X|tomspeak> has joined the channel",
        "ts": "1428486745.000004"
    },
    {
        "user": "U04A6P1QU",
        "type": "message",
        "subtype": "channel_join",
        "text": "<@U04A6P1QU|jonbeer> has joined the channel",
        "ts": "1428486884.000005"
    },
    {
        "user": "U04AW7GPM",
        "type": "message",
        "subtype": "channel_join",
        "text": "<@U04AW7GPM|mikebulpitt> has joined the channel",
        "ts": "1428486943.000006"
    }
]