[
    {
        "user": "U043YTCDZ",
        "type": "message",
        "subtype": "channel_join",
        "text": "<@U043YTCDZ|james> has joined the channel",
        "ts": "1427012993.000002"
    },
    {
        "type": "message",
        "subtype": "file_share",
        "text": "<@U03SSL0FM|codepreneur> uploaded a file: <https:\/\/emberlondon.slack.com\/files\/codepreneur\/F0441KX3U\/pasted_image_at_2015_03_22_09_17_am.png|Pasted image at 2015-03-22, 9:17 AM>",
        "file": {
            "id": "F0441KX3U",
            "created": 1427015829,
            "timestamp": 1427015829,
            "name": "Pasted image at 2015_03_22 09_17 AM.png",
            "title": "Pasted image at 2015-03-22, 9:17 AM",
            "mimetype": "image\/png",
            "filetype": "png",
            "pretty_type": "PNG",
            "user": "U03SSL0FM",
            "editable": false,
            "size": 511886,
            "mode": "hosted",
            "is_external": false,
            "external_type": "",
            "is_public": true,
            "public_url_shared": false,
            "display_as_bot": false,
            "username": "",
            "url_private": "https:\/\/files.slack.com\/files-pri\/T03SSL0FF-F0441KX3U\/pasted_image_at_2015_03_22_09_17_am.png?t=xoxe-3910680525-115741181265-116496169492-28d023e02c",
            "url_private_download": "https:\/\/files.slack.com\/files-pri\/T03SSL0FF-F0441KX3U\/download\/pasted_image_at_2015_03_22_09_17_am.png?t=xoxe-3910680525-115741181265-116496169492-28d023e02c",
            "thumb_64": "https:\/\/files.slack.com\/files-tmb\/T03SSL0FF-F0441KX3U-c02f46f140\/pasted_image_at_2015_03_22_09_17_am_64.png?t=xoxe-3910680525-115741181265-116496169492-28d023e02c",
            "thumb_80": "https:\/\/files.slack.com\/files-tmb\/T03SSL0FF-F0441KX3U-c02f46f140\/pasted_image_at_2015_03_22_09_17_am_80.png?t=xoxe-3910680525-115741181265-116496169492-28d023e02c",
            "thumb_360": "https:\/\/files.slack.com\/files-tmb\/T03SSL0FF-F0441KX3U-c02f46f140\/pasted_image_at_2015_03_22_09_17_am_360.png?t=xoxe-3910680525-115741181265-116496169492-28d023e02c",
            "thumb_360_w": 360,
            "thumb_360_h": 161,
            "thumb_160": "https:\/\/files.slack.com\/files-tmb\/T03SSL0FF-F0441KX3U-c02f46f140\/pasted_image_at_2015_03_22_09_17_am_160.png?t=xoxe-3910680525-115741181265-116496169492-28d023e02c",
            "thumb_720": "https:\/\/files.slack.com\/files-tmb\/T03SSL0FF-F0441KX3U-c02f46f140\/pasted_image_at_2015_03_22_09_17_am_720.png?t=xoxe-3910680525-115741181265-116496169492-28d023e02c",
            "thumb_720_w": 720,
            "thumb_720_h": 322,
            "thumb_1024": "https:\/\/files.slack.com\/files-tmb\/T03SSL0FF-F0441KX3U-c02f46f140\/pasted_image_at_2015_03_22_09_17_am_1024.png?t=xoxe-3910680525-115741181265-116496169492-28d023e02c",
            "thumb_1024_w": 1024,
            "thumb_1024_h": 458,
            "image_exif_rotation": 1,
            "original_w": 1252,
            "original_h": 560,
            "permalink": "https:\/\/emberlondon.slack.com\/files\/codepreneur\/F0441KX3U\/pasted_image_at_2015_03_22_09_17_am.png",
            "permalink_public": "https:\/\/slack-files.com\/T03SSL0FF-F0441KX3U-5274d3ef48",
            "channels": [
                "C03SSL0H5"
            ],
            "groups": [],
            "ims": [],
            "comments_count": 0
        },
        "user": "U03SSL0FM",
        "upload": true,
        "display_as_bot": false,
        "username": "<@U03SSL0FM|codepreneur>",
        "bot_id": null,
        "ts": "1427015834.000002"
    },
    {
        "type": "message",
        "user": "U03SSL0FM",
        "text": "The most powerful people in the world dont own anything, but control everything :simple_smile:",
        "ts": "1427017621.000003"
    },
    {
        "user": "U0441PH0Q",
        "type": "message",
        "subtype": "channel_join",
        "text": "<@U0441PH0Q|tomclose> has joined the channel",
        "ts": "1427018495.000004"
    },
    {
        "user": "U03V5B7KY",
        "type": "message",
        "subtype": "channel_leave",
        "text": "<@U03V5B7KY|nikz> has left the channel",
        "ts": "1427021168.000005"
    },
    {
        "user": "U043ZC515",
        "type": "message",
        "subtype": "channel_join",
        "text": "<@U043ZC515|petemmccarthy> has joined the channel",
        "ts": "1427023298.000006"
    },
    {
        "user": "U04438UDC",
        "type": "message",
        "subtype": "channel_join",
        "text": "<@U04438UDC|davidrhyswhite> has joined the channel",
        "ts": "1427041734.000007"
    },
    {
        "user": "U0440LRJX",
        "type": "message",
        "subtype": "channel_join",
        "text": "<@U0440LRJX|makevoid> has joined the channel",
        "ts": "1427041802.000008"
    }
]