[
    {
        "type": "message",
        "subtype": "file_share",
        "text": "<@U03SSL0FM|codepreneur> uploaded a file: <https:\/\/emberlondon.slack.com\/files\/codepreneur\/F04B7LD02\/pasted_image_at_2015_04_10_08_46_am.png|Pasted image at 2015-04-10, 8:46 AM>",
        "file": {
            "id": "F04B7LD02",
            "created": 1428652027,
            "timestamp": 1428652027,
            "name": "Pasted image at 2015_04_10 08_46 AM.png",
            "title": "Pasted image at 2015-04-10, 8:46 AM",
            "mimetype": "image\/png",
            "filetype": "png",
            "pretty_type": "PNG",
            "user": "U03SSL0FM",
            "editable": false,
            "size": 1363166,
            "mode": "hosted",
            "is_external": false,
            "external_type": "",
            "is_public": true,
            "public_url_shared": false,
            "display_as_bot": false,
            "username": "",
            "url_private": "https:\/\/files.slack.com\/files-pri\/T03SSL0FF-F04B7LD02\/pasted_image_at_2015_04_10_08_46_am.png?t=xoxe-3910680525-115741181265-116496169492-28d023e02c",
            "url_private_download": "https:\/\/files.slack.com\/files-pri\/T03SSL0FF-F04B7LD02\/download\/pasted_image_at_2015_04_10_08_46_am.png?t=xoxe-3910680525-115741181265-116496169492-28d023e02c",
            "thumb_64": "https:\/\/files.slack.com\/files-tmb\/T03SSL0FF-F04B7LD02-c1b1c8e04f\/pasted_image_at_2015_04_10_08_46_am_64.png?t=xoxe-3910680525-115741181265-116496169492-28d023e02c",
            "thumb_80": "https:\/\/files.slack.com\/files-tmb\/T03SSL0FF-F04B7LD02-c1b1c8e04f\/pasted_image_at_2015_04_10_08_46_am_80.png?t=xoxe-3910680525-115741181265-116496169492-28d023e02c",
            "thumb_360": "https:\/\/files.slack.com\/files-tmb\/T03SSL0FF-F04B7LD02-c1b1c8e04f\/pasted_image_at_2015_04_10_08_46_am_360.png?t=xoxe-3910680525-115741181265-116496169492-28d023e02c",
            "thumb_360_w": 360,
            "thumb_360_h": 358,
            "thumb_160": "https:\/\/files.slack.com\/files-tmb\/T03SSL0FF-F04B7LD02-c1b1c8e04f\/pasted_image_at_2015_04_10_08_46_am_160.png?t=xoxe-3910680525-115741181265-116496169492-28d023e02c",
            "thumb_720": "https:\/\/files.slack.com\/files-tmb\/T03SSL0FF-F04B7LD02-c1b1c8e04f\/pasted_image_at_2015_04_10_08_46_am_720.png?t=xoxe-3910680525-115741181265-116496169492-28d023e02c",
            "thumb_720_w": 720,
            "thumb_720_h": 715,
            "thumb_1024": "https:\/\/files.slack.com\/files-tmb\/T03SSL0FF-F04B7LD02-c1b1c8e04f\/pasted_image_at_2015_04_10_08_46_am_1024.png?t=xoxe-3910680525-115741181265-116496169492-28d023e02c",
            "thumb_1024_w": 1024,
            "thumb_1024_h": 1017,
            "image_exif_rotation": 1,
            "original_w": 1250,
            "original_h": 1242,
            "permalink": "https:\/\/emberlondon.slack.com\/files\/codepreneur\/F04B7LD02\/pasted_image_at_2015_04_10_08_46_am.png",
            "permalink_public": "https:\/\/slack-files.com\/T03SSL0FF-F04B7LD02-853b6d5952",
            "channels": [
                "C03SSL0H5"
            ],
            "groups": [],
            "ims": [],
            "comments_count": 0
        },
        "user": "U03SSL0FM",
        "upload": true,
        "display_as_bot": false,
        "username": "<@U03SSL0FM|codepreneur>",
        "bot_id": null,
        "ts": "1428652033.000027"
    },
    {
        "type": "message",
        "user": "U03SSL0FM",
        "text": "<https:\/\/projectnaptha.com\/>",
        "ts": "1428653068.000028"
    }
]