[
    {
        "type": "message",
        "user": "U03SSL0FM",
        "text": "Armin Van Buuren is using Myo arm band (<https:\/\/www.thalmic.com\/en\/myo\/>) in his gig!!!\n\n<https:\/\/www.facebook.com\/video.php?v=10152747298123316>",
        "attachments": [
            {
                "title": "Thalmic Labs",
                "title_link": "https:\/\/www.thalmic.com\/en\/myo\/",
                "text": "Thalmic Labs - Makers of Myo gesture control armband. We are building the future of wearable technology.",
                "fallback": "Thalmic Labs",
                "image_url": "https:\/\/d1yjwyup50ou7g.cloudfront.net\/static\/8044c0a\/img\/facebook-og-image.jpg",
                "from_url": "https:\/\/www.thalmic.com\/en\/myo\/",
                "image_width": 476,
                "image_height": 250,
                "image_bytes": 278029,
                "id": 1
            },
            {
                "text": "Love Photographer 's massive remix of Shelter!",
                "fallback": "Love Photographer 's massive remix of Shelter!",
                "from_url": "https:\/\/www.facebook.com\/video.php?v=10152747298123316",
                "id": 2
            }
        ],
        "ts": "1427763371.000002"
    }
]