[
    {
        "type": "message",
        "user": "U04BE0ELZ",
        "text": "Github is really good for sharing music!",
        "ts": "1430134339.000002"
    },
    {
        "type": "message",
        "user": "U03SSL0FM",
        "text": "yes it is: <https:\/\/gist.github.com\/codepreneur\/8db68457dc14ae6a1123>",
        "ts": "1430134396.000003"
    },
    {
        "type": "message",
        "user": "U04BE0ELZ",
        "text": "Cool, I just put my gospel music for band members",
        "ts": "1430134666.000004"
    },
    {
        "type": "message",
        "user": "U04BE0ELZ",
        "text": "I also use a custom notation for music which is condense enough for iphone when gigging",
        "ts": "1430134735.000005"
    },
    {
        "type": "message",
        "user": "U04BE0ELZ",
        "text": "a lot of lyrics\/chord sheets just have words + chord, I also including timing info per bar",
        "ts": "1430135494.000006"
    },
    {
        "type": "message",
        "user": "U04BE0ELZ",
        "text": "and all done with good-old txt files :simple_smile:",
        "ts": "1430135526.000007"
    },
    {
        "type": "message",
        "user": "U03SSL0FM",
        "text": "<@U04BE0ELZ>: watch this talk, it will blow ur mind: <https:\/\/skillsmatter.com\/skillscasts\/5809-live-coding-in-the-classroom>",
        "attachments": [
            {
                "text": "LRUG: London Ruby User Group community cast. Xavier Riley, Sam Aaron:",
                "fallback": "LRUG: London Ruby User Group community cast. Xavier Riley, Sam Aaron:",
                "from_url": "https:\/\/skillsmatter.com\/skillscasts\/5809-live-coding-in-the-classroom",
                "id": 1
            }
        ],
        "ts": "1430135550.000008"
    },
    {
        "type": "message",
        "user": "U03SSL0FM",
        "text": "I was there when it happened",
        "ts": "1430135559.000010"
    },
    {
        "type": "message",
        "user": "U04BE0ELZ",
        "text": "ok!",
        "ts": "1430135577.000011"
    },
    {
        "type": "message",
        "user": "U04BE0ELZ",
        "text": "wow this seems funky",
        "ts": "1430135779.000012"
    },
    {
        "type": "message",
        "user": "U04BE0ELZ",
        "text": "I would be nice If I could have my own music software for beats and stuff, cause its clunky when changing instruments and need to relearn it all again and be limited by whats on there.",
        "edited": {
            "user": "U04BE0ELZ",
            "ts": "1430136033.000000"
        },
        "ts": "1430136018.000013"
    },
    {
        "type": "message",
        "user": "U03V8V08M",
        "text": "I believe we have Xavier speaking at the next Web Audio London event",
        "ts": "1430138944.000016"
    },
    {
        "type": "message",
        "user": "U03V8V08M",
        "text": "<http:\/\/www.meetup.com\/Web-Audio-London\/>",
        "attachments": [
            {
                "service_name": "Meetup",
                "title": "Web Audio London",
                "title_link": "http:\/\/www.meetup.com\/Web-Audio-London\/",
                "text": "Interested in sound, technology and the web? The Web Audio API meets at the intersection of these, allowing creation of real sound and music right in the browser. Come enjoy some talks and showcases!",
                "fallback": "Meetup: Web Audio London",
                "thumb_url": "http:\/\/img1.meetupstatic.com\/img\/004881038276245959070\/new_logo_big.png",
                "from_url": "http:\/\/www.meetup.com\/Web-Audio-London\/",
                "thumb_width": 567,
                "thumb_height": 392,
                "id": 1
            }
        ],
        "ts": "1430138959.000017"
    },
    {
        "type": "message",
        "user": "U03V8V08M",
        "text": "(event to be scheduled soonish)",
        "ts": "1430138967.000019"
    },
    {
        "type": "message",
        "user": "U04BE0ELZ",
        "text": "web audio could be useful for my bands in future",
        "ts": "1430139276.000020"
    },
    {
        "type": "message",
        "user": "U04BE0ELZ",
        "text": "for collaboration, not everyone needing logic or protools etc",
        "edited": {
            "user": "U04BE0ELZ",
            "ts": "1430139324.000000"
        },
        "ts": "1430139308.000021"
    },
    {
        "type": "message",
        "user": "U04BE0ELZ",
        "text": "would need a good IDE for composition though..",
        "ts": "1430139342.000023"
    },
    {
        "type": "message",
        "user": "U04BE0ELZ",
        "text": "Does web audio have any decent cross browser VST's? <@U03V8V08M>",
        "ts": "1430139414.000024"
    },
    {
        "type": "message",
        "user": "U03V8V08M",
        "text": "I think most of them are \"experiments\" at this stage",
        "ts": "1430139444.000025"
    },
    {
        "type": "message",
        "user": "U04BE0ELZ",
        "text": "good enough for me, I'm in",
        "edited": {
            "user": "U04BE0ELZ",
            "ts": "1430139456.000000"
        },
        "ts": "1430139452.000026"
    },
    {
        "type": "message",
        "user": "U03V8V08M",
        "text": "I highly recommend subscribing to Web Audio Weekly",
        "ts": "1430139469.000028"
    },
    {
        "type": "message",
        "user": "U04BE0ELZ",
        "text": "ok",
        "ts": "1430139475.000029"
    },
    {
        "type": "message",
        "user": "U03V8V08M",
        "text": "<http:\/\/blog.chrislowis.co.uk\/waw.html>",
        "attachments": [
            {
                "text": "Ruby, Web Audio, Stuff.",
                "fallback": "Ruby, Web Audio, Stuff.",
                "from_url": "http:\/\/blog.chrislowis.co.uk\/waw.html",
                "id": 1
            }
        ],
        "ts": "1430139478.000030"
    },
    {
        "type": "message",
        "user": "U04BE0ELZ",
        "text": "I play guitar and piano, you guys?",
        "ts": "1430139504.000032"
    },
    {
        "type": "message",
        "user": "U04BE0ELZ",
        "text": "flash was just getting interesting with audio till Flex died",
        "ts": "1430139560.000033"
    },
    {
        "type": "message",
        "user": "U03V8V08M",
        "text": "<@U04BE0ELZ>: are you and\/or your bands on soundcloud?",
        "ts": "1430139583.000034"
    },
    {
        "type": "message",
        "user": "U04BE0ELZ",
        "text": "nah I just play in small places and improvise the now",
        "edited": {
            "user": "U04BE0ELZ",
            "ts": "1430139624.000000"
        },
        "ts": "1430139617.000035"
    },
    {
        "type": "message",
        "user": "U03V8V08M",
        "text": "I play guitar (poorly)",
        "ts": "1430139646.000037"
    },
    {
        "type": "message",
        "user": "U04BE0ELZ",
        "text": "I'm learning the notes as apposed to memorising chords",
        "ts": "1430139667.000038"
    },
    {
        "type": "message",
        "user": "U04BE0ELZ",
        "text": "the browser really is almost the best cross platform tool for anything",
        "ts": "1430139758.000039"
    },
    {
        "type": "message",
        "user": "U04BE0ELZ",
        "text": "if you want to collab",
        "ts": "1430139769.000040"
    },
    {
        "type": "message",
        "user": "U04BE0ELZ",
        "text": "Esp given the proliferation of tools for the music production",
        "ts": "1430139795.000041"
    },
    {
        "type": "message",
        "user": "U03V8V08M",
        "text": "aye",
        "ts": "1430139800.000042"
    },
    {
        "type": "message",
        "user": "U03V8V08M",
        "text": "you should enjoy next month\u2019s meetup",
        "ts": "1430139806.000043"
    },
    {
        "type": "message",
        "user": "U03V8V08M",
        "text": "we have Andrew Faraday doing a bit of live music coding in Pure Data",
        "ts": "1430139818.000044"
    },
    {
        "type": "message",
        "user": "U04BE0ELZ",
        "text": "if I'm in London!",
        "ts": "1430139822.000045"
    },
    {
        "type": "message",
        "user": "U03V8V08M",
        "text": "May 14",
        "ts": "1430139829.000046"
    },
    {
        "type": "message",
        "user": "U04BE0ELZ",
        "text": "that works",
        "ts": "1430139837.000047"
    },
    {
        "type": "message",
        "user": "U03V8V08M",
        "text": "awesome",
        "ts": "1430139846.000048"
    },
    {
        "type": "message",
        "user": "U03V8V08M",
        "text": "it\u2019s going to be a good one",
        "ts": "1430139849.000049"
    },
    {
        "type": "message",
        "user": "U04BE0ELZ",
        "text": "I can let you know how I use github for music",
        "ts": "1430139863.000050"
    },
    {
        "type": "message",
        "user": "U03V8V08M",
        "text": "yeah, I\u2019m curious",
        "ts": "1430139897.000051"
    },
    {
        "type": "message",
        "user": "U03V8V08M",
        "text": "how does that work?",
        "ts": "1430139905.000052"
    },
    {
        "type": "message",
        "user": "U04BE0ELZ",
        "text": "I store text files on github, thats all. But it scales great on iphone",
        "ts": "1430139948.000053"
    },
    {
        "type": "message",
        "user": "U04BE0ELZ",
        "text": "when viewing them",
        "ts": "1430139952.000054"
    },
    {
        "type": "message",
        "user": "U04BE0ELZ",
        "text": "so I don't have to carry chord sheets around",
        "ts": "1430139967.000055"
    },
    {
        "type": "message",
        "user": "U04BE0ELZ",
        "text": "If I want to create a gig with other players I just send them a github folder and even non techs can follow that",
        "edited": {
            "user": "U04BE0ELZ",
            "ts": "1430140001.000000"
        },
        "ts": "1430139995.000056"
    },
    {
        "type": "message",
        "user": "U04BE0ELZ",
        "text": "+ the diffs are really handy, I also use git(bitbucket) for public speaking talks I give",
        "edited": {
            "user": "U04BE0ELZ",
            "ts": "1430140070.000000"
        },
        "ts": "1430140027.000058"
    },
    {
        "type": "message",
        "user": "U03V8V08M",
        "text": "nice",
        "ts": "1430140102.000061"
    },
    {
        "type": "message",
        "user": "U04BE0ELZ",
        "text": "I also have a licence with this: <http:\/\/powermusicbox.com\/>",
        "attachments": [
            {
                "text": "Power Music Box provides secure storage of Power Music songs and allows integration between PCs and iPad\/iPhone. Store playlists, create songs in Power Music and store in Power Music Box.",
                "fallback": "Power Music Box provides secure storage of Power Music songs and allows integration between PCs and iPad\/iPhone. Store playlists, create songs in Power Music and store in Power Music Box.",
                "from_url": "http:\/\/powermusicbox.com\/",
                "id": 1
            }
        ],
        "ts": "1430140127.000062"
    },
    {
        "type": "message",
        "user": "U04BE0ELZ",
        "text": "its good if you have a band connected to multiple monitors in a church setting",
        "ts": "1430140141.000064"
    },
    {
        "type": "message",
        "user": "U04BE0ELZ",
        "text": "<http:\/\/powermusicbox.com\/Power-Music>",
        "attachments": [
            {
                "text": "Power Music Box is a revolutionary cloud-based music storage and management system. Allows secure and seamless transfer of sheet music, chord sheets and playlists between PCs, Macs and iPad\/iPhones.Full integration with Power Music 4, Power Music Mac and the FREE Power Music Essentials.",
                "fallback": "Power Music Box is a revolutionary cloud-based music storage and management system. Allows secure and seamless transfer of sheet music, chord sheets and playlists between PCs, Macs and iPad\/iPhones.Full integration with Power Music 4, Power Music Mac and the FREE Power Music Essentials.",
                "from_url": "http:\/\/powermusicbox.com\/Power-Music",
                "id": 1
            }
        ],
        "ts": "1430140168.000065"
    },
    {
        "type": "message",
        "user": "U043AB2QT",
        "text": "I\u2019ve always thought it\u2019d be fun to build a music collaboration tool based on git versioning\u2026Kind of like github for musicians\u2026..Where a band can remotely create music, branching off each other\u2019s ideas\u2026on a track by track basis\u2026.\n\n\u201cLoved what you did on the bass track.  I\u2019ve branched it and add a guitar and vocal track to it\u201d\u2026\n\nThat\u2019d be amazing I reckon. Love to see what sorts of things could be created.",
        "ts": "1430144695.000067"
    },
    {
        "type": "message",
        "user": "U03V8V08M",
        "text": "github\u2019s large file storage may well make that possible",
        "ts": "1430144811.000068"
    },
    {
        "type": "message",
        "user": "U043AB2QT",
        "text": "yup.",
        "ts": "1430144820.000069"
    },
    {
        "type": "message",
        "user": "U043AB2QT",
        "text": "It\u2019s on my \u201cif I ever find a magic remote that allows me to pause life\u201d list of things to do.",
        "ts": "1430144884.000070"
    },
    {
        "type": "message",
        "user": "U03V8V08M",
        "text": "it anyone would like to hear some very silly and badly recorded and badly written music, enjoy: <http:\/\/soundcloud.com\/jgwhite>",
        "attachments": [
            {
                "service_name": "SoundCloud",
                "service_url": "http:\/\/soundcloud.com",
                "title": "jgwhite",
                "title_link": "http:\/\/soundcloud.com\/jgwhite",
                "author_name": "jgwhite",
                "author_link": "http:\/\/soundcloud.com\/jgwhite",
                "thumb_url": "http:\/\/i1.sndcdn.com\/avatars-000007440808-1igcvr-t500x500.jpg",
                "fallback": "SoundCloud Audio: Link: jgwhite",
                "audio_html": "<iframe width=\"100%\" height=\"150\" scrolling=\"no\" frameborder=\"no\" src=\"https:\/\/w.soundcloud.com\/player\/?visual=true&url=http%3A%2F%2Fapi.soundcloud.com%2Fusers%2F920642&show_artwork=true&maxheight=150\"><\/iframe>",
                "audio_html_width": 100,
                "audio_html_height": 150,
                "from_url": "http:\/\/soundcloud.com\/jgwhite",
                "thumb_width": 500,
                "thumb_height": 500,
                "id": 1
            }
        ],
        "ts": "1430144895.000071"
    },
    {
        "type": "message",
        "user": "U043AB2QT",
        "text": "I need something new to listen to\u2026.",
        "ts": "1430144982.000073"
    },
    {
        "text": "adds to his \u201cbadly recorded and badly written music\u201d playlist",
        "type": "message",
        "subtype": "me_message",
        "user": "U043AB2QT",
        "ts": "1430145030.000074"
    },
    {
        "type": "message",
        "user": "U043AB2QT",
        "text": "And in return\u2026Some even worse written and recorded music from 10 years ago -&gt; <https:\/\/www.triplejunearthed.com\/artist\/grand-dynamic>",
        "attachments": [
            {
                "service_name": "triple j Unearthed",
                "title": "a grand dynamic",
                "title_link": "https:\/\/www.triplejunearthed.com\/artist\/grand-dynamic",
                "text": "Employing acoustic bases with a melodic backline, dynamic drumming and lead lines ranging from atmospheric to blistering, \u2018a grand dynamic\u2019 creates tactile compositions ranging from heartfelt ballads, to blues based rock, to atmospheric desert rock.",
                "fallback": "triple j Unearthed: a grand dynamic",
                "from_url": "https:\/\/www.triplejunearthed.com\/artist\/grand-dynamic",
                "id": 1
            }
        ],
        "ts": "1430145060.000075"
    },
    {
        "type": "message",
        "user": "U043AB2QT",
        "text": "Who\u2019s doing the vox on these <@U03V8V08M>?",
        "edited": {
            "user": "U043AB2QT",
            "ts": "1430145082.000000"
        },
        "ts": "1430145080.000077"
    },
    {
        "type": "message",
        "user": "U03V8V08M",
        "text": "yours truly",
        "ts": "1430145094.000079"
    },
    {
        "type": "message",
        "user": "U043AB2QT",
        "text": "Does not sound like you at all\u2026..Only heard the first two tracks",
        "ts": "1430145107.000080"
    },
    {
        "type": "message",
        "user": "U047GTU64",
        "text": "<@U043AB2QT>: what kind of music do you like?",
        "ts": "1430146547.000081"
    },
    {
        "type": "message",
        "user": "U047GTU64",
        "text": "im listening to <https:\/\/www.youtube.com\/watch?v=F7dRfF6TOeM>",
        "attachments": [
            {
                "service_name": "YouTube",
                "service_url": "http:\/\/www.youtube.com\/",
                "title": "Lemaitre - Strobes Pt. 2",
                "title_link": "https:\/\/www.youtube.com\/watch?v=F7dRfF6TOeM",
                "author_name": "LemaitreMusic",
                "author_link": "http:\/\/www.youtube.com\/user\/LemaitreMusic",
                "thumb_url": "http:\/\/i.ytimg.com\/vi\/F7dRfF6TOeM\/hqdefault.jpg",
                "thumb_width": 480,
                "thumb_height": 360,
                "fallback": "YouTube Video: Lemaitre - Strobes Pt. 2",
                "video_html": "<iframe width=\"400\" height=\"300\" src=\"http:\/\/www.youtube.com\/embed\/F7dRfF6TOeM?feature=oembed\" frameborder=\"0\" allowfullscreen><\/iframe>",
                "video_html_width": 400,
                "video_html_height": 300,
                "from_url": "https:\/\/www.youtube.com\/watch?v=F7dRfF6TOeM",
                "id": 1
            }
        ],
        "ts": "1430146578.000082"
    },
    {
        "type": "message",
        "user": "U043AB2QT",
        "text": "<@U047GTU64>: Umm\u2026.it changes\u2026..I like quite a few Aussie bands you probably haven\u2019t heard of\u2026\u2026 \nKarnivool -&gt; <https:\/\/www.youtube.com\/watch?v=FeohN5JMeYY>\nBirds of Tokyo -&gt; <https:\/\/www.youtube.com\/watch?v=CZXwaEMsdNc>\n \nsomething for kate\u2026.daft punk\u2026\u2026I am stuck in a bit of a nostalgia loop from the last 15 years of my life\u2026..But like a lot of stuff that is coming out these days\u2026.\n\nBut really do love a good heavy song",
        "attachments": [
            {
                "service_name": "YouTube",
                "service_url": "http:\/\/www.youtube.com\/",
                "title": "Karnivool - Themata (Full Album)",
                "title_link": "https:\/\/www.youtube.com\/watch?v=FeohN5JMeYY",
                "author_name": "Kerfuffleinahussle",
                "author_link": "http:\/\/www.youtube.com\/user\/Kerfuffleinahussle",
                "thumb_url": "http:\/\/i.ytimg.com\/vi\/FeohN5JMeYY\/hqdefault.jpg",
                "thumb_width": 480,
                "thumb_height": 360,
                "fallback": "YouTube Video: Karnivool - Themata (Full Album)",
                "video_html": "<iframe width=\"400\" height=\"300\" src=\"http:\/\/www.youtube.com\/embed\/FeohN5JMeYY?feature=oembed\" frameborder=\"0\" allowfullscreen><\/iframe>",
                "video_html_width": 400,
                "video_html_height": 300,
                "from_url": "https:\/\/www.youtube.com\/watch?v=FeohN5JMeYY",
                "id": 1
            },
            {
                "service_name": "YouTube",
                "service_url": "http:\/\/www.youtube.com\/",
                "title": "Birds of Tokyo - Day One (Full Album)",
                "title_link": "https:\/\/www.youtube.com\/watch?v=CZXwaEMsdNc",
                "author_name": "Kerfuffleinahussle",
                "author_link": "http:\/\/www.youtube.com\/user\/Kerfuffleinahussle",
                "thumb_url": "http:\/\/i.ytimg.com\/vi\/CZXwaEMsdNc\/hqdefault.jpg",
                "thumb_width": 480,
                "thumb_height": 360,
                "fallback": "YouTube Video: Birds of Tokyo - Day One (Full Album)",
                "video_html": "<iframe width=\"400\" height=\"225\" src=\"http:\/\/www.youtube.com\/embed\/CZXwaEMsdNc?feature=oembed\" frameborder=\"0\" allowfullscreen><\/iframe>",
                "video_html_width": 400,
                "video_html_height": 225,
                "from_url": "https:\/\/www.youtube.com\/watch?v=CZXwaEMsdNc",
                "id": 2
            }
        ],
        "ts": "1430146788.000084"
    },
    {
        "type": "message",
        "user": "U047GTU64",
        "text": "oh I see",
        "ts": "1430146808.000086"
    },
    {
        "type": "message",
        "user": "U047GTU64",
        "text": "I love daft punk",
        "ts": "1430146810.000087"
    },
    {
        "type": "message",
        "user": "U047GTU64",
        "text": "try uhmm kavinsky",
        "ts": "1430146841.000088"
    },
    {
        "type": "message",
        "user": "U047GTU64",
        "text": "<https:\/\/www.youtube.com\/watch?v=MV_3Dpw-BRY>",
        "attachments": [
            {
                "service_name": "YouTube",
                "service_url": "http:\/\/www.youtube.com\/",
                "title": "Kavinsky - Nightcall (Drive Original Movie Soundtrack)",
                "title_link": "https:\/\/www.youtube.com\/watch?v=MV_3Dpw-BRY",
                "author_name": "RecordMakers",
                "author_link": "http:\/\/www.youtube.com\/user\/RecordMakers",
                "thumb_url": "http:\/\/i.ytimg.com\/vi\/MV_3Dpw-BRY\/hqdefault.jpg",
                "thumb_width": 480,
                "thumb_height": 360,
                "fallback": "YouTube Video: Kavinsky - Nightcall (Drive Original Movie Soundtrack)",
                "video_html": "<iframe width=\"400\" height=\"300\" src=\"http:\/\/www.youtube.com\/embed\/MV_3Dpw-BRY?feature=oembed\" frameborder=\"0\" allowfullscreen><\/iframe>",
                "video_html_width": 400,
                "video_html_height": 300,
                "from_url": "https:\/\/www.youtube.com\/watch?v=MV_3Dpw-BRY",
                "id": 1
            }
        ],
        "ts": "1430146855.000089"
    },
    {
        "type": "message",
        "user": "U043951H9",
        "text": "that whole kavinsky album is so good",
        "ts": "1430146892.000091"
    },
    {
        "type": "message",
        "user": "U043951H9",
        "text": "<https:\/\/open.spotify.com\/album\/3bRM4GQgoFjBRRzhp87Ugb>",
        "attachments": [
            {
                "service_name": "Spotify",
                "service_url": "https:\/\/www.spotify.com",
                "title": "Kavinsky - 13. Endless",
                "title_link": "https:\/\/open.spotify.com\/album\/3bRM4GQgoFjBRRzhp87Ugb",
                "thumb_url": "https:\/\/d3rt1990lpmkn.cloudfront.net\/cover\/cc475da5faf02f1a9f0cdc60550bbcb88e91f256",
                "thumb_width": 300,
                "thumb_height": 300,
                "fallback": "Spotify Audio: Link: Kavinsky - 13. Endless",
                "audio_html": "<iframe src=\"https:\/\/embed.spotify.com\/?uri=spotify:album:3bRM4GQgoFjBRRzhp87Ugb\" width=\"300\" height=\"380\" frameborder=\"0\" allowtransparency=\"true\"><\/iframe>",
                "audio_html_width": 300,
                "audio_html_height": 380,
                "from_url": "https:\/\/open.spotify.com\/album\/3bRM4GQgoFjBRRzhp87Ugb",
                "id": 1
            }
        ],
        "ts": "1430146933.000092"
    },
    {
        "type": "message",
        "user": "U043951H9",
        "text": "if you like daft punk <@U043AB2QT> give Justice a try",
        "ts": "1430146995.000094"
    },
    {
        "type": "message",
        "user": "U043951H9",
        "text": "if you haven\u2019t already :+1:",
        "ts": "1430147007.000095"
    },
    {
        "type": "message",
        "user": "U043AB2QT",
        "text": "Awesome lads\u2026Will add to the playlist\u2026Cheers.",
        "ts": "1430147038.000096"
    },
    {
        "type": "message",
        "user": "U03SSL0FM",
        "text": "I play piano",
        "ts": "1430156159.000097"
    },
    {
        "type": "message",
        "user": "U03SSL0FM",
        "text": "<@U04BE0ELZ>:",
        "ts": "1430156164.000098"
    },
    {
        "type": "message",
        "user": "U04BE0ELZ",
        "text": "Nice, what style?",
        "ts": "1430156184.000099"
    },
    {
        "type": "message",
        "user": "U03SSL0FM",
        "text": "classic obviously",
        "ts": "1430156244.000100"
    },
    {
        "type": "message",
        "user": "U03SSL0FM",
        "text": "I went to music school for 7 years",
        "ts": "1430156248.000101"
    },
    {
        "type": "message",
        "user": "U03SSL0FM",
        "text": "they dont teach anything else there",
        "ts": "1430156251.000102"
    },
    {
        "type": "message",
        "user": "U03SSL0FM",
        "text": "Also, they didnt let me take my piano into the plane when I flew to UK",
        "ts": "1430156308.000103"
    },
    {
        "type": "message",
        "user": "U04BE0ELZ",
        "text": "Nice, you must be quite a player!",
        "ts": "1430156492.000104"
    },
    {
        "type": "message",
        "user": "U04BE0ELZ",
        "text": "I'm just trying out the mobile slack up. Anyone know how it does the sign in from the email link it sent.",
        "ts": "1430157556.000105"
    },
    {
        "type": "message",
        "subtype": "file_share",
        "text": "<@U03SSL0FM|codepreneur> uploaded a file: <https:\/\/emberlondon.slack.com\/files\/codepreneur\/F04K0CKNM\/pasted_image_at_2015_04_27_08_55_pm.png|Pasted image at 2015-04-27, 8:55 PM>",
        "file": {
            "id": "F04K0CKNM",
            "created": 1430164538,
            "timestamp": 1430164538,
            "name": "Pasted image at 2015_04_27 08_55 PM.png",
            "title": "Pasted image at 2015-04-27, 8:55 PM",
            "mimetype": "image\/png",
            "filetype": "png",
            "pretty_type": "PNG",
            "user": "U03SSL0FM",
            "editable": false,
            "size": 346690,
            "mode": "hosted",
            "is_external": false,
            "external_type": "",
            "is_public": true,
            "public_url_shared": false,
            "display_as_bot": false,
            "username": "",
            "url_private": "https:\/\/files.slack.com\/files-pri\/T03SSL0FF-F04K0CKNM\/pasted_image_at_2015_04_27_08_55_pm.png?t=xoxe-3910680525-115741181265-116496169492-28d023e02c",
            "url_private_download": "https:\/\/files.slack.com\/files-pri\/T03SSL0FF-F04K0CKNM\/download\/pasted_image_at_2015_04_27_08_55_pm.png?t=xoxe-3910680525-115741181265-116496169492-28d023e02c",
            "thumb_64": "https:\/\/files.slack.com\/files-tmb\/T03SSL0FF-F04K0CKNM-35d0deb68f\/pasted_image_at_2015_04_27_08_55_pm_64.png?t=xoxe-3910680525-115741181265-116496169492-28d023e02c",
            "thumb_80": "https:\/\/files.slack.com\/files-tmb\/T03SSL0FF-F04K0CKNM-35d0deb68f\/pasted_image_at_2015_04_27_08_55_pm_80.png?t=xoxe-3910680525-115741181265-116496169492-28d023e02c",
            "thumb_360": "https:\/\/files.slack.com\/files-tmb\/T03SSL0FF-F04K0CKNM-35d0deb68f\/pasted_image_at_2015_04_27_08_55_pm_360.png?t=xoxe-3910680525-115741181265-116496169492-28d023e02c",
            "thumb_360_w": 360,
            "thumb_360_h": 328,
            "thumb_160": "https:\/\/files.slack.com\/files-tmb\/T03SSL0FF-F04K0CKNM-35d0deb68f\/pasted_image_at_2015_04_27_08_55_pm_160.png?t=xoxe-3910680525-115741181265-116496169492-28d023e02c",
            "thumb_720": "https:\/\/files.slack.com\/files-tmb\/T03SSL0FF-F04K0CKNM-35d0deb68f\/pasted_image_at_2015_04_27_08_55_pm_720.png?t=xoxe-3910680525-115741181265-116496169492-28d023e02c",
            "thumb_720_w": 720,
            "thumb_720_h": 656,
            "image_exif_rotation": 1,
            "original_w": 940,
            "original_h": 856,
            "permalink": "https:\/\/emberlondon.slack.com\/files\/codepreneur\/F04K0CKNM\/pasted_image_at_2015_04_27_08_55_pm.png",
            "permalink_public": "https:\/\/slack-files.com\/T03SSL0FF-F04K0CKNM-7675be3553",
            "channels": [
                "C03SSL0H5"
            ],
            "groups": [],
            "ims": [],
            "comments_count": 0
        },
        "user": "U03SSL0FM",
        "upload": true,
        "display_as_bot": false,
        "username": "<@U03SSL0FM|codepreneur>",
        "bot_id": null,
        "ts": "1430164542.000106"
    }
]