[
    {
        "type": "message",
        "subtype": "file_share",
        "text": "<@U03SSL0FM|codepreneur> uploaded a file: <https:\/\/emberlondon.slack.com\/files\/codepreneur\/F049F1LHD\/pasted_image_at_2015_04_04_02_32_am.png|Pasted image at 2015-04-04, 2:32 AM>",
        "file": {
            "id": "F049F1LHD",
            "created": 1428111168,
            "timestamp": 1428111168,
            "name": "Pasted image at 2015_04_04 02_32 AM.png",
            "title": "Pasted image at 2015-04-04, 2:32 AM",
            "mimetype": "image\/png",
            "filetype": "png",
            "pretty_type": "PNG",
            "user": "U03SSL0FM",
            "editable": false,
            "size": 341364,
            "mode": "hosted",
            "is_external": false,
            "external_type": "",
            "is_public": true,
            "public_url_shared": false,
            "display_as_bot": false,
            "username": "",
            "url_private": "https:\/\/files.slack.com\/files-pri\/T03SSL0FF-F049F1LHD\/pasted_image_at_2015_04_04_02_32_am.png?t=xoxe-3910680525-115741181265-116496169492-28d023e02c",
            "url_private_download": "https:\/\/files.slack.com\/files-pri\/T03SSL0FF-F049F1LHD\/download\/pasted_image_at_2015_04_04_02_32_am.png?t=xoxe-3910680525-115741181265-116496169492-28d023e02c",
            "thumb_64": "https:\/\/files.slack.com\/files-tmb\/T03SSL0FF-F049F1LHD-25e375f72f\/pasted_image_at_2015_04_04_02_32_am_64.png?t=xoxe-3910680525-115741181265-116496169492-28d023e02c",
            "thumb_80": "https:\/\/files.slack.com\/files-tmb\/T03SSL0FF-F049F1LHD-25e375f72f\/pasted_image_at_2015_04_04_02_32_am_80.png?t=xoxe-3910680525-115741181265-116496169492-28d023e02c",
            "thumb_360": "https:\/\/files.slack.com\/files-tmb\/T03SSL0FF-F049F1LHD-25e375f72f\/pasted_image_at_2015_04_04_02_32_am_360.png?t=xoxe-3910680525-115741181265-116496169492-28d023e02c",
            "thumb_360_w": 360,
            "thumb_360_h": 342,
            "thumb_160": "https:\/\/files.slack.com\/files-tmb\/T03SSL0FF-F049F1LHD-25e375f72f\/pasted_image_at_2015_04_04_02_32_am_160.png?t=xoxe-3910680525-115741181265-116496169492-28d023e02c",
            "thumb_720": "https:\/\/files.slack.com\/files-tmb\/T03SSL0FF-F049F1LHD-25e375f72f\/pasted_image_at_2015_04_04_02_32_am_720.png?t=xoxe-3910680525-115741181265-116496169492-28d023e02c",
            "thumb_720_w": 720,
            "thumb_720_h": 684,
            "image_exif_rotation": 1,
            "original_w": 920,
            "original_h": 874,
            "permalink": "https:\/\/emberlondon.slack.com\/files\/codepreneur\/F049F1LHD\/pasted_image_at_2015_04_04_02_32_am.png",
            "permalink_public": "https:\/\/slack-files.com\/T03SSL0FF-F049F1LHD-9ebcdc56fc",
            "channels": [
                "C03SSL0H5"
            ],
            "groups": [],
            "ims": [],
            "comments_count": 0
        },
        "user": "U03SSL0FM",
        "upload": true,
        "display_as_bot": false,
        "username": "<@U03SSL0FM|codepreneur>",
        "bot_id": null,
        "ts": "1428111172.000003"
    }
]