[
    {
        "type": "message",
        "user": "U04AWR0TU",
        "text": "how do folks here recommend getting controllers to \u201ccommunicate\u201d with components when everything is about \"data-down, actions-up\"?",
        "ts": "1429271305.000019"
    },
    {
        "type": "message",
        "user": "U04AWR0TU",
        "text": "found an answer: <https:\/\/github.com\/GavinJoyce\/ember-component-inbound-actions>",
        "attachments": [
            {
                "service_name": "GitHub",
                "title": "GavinJoyce\/ember-component-inbound-actions",
                "title_link": "https:\/\/github.com\/GavinJoyce\/ember-component-inbound-actions",
                "text": "ember-component-inbound-actions - Send actions to Ember.js components",
                "fallback": "GitHub: GavinJoyce\/ember-component-inbound-actions",
                "thumb_url": "https:\/\/avatars1.githubusercontent.com\/u\/2526?v=3&s=400",
                "from_url": "https:\/\/github.com\/GavinJoyce\/ember-component-inbound-actions",
                "thumb_width": 400,
                "thumb_height": 400,
                "id": 1
            }
        ],
        "ts": "1429272092.000020"
    },
    {
        "type": "message",
        "user": "U043AB2QT",
        "text": "<@U04AWR0TU>: I'm actually trialling not using controllers AT ALL....And it's working out really nicely....",
        "ts": "1429272660.000022"
    },
    {
        "type": "message",
        "user": "U043AB2QT",
        "text": "And I've written an addon, soon to be made public that adds a `this.sendToRoute` function to Ember.Component so you can send actions up to the parent Route to be handled.",
        "ts": "1429272692.000023"
    },
    {
        "type": "message",
        "user": "U043AB2QT",
        "text": "This is working very well for me so far....Not a controller in sight...&gt;Which makes things much easier to migrate to Ember 2.0",
        "ts": "1429272725.000024"
    },
    {
        "type": "message",
        "user": "U04AWR0TU",
        "text": "<@U043AB2QT> I think you are right, amazing how things come full circle in our world.",
        "ts": "1429272985.000025"
    },
    {
        "type": "message",
        "user": "U043AB2QT",
        "text": "Happy to share the addon I spoke...Just haven't had a chance to push it anywhere yet.....Will aim to in the next few days.",
        "ts": "1429273131.000026"
    },
    {
        "type": "message",
        "user": "U03SSL0FM",
        "text": "<@U043AB2QT>: you are my rockstar! :+1:",
        "ts": "1429275664.000027"
    },
    {
        "type": "message",
        "user": "U03SSL0FM",
        "text": "<http:\/\/imgs.xkcd.com\/comics\/code_quality.png>",
        "attachments": [
            {
                "from_url": "http:\/\/imgs.xkcd.com\/comics\/code_quality.png",
                "fallback": "740x258px image",
                "image_url": "http:\/\/imgs.xkcd.com\/comics\/code_quality.png",
                "image_width": 740,
                "image_height": 258,
                "image_bytes": 66631,
                "id": 1
            }
        ],
        "ts": "1429275666.000028"
    },
    {
        "type": "message",
        "user": "U043AB2QT",
        "text": "awww shucks <@U03SSL0FM>",
        "ts": "1429276879.000030"
    },
    {
        "type": "message",
        "user": "U03V8V08M",
        "text": "we really ought to make an \u201caddons by london embere\u00f1os\u201d page at some point",
        "ts": "1429276948.000031"
    },
    {
        "type": "message",
        "user": "U03V8V08M",
        "text": "there are loads!",
        "edited": {
            "user": "U03V8V08M",
            "ts": "1429276955.000000"
        },
        "ts": "1429276952.000032"
    },
    {
        "type": "message",
        "user": "U044QMK6K",
        "text": "should be fairly simple to grab the data for like <http:\/\/emberaddons.com|emberaddons.com> etc\u2026 just need a list of everyone\u2019s npm usernames &amp; cross reference with anything tagged as an addon",
        "ts": "1429277430.000034"
    },
    {
        "type": "message",
        "user": "U043AB2QT",
        "text": "Sounds like volunteering to me <@U044QMK6K>  :thumbsup:",
        "ts": "1429281696.000035"
    },
    {
        "type": "message",
        "user": "U044QMK6K",
        "text": "make me another 12 hours in each day and I might have some free time\u2026",
        "ts": "1429282431.000036"
    },
    {
        "type": "message",
        "user": "U044QMK6K",
        "text": "stupid 24 hour days",
        "ts": "1429282444.000037"
    },
    {
        "type": "message",
        "user": "U043AB2QT",
        "text": "I know....How good would a pause button be?",
        "ts": "1429282505.000038"
    }
]