[
    {
        "user": "U050WKBTH",
        "type": "message",
        "subtype": "channel_join",
        "text": "<@U050WKBTH|tompallister> has joined the channel",
        "ts": "1432299992.000094"
    },
    {
        "user": "U050979TG",
        "type": "message",
        "subtype": "channel_join",
        "text": "<@U050979TG|nlh> has joined the channel",
        "ts": "1432301009.000095"
    },
    {
        "user": "U050WT24D",
        "type": "message",
        "subtype": "channel_join",
        "text": "<@U050WT24D|brian> has joined the channel",
        "ts": "1432301046.000096"
    }
]