[
    {
        "user": "U0411TR6W",
        "type": "message",
        "subtype": "channel_join",
        "text": "<@U0411TR6W|rosshepburn> has joined the channel",
        "ts": "1426239600.000002"
    },
    {
        "user": "U04134XGE",
        "type": "message",
        "subtype": "channel_join",
        "text": "<@U04134XGE|dremora> has joined the channel",
        "ts": "1426247479.000003"
    },
    {
        "user": "U0417SBAP",
        "type": "message",
        "subtype": "channel_join",
        "text": "<@U0417SBAP|wifelette> has joined the channel",
        "ts": "1426281018.000004"
    }
]