[
    {
        "user": "U0C5RUAKW",
        "type": "message",
        "subtype": "channel_join",
        "text": "<@U0C5RUAKW|alexloiz> has joined the channel",
        "ts": "1444383143.000005"
    },
    {
        "user": "U0C5RUAQ4",
        "type": "message",
        "subtype": "channel_join",
        "text": "<@U0C5RUAQ4|mschinis> has joined the channel",
        "ts": "1444383145.000006"
    },
    {
        "user": "U0C5XJ8EL",
        "type": "message",
        "subtype": "channel_join",
        "text": "<@U0C5XJ8EL|daralthus> has joined the channel",
        "ts": "1444385567.000007"
    },
    {
        "user": "U0C6GLVL3",
        "type": "message",
        "subtype": "channel_join",
        "text": "<@U0C6GLVL3|jonnygreen> has joined the channel",
        "ts": "1444407866.000008"
    }
]