[
    {
        "user": "U04TVH682",
        "type": "message",
        "subtype": "channel_join",
        "text": "<@U04TVH682|simonjefford> has joined the channel",
        "ts": "1432024076.000085"
    },
    {
        "user": "U04TVH6N8",
        "type": "message",
        "subtype": "channel_join",
        "text": "<@U04TVH6N8|benthompson> has joined the channel",
        "ts": "1432024078.000086"
    },
    {
        "user": "U04TVTLQ8",
        "type": "message",
        "subtype": "channel_join",
        "text": "<@U04TVTLQ8|bryancrotaz> has joined the channel",
        "ts": "1432025855.000087"
    },
    {
        "user": "U04UJ2HMT",
        "type": "message",
        "subtype": "channel_join",
        "text": "<@U04UJ2HMT|jonny> has joined the channel",
        "ts": "1432027813.000088"
    },
    {
        "type": "message",
        "user": "U04BD6KB1",
        "text": "If you love coffee \u2014 and who doesn\u2019t? \u2014 then I really must say that I LOVE <http:\/\/hasbean.co.uk> \u2026 been using them for a long time and the coffee is great quality, its fun to shop around the world and get little tidbits about the farm, but the customer service is AMAZING. Just had a few  \u201cemergency bags\u201d of coffee overnighted to me at no cost because they were covering for FedEx\u2019s fumble. Love those guys.",
        "ts": "1432031468.000089"
    },
    {
        "type": "message",
        "user": "U04BE0ELZ",
        "text": "+1",
        "ts": "1432031950.000090"
    },
    {
        "user": "U04TZ8K6S",
        "type": "message",
        "subtype": "channel_join",
        "text": "<@U04TZ8K6S|cjroebuck> has joined the channel",
        "ts": "1432041699.000091"
    }
]