[
    {
        "type": "message",
        "user": "U04BE0ELZ",
        "text": "It appears that f# funscript  doesn't translate well to floating point numbers in JavaScript",
        "ts": "1431502962.000048"
    },
    {
        "type": "message",
        "user": "U04BE0ELZ",
        "text": "Oh the joys of installing  visual studio",
        "ts": "1431520948.000049"
    },
    {
        "user": "U04S3TWBT",
        "type": "message",
        "subtype": "channel_join",
        "text": "<@U04S3TWBT|joeprivett> has joined the channel",
        "ts": "1431538056.000050"
    },
    {
        "user": "U04RMJJE6",
        "type": "message",
        "subtype": "channel_join",
        "text": "<@U04RMJJE6|nspehler> has joined the channel",
        "ts": "1431558028.000051"
    }
]