[
    {
        "user": "U046D0DSD",
        "type": "message",
        "subtype": "channel_join",
        "text": "<@U046D0DSD|chrisgame> has joined the channel",
        "ts": "1427454359.000002"
    },
    {
        "user": "U046FCXL7",
        "type": "message",
        "subtype": "channel_join",
        "text": "<@U046FCXL7|dakuan> has joined the channel",
        "ts": "1427466947.000003"
    },
    {
        "user": "U045SGGD8",
        "type": "message",
        "subtype": "channel_join",
        "text": "<@U045SGGD8|alexspeller> has joined the channel",
        "ts": "1427468026.000004"
    }
]