[
    {
        "type": "message",
        "user": "U03SSL0FM",
        "text": "this is what happens when you put two tomsters in the same wheel...",
        "ts": "1431261615.000029"
    },
    {
        "type": "message",
        "user": "U03SSL0FM",
        "text": "<https:\/\/www.facebook.com\/mamamiablog\/videos\/10152806218855945\/>",
        "attachments": [
            {
                "text": "Two hampsters in a wheel? The most fun that could ever be had. True Story.",
                "fallback": "Two hampsters in a wheel? The most fun that could ever be had. True Story.",
                "from_url": "https:\/\/www.facebook.com\/mamamiablog\/videos\/10152806218855945\/",
                "id": 1
            }
        ],
        "ts": "1431261617.000030"
    },
    {
        "type": "message",
        "user": "U04BE0ELZ",
        "text": "Lol ",
        "ts": "1431277857.000032"
    }
]