[
    {
        "type": "message",
        "user": "U03SSL0FM",
        "text": "<https:\/\/fbcdn-sphotos-h-a.akamaihd.net\/hphotos-ak-xpa1\/t31.0-8\/p600x600\/10562531_798677650187453_4145293433901732574_o.jpg>",
        "attachments": [
            {
                "from_url": "https:\/\/fbcdn-sphotos-h-a.akamaihd.net\/hphotos-ak-xpa1\/t31.0-8\/p600x600\/10562531_798677650187453_4145293433901732574_o.jpg",
                "fallback": "600x1544px image",
                "image_url": "https:\/\/fbcdn-sphotos-h-a.akamaihd.net\/hphotos-ak-xpa1\/t31.0-8\/p600x600\/10562531_798677650187453_4145293433901732574_o.jpg",
                "image_width": 600,
                "image_height": 1544,
                "image_bytes": 139509,
                "id": 1
            }
        ],
        "ts": "1427151291.000002"
    },
    {
        "type": "message",
        "user": "U03SSL0FM",
        "text": "Everytime I Went to facebook today I get this:",
        "ts": "1427156124.000004"
    },
    {
        "type": "message",
        "subtype": "file_share",
        "text": "<@U03SSL0FM|codepreneur> uploaded a file: <https:\/\/emberlondon.slack.com\/files\/codepreneur\/F044HA0V1\/pasted_image_at_2015_03_24_12_15_am.png|Pasted image at 2015-03-24, 12:15 AM>",
        "file": {
            "id": "F044HA0V1",
            "created": 1427156131,
            "timestamp": 1427156131,
            "name": "Pasted image at 2015_03_24 12_15 AM.png",
            "title": "Pasted image at 2015-03-24, 12:15 AM",
            "mimetype": "image\/png",
            "filetype": "png",
            "pretty_type": "PNG",
            "user": "U03SSL0FM",
            "editable": false,
            "size": 318364,
            "mode": "hosted",
            "is_external": false,
            "external_type": "",
            "is_public": true,
            "public_url_shared": false,
            "display_as_bot": false,
            "username": "",
            "url_private": "https:\/\/files.slack.com\/files-pri\/T03SSL0FF-F044HA0V1\/pasted_image_at_2015_03_24_12_15_am.png?t=xoxe-3910680525-115741181265-116496169492-28d023e02c",
            "url_private_download": "https:\/\/files.slack.com\/files-pri\/T03SSL0FF-F044HA0V1\/download\/pasted_image_at_2015_03_24_12_15_am.png?t=xoxe-3910680525-115741181265-116496169492-28d023e02c",
            "thumb_64": "https:\/\/files.slack.com\/files-tmb\/T03SSL0FF-F044HA0V1-950089d6a2\/pasted_image_at_2015_03_24_12_15_am_64.png?t=xoxe-3910680525-115741181265-116496169492-28d023e02c",
            "thumb_80": "https:\/\/files.slack.com\/files-tmb\/T03SSL0FF-F044HA0V1-950089d6a2\/pasted_image_at_2015_03_24_12_15_am_80.png?t=xoxe-3910680525-115741181265-116496169492-28d023e02c",
            "thumb_360": "https:\/\/files.slack.com\/files-tmb\/T03SSL0FF-F044HA0V1-950089d6a2\/pasted_image_at_2015_03_24_12_15_am_360.png?t=xoxe-3910680525-115741181265-116496169492-28d023e02c",
            "thumb_360_w": 360,
            "thumb_360_h": 214,
            "thumb_160": "https:\/\/files.slack.com\/files-tmb\/T03SSL0FF-F044HA0V1-950089d6a2\/pasted_image_at_2015_03_24_12_15_am_160.png?t=xoxe-3910680525-115741181265-116496169492-28d023e02c",
            "thumb_720": "https:\/\/files.slack.com\/files-tmb\/T03SSL0FF-F044HA0V1-950089d6a2\/pasted_image_at_2015_03_24_12_15_am_720.png?t=xoxe-3910680525-115741181265-116496169492-28d023e02c",
            "thumb_720_w": 720,
            "thumb_720_h": 428,
            "thumb_1024": "https:\/\/files.slack.com\/files-tmb\/T03SSL0FF-F044HA0V1-950089d6a2\/pasted_image_at_2015_03_24_12_15_am_1024.png?t=xoxe-3910680525-115741181265-116496169492-28d023e02c",
            "thumb_1024_w": 1024,
            "thumb_1024_h": 608,
            "image_exif_rotation": 1,
            "original_w": 2188,
            "original_h": 1300,
            "permalink": "https:\/\/emberlondon.slack.com\/files\/codepreneur\/F044HA0V1\/pasted_image_at_2015_03_24_12_15_am.png",
            "permalink_public": "https:\/\/slack-files.com\/T03SSL0FF-F044HA0V1-63ea93732f",
            "channels": [
                "C03SSL0H5"
            ],
            "groups": [],
            "ims": [],
            "comments_count": 0
        },
        "user": "U03SSL0FM",
        "upload": true,
        "display_as_bot": false,
        "username": "<@U03SSL0FM|codepreneur>",
        "bot_id": null,
        "ts": "1427156135.000005"
    },
    {
        "type": "message",
        "user": "U03SSL0FM",
        "text": "And then... explanation appeared !",
        "ts": "1427156138.000006"
    },
    {
        "type": "message",
        "subtype": "file_share",
        "text": "<@U03SSL0FM|codepreneur> uploaded a file: <https:\/\/emberlondon.slack.com\/files\/codepreneur\/F044HA7ER\/pasted_image_at_2015_03_24_12_15_am.png|Pasted image at 2015-03-24, 12:15 AM>",
        "file": {
            "id": "F044HA7ER",
            "created": 1427156161,
            "timestamp": 1427156161,
            "name": "Pasted image at 2015_03_24 12_15 AM.png",
            "title": "Pasted image at 2015-03-24, 12:15 AM",
            "mimetype": "image\/png",
            "filetype": "png",
            "pretty_type": "PNG",
            "user": "U03SSL0FM",
            "editable": false,
            "size": 1172240,
            "mode": "hosted",
            "is_external": false,
            "external_type": "",
            "is_public": true,
            "public_url_shared": false,
            "display_as_bot": false,
            "username": "",
            "url_private": "https:\/\/files.slack.com\/files-pri\/T03SSL0FF-F044HA7ER\/pasted_image_at_2015_03_24_12_15_am.png?t=xoxe-3910680525-115741181265-116496169492-28d023e02c",
            "url_private_download": "https:\/\/files.slack.com\/files-pri\/T03SSL0FF-F044HA7ER\/download\/pasted_image_at_2015_03_24_12_15_am.png?t=xoxe-3910680525-115741181265-116496169492-28d023e02c",
            "thumb_64": "https:\/\/files.slack.com\/files-tmb\/T03SSL0FF-F044HA7ER-ae144174e1\/pasted_image_at_2015_03_24_12_15_am_64.png?t=xoxe-3910680525-115741181265-116496169492-28d023e02c",
            "thumb_80": "https:\/\/files.slack.com\/files-tmb\/T03SSL0FF-F044HA7ER-ae144174e1\/pasted_image_at_2015_03_24_12_15_am_80.png?t=xoxe-3910680525-115741181265-116496169492-28d023e02c",
            "thumb_360": "https:\/\/files.slack.com\/files-tmb\/T03SSL0FF-F044HA7ER-ae144174e1\/pasted_image_at_2015_03_24_12_15_am_360.png?t=xoxe-3910680525-115741181265-116496169492-28d023e02c",
            "thumb_360_w": 360,
            "thumb_360_h": 249,
            "thumb_160": "https:\/\/files.slack.com\/files-tmb\/T03SSL0FF-F044HA7ER-ae144174e1\/pasted_image_at_2015_03_24_12_15_am_160.png?t=xoxe-3910680525-115741181265-116496169492-28d023e02c",
            "thumb_720": "https:\/\/files.slack.com\/files-tmb\/T03SSL0FF-F044HA7ER-ae144174e1\/pasted_image_at_2015_03_24_12_15_am_720.png?t=xoxe-3910680525-115741181265-116496169492-28d023e02c",
            "thumb_720_w": 720,
            "thumb_720_h": 498,
            "thumb_1024": "https:\/\/files.slack.com\/files-tmb\/T03SSL0FF-F044HA7ER-ae144174e1\/pasted_image_at_2015_03_24_12_15_am_1024.png?t=xoxe-3910680525-115741181265-116496169492-28d023e02c",
            "thumb_1024_w": 1024,
            "thumb_1024_h": 708,
            "image_exif_rotation": 1,
            "original_w": 1886,
            "original_h": 1304,
            "permalink": "https:\/\/emberlondon.slack.com\/files\/codepreneur\/F044HA7ER\/pasted_image_at_2015_03_24_12_15_am.png",
            "permalink_public": "https:\/\/slack-files.com\/T03SSL0FF-F044HA7ER-cd0ec3739b",
            "channels": [
                "C03SSL0H5"
            ],
            "groups": [],
            "ims": [],
            "comments_count": 0
        },
        "user": "U03SSL0FM",
        "upload": true,
        "display_as_bot": false,
        "username": "<@U03SSL0FM|codepreneur>",
        "bot_id": null,
        "ts": "1427156167.000007"
    },
    {
        "type": "message",
        "user": "U03SSL0FM",
        "text": "<https:\/\/code.google.com\/p\/chromium\/issues\/detail?id=468390>",
        "ts": "1427156169.000008"
    },
    {
        "type": "message",
        "user": "U03SSL0FM",
        "text": "Did you know ?",
        "ts": "1427156172.000009"
    }
]