[
    {
        "user": "U0A8GSHHA",
        "type": "message",
        "subtype": "channel_join",
        "text": "<@U0A8GSHHA|keda> has joined the channel",
        "ts": "1441617992.000002"
    },
    {
        "user": "U0A8SF1RA",
        "type": "message",
        "subtype": "channel_join",
        "text": "<@U0A8SF1RA|jordizle> has joined the channel",
        "ts": "1441632885.000003"
    },
    {
        "user": "U0A9ALENN",
        "type": "message",
        "subtype": "channel_join",
        "text": "<@U0A9ALENN|alexanderjeurissen> has joined the channel",
        "ts": "1441667811.000004"
    }
]