[
    {
        "user": "U043U87J7",
        "type": "message",
        "subtype": "channel_join",
        "text": "<@U043U87J7|sidwood> has joined the channel",
        "ts": "1426944150.000002"
    },
    {
        "type": "message",
        "user": "U03SSL0FM",
        "text": "<https:\/\/www.youtube.com\/watch?v=hfq2SisPvCU>",
        "attachments": [
            {
                "service_name": "YouTube",
                "service_url": "http:\/\/www.youtube.com\/",
                "title": "Leap Motion Node Drone Flight in 2013",
                "title_link": "https:\/\/www.youtube.com\/watch?v=hfq2SisPvCU",
                "author_name": "Daniel Liebeskind",
                "author_link": "http:\/\/www.youtube.com\/user\/liebeskd",
                "thumb_url": "http:\/\/i.ytimg.com\/vi\/hfq2SisPvCU\/hqdefault.jpg",
                "thumb_width": 480,
                "thumb_height": 360,
                "fallback": "YouTube Video: Leap Motion Node Drone Flight in 2013",
                "video_html": "<iframe width=\"400\" height=\"225\" src=\"http:\/\/www.youtube.com\/embed\/hfq2SisPvCU?feature=oembed\" frameborder=\"0\" allowfullscreen><\/iframe>",
                "video_html_width": 400,
                "video_html_height": 225,
                "from_url": "https:\/\/www.youtube.com\/watch?v=hfq2SisPvCU",
                "id": 1
            }
        ],
        "ts": "1426982883.000002"
    }
]