[
    {
        "type": "message",
        "user": "U043951H9",
        "text": "<@U03V8V08M>: where do you get your stickers made?",
        "ts": "1430999050.000002"
    },
    {
        "type": "message",
        "user": "U043951H9",
        "text": "stickermule?",
        "ts": "1430999052.000003"
    },
    {
        "type": "message",
        "user": "U043951H9",
        "text": "is there anywhere in London that would do them super quick that you know of :simple_smile:",
        "edited": {
            "user": "U043951H9",
            "ts": "1430999133.000000"
        },
        "ts": "1430999128.000004"
    },
    {
        "type": "message",
        "user": "U03V8V08M",
        "text": "<@U043951H9>: <http:\/\/stickermule.com|stickermule.com>",
        "ts": "1430999954.000006"
    },
    {
        "type": "message",
        "user": "U03V8V08M",
        "text": "they\u2019re great",
        "ts": "1430999956.000007"
    },
    {
        "type": "message",
        "user": "U03V8V08M",
        "text": "amazing UX",
        "ts": "1430999959.000008"
    },
    {
        "type": "message",
        "user": "U043951H9",
        "text": "yeah, i thought so",
        "ts": "1430999963.000009"
    },
    {
        "type": "message",
        "user": "U043951H9",
        "text": "i was hoping there was somewhere else, i only have 4 days :disappointed:",
        "ts": "1430999977.000010"
    },
    {
        "type": "message",
        "user": "U043951H9",
        "text": "oh well",
        "ts": "1430999978.000011"
    },
    {
        "type": "message",
        "user": "U03V8V08M",
        "text": "ah, yeah turnaround time is slower",
        "ts": "1431000204.000012"
    },
    {
        "type": "message",
        "user": "U03V8V08M",
        "text": "you should ask <@U045B6S99>",
        "ts": "1431000210.000013"
    },
    {
        "type": "message",
        "user": "U03V8V08M",
        "text": "he works with printers in London",
        "ts": "1431000215.000014"
    },
    {
        "type": "message",
        "user": "U045B6S99",
        "text": "<@U043951H9> hello!  I the printers I work with are <http:\/\/lefaprint.co.uk\/>  When I\u2019ve been there I\u2019ve seen them doing batches of stickers.  Not sure what their turnaround time for stickers are but they are super quick at printing our paper things",
        "attachments": [
            {
                "service_name": "LEFA Print",
                "title": "Printing Company | Printers in London and Kent | LEFA Print",
                "title_link": "http:\/\/lefaprint.co.uk\/",
                "text": "Printing company based in London and Kent. Offering contract\/commercial print with a host of printing, finishing, mailing services and office supplies.",
                "fallback": "LEFA Print: Printing Company | Printers in London and Kent | LEFA Print",
                "ts": 1386067552,
                "from_url": "http:\/\/lefaprint.co.uk\/",
                "id": 1
            }
        ],
        "ts": "1431001736.000015"
    },
    {
        "type": "message",
        "user": "U043951H9",
        "text": "ah awesome, ill check it out thanks <@U045B6S99>",
        "ts": "1431002828.000017"
    }
]