[
    {
        "user": "U045B6S99",
        "type": "message",
        "subtype": "channel_join",
        "text": "<@U045B6S99|jamescroft> has joined the channel",
        "ts": "1427293947.000002"
    },
    {
        "user": "U045JSRHX",
        "type": "message",
        "subtype": "channel_join",
        "text": "<@U045JSRHX|annamarie> has joined the channel",
        "ts": "1427310393.000003"
    },
    {
        "user": "U045N93AZ",
        "type": "message",
        "subtype": "channel_join",
        "text": "<@U045N93AZ|blacktulip> has joined the channel",
        "ts": "1427318340.000004"
    }
]