[
    {
        "user": "U0E1FPUH4",
        "type": "message",
        "subtype": "channel_join",
        "text": "<@U0E1FPUH4|yuchen> has joined the channel",
        "ts": "1446828710.000003"
    },
    {
        "user": "U0E25V82X",
        "type": "message",
        "subtype": "channel_join",
        "text": "<@U0E25V82X|ankita.singh> has joined the channel",
        "ts": "1446850667.000004"
    },
    {
        "type": "message",
        "user": "U03SSL0FM",
        "text": "<http:\/\/venturebeat.com\/2015\/11\/06\/rumblr-is-like-a-dating-app-but-for-fistfights\/>",
        "attachments": [
            {
                "service_name": "VentureBeat",
                "title": "Rumblr is like a dating app, but for\u00a0fistfights",
                "title_link": "http:\/\/venturebeat.com\/2015\/11\/06\/rumblr-is-like-a-dating-app-but-for-fistfights\/",
                "text": "\"Bro, your face is pissing me off, want to throw down?\"",
                "fallback": "VentureBeat: Rumblr is like a dating app, but for\u00a0fistfights",
                "image_url": "http:\/\/i0.wp.com\/venturebeat.com\/wp-content\/uploads\/2015\/11\/Screen-Shot-2015-11-06-at-7.10.54-AM.png?fit=780%2C9999",
                "from_url": "http:\/\/venturebeat.com\/2015\/11\/06\/rumblr-is-like-a-dating-app-but-for-fistfights\/",
                "image_width": 486,
                "image_height": 250,
                "image_bytes": 113784,
                "id": 1
            }
        ],
        "ts": "1446851667.000005"
    }
]