[
    {
        "type": "message",
        "user": "U04BE0ELZ",
        "text": "check out this awesome experiance <http:\/\/www.bbc.co.uk\/news\/resources\/idt-3cca82c0-af80-4c3a-8a79-84fda5015115>",
        "attachments": [
            {
                "title": "Chairman Zhang&apos;s flatpack skyscrapers",
                "title_link": "http:\/\/www.bbc.co.uk\/news\/resources\/idt-3cca82c0-af80-4c3a-8a79-84fda5015115",
                "text": "A Chinese entrepreneur who took just just 19 days to build a 57-storey tower says he has triggered a construction revolution. And his dreams soar far, far higher.",
                "fallback": "Chairman Zhang&amp;apos;s flatpack skyscrapers",
                "from_url": "http:\/\/www.bbc.co.uk\/news\/resources\/idt-3cca82c0-af80-4c3a-8a79-84fda5015115",
                "id": 1
            }
        ],
        "ts": "1434010765.000044"
    },
    {
        "type": "message",
        "user": "U04BE0ELZ",
        "text": "best page read ever",
        "ts": "1434010770.000046"
    },
    {
        "type": "message",
        "user": "U03V8V08M",
        "text": "nice!",
        "ts": "1434010828.000047"
    },
    {
        "type": "message",
        "user": "U04BE0ELZ",
        "text": "whats a good pension provider, the one I\u2019m using is way too slow to sort out the new pension rules.",
        "edited": {
            "user": "U04BE0ELZ",
            "ts": "1434012893.000000"
        },
        "ts": "1434012875.000048"
    },
    {
        "type": "message",
        "user": "U04BE0ELZ",
        "text": "website is not nice to use either",
        "ts": "1434012942.000050"
    },
    {
        "type": "message",
        "user": "U03V8V08M",
        "text": "at work we\u2019re set up with <http:\/\/thepeoplespension.co.uk\/> at work",
        "attachments": [
            {
                "service_name": "The People's Pension",
                "title": "Auto-enrolment workplace pension provider |The People's Pension",
                "title_link": "http:\/\/thepeoplespension.co.uk\/",
                "text": "The People\u2019s Pension is a workplace pension, for employers of any size and from any sector, designed to take the hassle out of auto-enrolment",
                "fallback": "The People's Pension: Auto-enrolment workplace pension provider |The People's Pension",
                "from_url": "http:\/\/thepeoplespension.co.uk\/",
                "id": 1
            }
        ],
        "ts": "1434013755.000051"
    },
    {
        "type": "message",
        "user": "U03V8V08M",
        "text": "personal pension with Aviva but I\u2019ve never even looked at the website",
        "ts": "1434013767.000053"
    },
    {
        "type": "message",
        "user": "U04BE0ELZ",
        "text": "thanks",
        "ts": "1434014361.000054"
    },
    {
        "user": "U067KU0PP",
        "type": "message",
        "subtype": "channel_join",
        "text": "<@U067KU0PP|eligijus> has joined the channel",
        "ts": "1434028645.000055"
    }
]