[
    {
        "type": "message",
        "user": "U04BE0ELZ",
        "text": "<http:\/\/i.imgur.com\/WjjQ0ac.gifv>",
        "attachments": [
            {
                "service_name": "Imgur",
                "title": "Doe you wanna race?",
                "title_link": "http:\/\/i.imgur.com\/WjjQ0ac.gifv",
                "fallback": "Imgur: Doe you wanna race?",
                "thumb_url": "https:\/\/i.imgur.com\/WjjQ0ach.jpg",
                "video_html_width": "476",
                "video_html_height": "254",
                "video_url": "https:\/\/i.imgur.com\/WjjQ0ac.mp4",
                "video_html": "<video poster=\"https:\/\/i.imgur.com\/WjjQ0ach.jpg\" src=\"https:\/\/i.imgur.com\/WjjQ0ac.mp4\" width=\"476\" height=\"254\" autoplay=\"autoplay\" preload=\"auto\" muted=\"muted\" loop=\"loop\" webkit-playsinline><\/video>",
                "from_url": "http:\/\/i.imgur.com\/WjjQ0ac.gifv",
                "thumb_width": 476,
                "thumb_height": 254,
                "id": 1
            }
        ],
        "ts": "1438253915.000012"
    }
]