[
    {
        "type": "message",
        "user": "U03SSL0FM",
        "text": "quantum computation I am",
        "ts": "1429093716.000010"
    },
    {
        "type": "message",
        "user": "U03V8V08M",
        "text": "interesting paper for y\u2019all: <http:\/\/arxiv.org\/pdf\/math\/0209332.pdf>",
        "ts": "1429093784.000011"
    },
    {
        "type": "message",
        "user": "U03V8V08M",
        "text": "(I\u2019ve not read it yet, but plan to)",
        "edited": {
            "user": "U03V8V08M",
            "ts": "1429093793.000000"
        },
        "ts": "1429093791.000012"
    },
    {
        "type": "message",
        "user": "U03V8V08M",
        "text": "and a counterpoint to the above: <http:\/\/www.scottaaronson.com\/democritus\/lec4.html>",
        "ts": "1429093809.000014"
    },
    {
        "type": "message",
        "user": "U03SSL0FM",
        "text": "thanks <@U03V8V08M> added to my reading list!",
        "ts": "1429093818.000015"
    },
    {
        "type": "message",
        "user": "U03SSL0FM",
        "text": "<https:\/\/twitter.com\/iamdevloper\/status\/580326082269843456>",
        "attachments": [
            {
                "fallback": "<https:\/\/twitter.com\/iamdevloper|@iamdevloper>: I\u2019d really hate to see what Irregular Expressions look like\u2026",
                "ts": 1427195494,
                "author_name": "I Am Devloper",
                "author_link": "https:\/\/twitter.com\/iamdevloper\/status\/580326082269843456",
                "author_icon": "https:\/\/pbs.twimg.com\/profile_images\/477397164453527552\/uh2w1u1o_normal.jpeg",
                "author_subname": "@iamdevloper",
                "text": "I\u2019d really hate to see what Irregular Expressions look like\u2026",
                "service_name": "twitter",
                "service_url": "https:\/\/twitter.com\/",
                "from_url": "https:\/\/twitter.com\/iamdevloper\/status\/580326082269843456",
                "id": 1,
                "footer": "Twitter",
                "footer_icon": "https:\/\/a.slack-edge.com\/6e067\/img\/services\/twitter_pixel_snapped_32.png"
            }
        ],
        "ts": "1429112219.000016"
    },
    {
        "type": "message",
        "user": "U0441PH0Q",
        "text": "my phd is in quantum computing ..",
        "ts": "1429124154.000018"
    }
]