[
    {
        "type": "message",
        "user": "U043951H9",
        "text": "anyone else heading to this: <https:\/\/www.eventbrite.com\/e\/google-io-extended-2015-registration-16750528281>?",
        "attachments": [
            {
                "service_name": "Eventbrite",
                "title": "Google I\/O Extended 2015",
                "title_link": "https:\/\/www.eventbrite.com\/e\/google-io-extended-2015-registration-16750528281",
                "text": "Join us for the live stream of the keynote from Google I\/O with your host Peter Friese. I\/O is Google&amp;#39;s annual developer celebration and a chance to get together with like minded folks to hear what&amp;#39;s new from Google in the next 12 months. Our mission is to create excitement and buzz in the London Developer community - we encourage you to share, contribute and voice your opinions about the new announcements. However, we don\u2019t want to stop there! Post I\/O let\u2019s keep momentum in these discussions through communities, social media and the workplace. We will introduce you to community leaders who will point you in the right direction to support your exploration in their areas of expertise. Agenda: 6pm - 8pm Keynote (aired on every screen throughout campus London) 8pm - 11pm Silent Disco (Selected talks shown silent disco style on the 3rd floor) 8pm - 11pm Breakout workshop and discussion sessions (divided into zones of interest with a community leader hosting the discussion) Aside from the awesome content we will provide you with plenty of Food, Drink and of course - SWAG!",
                "fallback": "Eventbrite: Google I\/O Extended 2015",
                "thumb_url": "https:\/\/cdn.evbuc.com\/images\/13075594\/52850411210\/1\/logo.jpg",
                "from_url": "https:\/\/www.eventbrite.com\/e\/google-io-extended-2015-registration-16750528281",
                "thumb_width": 450,
                "thumb_height": 112,
                "id": 1
            }
        ],
        "ts": "1431345477.000033"
    },
    {
        "type": "message",
        "user": "U043AB2QT",
        "text": "I\u2019d be up for it <@U043951H9>",
        "ts": "1431348351.000035"
    },
    {
        "type": "message",
        "user": "U043951H9",
        "text": "all sold out",
        "ts": "1431348360.000036"
    },
    {
        "type": "message",
        "user": "U043AB2QT",
        "text": "I went 2 years ago",
        "ts": "1431348361.000037"
    },
    {
        "type": "message",
        "user": "U043AB2QT",
        "text": "Oh, so it is",
        "ts": "1431348367.000038"
    },
    {
        "type": "message",
        "user": "U043951H9",
        "text": "i think they are opening p more tickets soon though",
        "ts": "1431348369.000039"
    },
    {
        "type": "message",
        "user": "U043951H9",
        "text": "they all went in 20 mins i think",
        "ts": "1431348377.000040"
    },
    {
        "type": "message",
        "user": "U043AB2QT",
        "text": "Well, if you happen to be getting a ticket, grab me one too\u2026.",
        "ts": "1431348404.000041"
    },
    {
        "type": "message",
        "user": "U043951H9",
        "text": "ok cool",
        "ts": "1431348639.000042"
    },
    {
        "type": "message",
        "user": "U04BE0ELZ",
        "text": "I'll be in Ukraine",
        "ts": "1431349865.000043"
    },
    {
        "type": "message",
        "user": "U04BE0ELZ",
        "text": "otherwise would like to have come",
        "ts": "1431349880.000044"
    },
    {
        "type": "message",
        "user": "U04PVM8BR",
        "text": "<http:\/\/ginjs.org|ginjs.org> May 28th might of interest to a few folks here.",
        "ts": "1431357835.000045"
    },
    {
        "type": "message",
        "user": "U047GTU64",
        "text": "im going :simple_smile:",
        "ts": "1431358176.000046"
    }
]