[
    {
        "type": "message",
        "user": "U044QMK6K",
        "text": "I\u2019m now that guy who rings up tech support, is told to \u201cturn it off and on again\u201d and it fixes my problem\u2026",
        "ts": "1444731259.000009"
    },
    {
        "type": "message",
        "user": "U044QMK6K",
        "text": "The keyboard &amp; trackpad have not been working on my MacBook for the past few days, not a major issue as I use bluetooth ones when at the office",
        "ts": "1444731318.000010"
    },
    {
        "type": "message",
        "user": "U044QMK6K",
        "text": "Tried PRAM reset but as the keyboard didn\u2019t work, that obviously didn\u2019t work!",
        "ts": "1444731343.000011"
    },
    {
        "type": "message",
        "user": "U044QMK6K",
        "text": "Been trying to get Genius bar appt, rang them up this morning and they said to try with the bluetooth keyboard",
        "ts": "1444731375.000012"
    },
    {
        "type": "message",
        "user": "U044QMK6K",
        "text": "Now we all *know* that you can\u2019t do a PRAM reset with a bluetooth keyboard, because *obviously* bluetooth etc haven\u2019t started up and had enough time to connect by then",
        "ts": "1444731424.000013"
    },
    {
        "type": "message",
        "user": "U044QMK6K",
        "text": "2 minutes later I feel stupid, but have a fully working machine again!",
        "ts": "1444731445.000014"
    },
    {
        "type": "message",
        "user": "U0C5RUAQ4",
        "text": "LOL",
        "ts": "1444736575.000015"
    }
]