[
    {
        "type": "message",
        "user": "U04BE0ELZ",
        "text": "anyone use scala?",
        "ts": "1435051487.000059"
    },
    {
        "type": "message",
        "user": "U03SSL0FM",
        "text": "wow, where did that came from? :0",
        "ts": "1435051503.000060"
    },
    {
        "type": "message",
        "user": "U04BE0ELZ",
        "text": "eh, they use it here at work",
        "ts": "1435051515.000061"
    },
    {
        "type": "message",
        "user": "U03SSL0FM",
        "text": "scala + react?",
        "ts": "1435051525.000062"
    },
    {
        "type": "message",
        "user": "U04BE0ELZ",
        "text": "nah just backend",
        "ts": "1435051537.000063"
    },
    {
        "type": "message",
        "user": "U04BE0ELZ",
        "text": "I\u2019m trying to understand scala futures",
        "ts": "1435051569.000064"
    },
    {
        "type": "message",
        "user": "U04BE0ELZ",
        "text": "is it the same as es7 await?",
        "edited": {
            "user": "U04BE0ELZ",
            "ts": "1435051586.000000"
        },
        "ts": "1435051584.000065"
    }
]