[
    {
        "type": "message",
        "user": "U047GTU64",
        "text": "<http:\/\/writerkata.com\/>",
        "ts": "1435500329.000068"
    },
    {
        "type": "message",
        "user": "U047GTU64",
        "text": "how do you guys improve your writing? used to love it in highschool",
        "ts": "1435500339.000069"
    },
    {
        "type": "message",
        "user": "U047GTU64",
        "text": "want to get back to the habit to writing continously :simple_smile:",
        "ts": "1435500347.000070"
    }
]