[
    {
        "user": "U0D95V1QB",
        "type": "message",
        "subtype": "channel_join",
        "text": "<@U0D95V1QB|microfed> has joined the channel",
        "ts": "1445957406.000022"
    },
    {
        "user": "U0D9L7VSL",
        "type": "message",
        "subtype": "channel_join",
        "text": "<@U0D9L7VSL|dominikstodolny> has joined the channel",
        "ts": "1445964218.000023"
    },
    {
        "user": "U07CK66U8",
        "type": "message",
        "subtype": "channel_leave",
        "text": "<@U07CK66U8|joshcrowder> has left the channel",
        "ts": "1445965984.000024"
    }
]