[
    {
        "type": "message",
        "user": "U043951H9",
        "text": "anyone watch game of thrones?",
        "ts": "1428944153.000002"
    },
    {
        "type": "message",
        "user": "U043951H9",
        "text": "can you stream the live sky atlantic channels on the apple tv?",
        "ts": "1428944168.000003"
    },
    {
        "type": "message",
        "user": "U043951H9",
        "text": "through now tv",
        "ts": "1428944176.000004"
    },
    {
        "type": "message",
        "user": "U03SSL0FM",
        "text": "people been streaming live via periscope :smile:",
        "ts": "1428944358.000005"
    },
    {
        "type": "message",
        "user": "U043951H9",
        "text": "haha",
        "ts": "1428944368.000006"
    }
]