[
    {
        "type": "message",
        "subtype": "file_share",
        "text": "<@U03SSL0FM|codepreneur> uploaded a file: <https:\/\/emberlondon.slack.com\/files\/codepreneur\/F046EQ89S\/pasted_image_at_2015_03_29_11_18_pm.png|Pasted image at 2015-03-29, 11:18 PM>",
        "file": {
            "id": "F046EQ89S",
            "created": 1427667529,
            "timestamp": 1427667529,
            "name": "Pasted image at 2015_03_29 11_18 PM.png",
            "title": "Pasted image at 2015-03-29, 11:18 PM",
            "mimetype": "image\/png",
            "filetype": "png",
            "pretty_type": "PNG",
            "user": "U03SSL0FM",
            "editable": false,
            "size": 64811,
            "mode": "hosted",
            "is_external": false,
            "external_type": "",
            "is_public": true,
            "public_url_shared": false,
            "display_as_bot": false,
            "username": "",
            "url_private": "https:\/\/files.slack.com\/files-pri\/T03SSL0FF-F046EQ89S\/pasted_image_at_2015_03_29_11_18_pm.png?t=xoxe-3910680525-115741181265-116496169492-28d023e02c",
            "url_private_download": "https:\/\/files.slack.com\/files-pri\/T03SSL0FF-F046EQ89S\/download\/pasted_image_at_2015_03_29_11_18_pm.png?t=xoxe-3910680525-115741181265-116496169492-28d023e02c",
            "thumb_64": "https:\/\/files.slack.com\/files-tmb\/T03SSL0FF-F046EQ89S-f74a9d55ac\/pasted_image_at_2015_03_29_11_18_pm_64.png?t=xoxe-3910680525-115741181265-116496169492-28d023e02c",
            "thumb_80": "https:\/\/files.slack.com\/files-tmb\/T03SSL0FF-F046EQ89S-f74a9d55ac\/pasted_image_at_2015_03_29_11_18_pm_80.png?t=xoxe-3910680525-115741181265-116496169492-28d023e02c",
            "thumb_360": "https:\/\/files.slack.com\/files-tmb\/T03SSL0FF-F046EQ89S-f74a9d55ac\/pasted_image_at_2015_03_29_11_18_pm_360.png?t=xoxe-3910680525-115741181265-116496169492-28d023e02c",
            "thumb_360_w": 360,
            "thumb_360_h": 67,
            "thumb_160": "https:\/\/files.slack.com\/files-tmb\/T03SSL0FF-F046EQ89S-f74a9d55ac\/pasted_image_at_2015_03_29_11_18_pm_160.png?t=xoxe-3910680525-115741181265-116496169492-28d023e02c",
            "thumb_720": "https:\/\/files.slack.com\/files-tmb\/T03SSL0FF-F046EQ89S-f74a9d55ac\/pasted_image_at_2015_03_29_11_18_pm_720.png?t=xoxe-3910680525-115741181265-116496169492-28d023e02c",
            "thumb_720_w": 720,
            "thumb_720_h": 133,
            "thumb_1024": "https:\/\/files.slack.com\/files-tmb\/T03SSL0FF-F046EQ89S-f74a9d55ac\/pasted_image_at_2015_03_29_11_18_pm_1024.png?t=xoxe-3910680525-115741181265-116496169492-28d023e02c",
            "thumb_1024_w": 1024,
            "thumb_1024_h": 189,
            "image_exif_rotation": 1,
            "original_w": 1180,
            "original_h": 218,
            "permalink": "https:\/\/emberlondon.slack.com\/files\/codepreneur\/F046EQ89S\/pasted_image_at_2015_03_29_11_18_pm.png",
            "permalink_public": "https:\/\/slack-files.com\/T03SSL0FF-F046EQ89S-2e33e2e9d6",
            "channels": [
                "C03SSL0H5"
            ],
            "groups": [],
            "ims": [],
            "comments_count": 0
        },
        "user": "U03SSL0FM",
        "upload": true,
        "display_as_bot": false,
        "username": "<@U03SSL0FM|codepreneur>",
        "bot_id": null,
        "ts": "1427667532.000002"
    },
    {
        "type": "message",
        "user": "U03SSL0FM",
        "text": "I would love this!",
        "ts": "1427667540.000003"
    }
]