[
    {
        "type": "message",
        "user": "U043951H9",
        "text": "does anyone use any \u201csmart\u201d power points at home?",
        "ts": "1440667348.000012"
    },
    {
        "type": "message",
        "user": "U03V8V08M",
        "text": "that measure your usage?",
        "ts": "1440667410.000013"
    },
    {
        "type": "message",
        "user": "U043951H9",
        "text": "nope, to turn lights on and off haha",
        "ts": "1440667741.000014"
    },
    {
        "type": "message",
        "user": "U043951H9",
        "text": "i want to get one and make it fetch the sunrise and sun set times, then turn itself on and off accordingly",
        "edited": {
            "user": "U043951H9",
            "ts": "1440668201.000000"
        },
        "ts": "1440667774.000015"
    },
    {
        "type": "message",
        "user": "U047GTU64",
        "text": "what if you get a task rabbit for it",
        "ts": "1440668921.000018"
    },
    {
        "type": "message",
        "user": "U047GTU64",
        "text": "ahahahahah",
        "ts": "1440668922.000019"
    },
    {
        "type": "message",
        "user": "U047GTU64",
        "text": "\u201chey can you come to my house at 5pm ish to turn the lights on\"",
        "ts": "1440668935.000020"
    },
    {
        "type": "message",
        "user": "U043951H9",
        "text": "lol",
        "ts": "1440668953.000021"
    },
    {
        "type": "message",
        "user": "U072M1BRV",
        "text": "could always just get one of those oldschool timers and reset it every now and again",
        "ts": "1440672003.000022"
    },
    {
        "type": "message",
        "user": "U03V8V08M",
        "text": "raspberry pi attached to a relay?",
        "ts": "1440672786.000023"
    },
    {
        "type": "message",
        "user": "U043951H9",
        "text": "could run in on a raspberry pi",
        "ts": "1440672864.000024"
    },
    {
        "type": "message",
        "user": "U043951H9",
        "text": "i like the wemo because it has an API already built in to it",
        "ts": "1440672881.000025"
    },
    {
        "type": "message",
        "user": "U03V8V08M",
        "text": "ah yeah, kinda using raspberry pi as an umbrella term for \u201ctiny programmable computer\u201d",
        "ts": "1440673005.000026"
    },
    {
        "type": "message",
        "user": "U03V8V08M",
        "text": "when you\u2019ve built it, I will buy one",
        "ts": "1440673024.000027"
    },
    {
        "type": "message",
        "user": "U03V8V08M",
        "text": "hadn\u2019t heard of wemo before, this looks cool",
        "ts": "1440673066.000028"
    },
    {
        "type": "message",
        "user": "U043951H9",
        "text": "haha",
        "ts": "1440673238.000029"
    },
    {
        "type": "message",
        "user": "U043951H9",
        "text": "a friend of mine has an amazon echo",
        "ts": "1440673266.000030"
    },
    {
        "type": "message",
        "user": "U043951H9",
        "text": "and is looking to hook that up to lights",
        "ts": "1440673275.000031"
    },
    {
        "type": "message",
        "user": "U043951H9",
        "text": "he can already control the fan with it",
        "ts": "1440673283.000032"
    },
    {
        "type": "message",
        "user": "U043951H9",
        "text": "and ask it to play smooth jazz",
        "ts": "1440673293.000033"
    }
]