[
    {
        "type": "message",
        "user": "U047GTU64",
        "text": "Guys selling my macbook pro, retina display, 4GB RAM late 2013 for \u00a3500 - :smile:",
        "ts": "1471248126.000100"
    },
    {
        "type": "message",
        "user": "U0ASPMFPS",
        "text": "Do you know something we don't know? Is there a new MacBook Pro coming soon?",
        "ts": "1471249173.000101"
    },
    {
        "type": "message",
        "user": "U047GTU64",
        "text": "?",
        "ts": "1471249385.000102"
    },
    {
        "type": "message",
        "user": "U0ASPMFPS",
        "text": "You are selling your old one, so I assume it's to buy a new one which might be released by Apple soon",
        "ts": "1471250358.000103"
    },
    {
        "type": "message",
        "user": "U047GTU64",
        "text": "yeah",
        "ts": "1471250780.000104"
    }
]