[
    {
        "type": "message",
        "user": "U05485UQL",
        "text": "so what is it exactly? A unified client for all those?",
        "ts": "1472200894.000114"
    },
    {
        "type": "message",
        "user": "U05485UQL",
        "text": "<@U04BD6KB1> ^^^",
        "ts": "1472200916.000115"
    },
    {
        "type": "message",
        "user": "U04BD6KB1",
        "text": "yup. and it works surprisingly well. not the \"least common denominator\" across each.",
        "ts": "1472200947.000116"
    },
    {
        "type": "message",
        "user": "U05485UQL",
        "text": "brings back the times when there were similar tools for MSN\/AIM\/ICQ :older_man:",
        "ts": "1472200986.000117"
    },
    {
        "type": "message",
        "user": "U04BD6KB1",
        "text": "yeah :slightly_smiling_face:",
        "ts": "1472200994.000118"
    },
    {
        "type": "message",
        "user": "U04BD6KB1",
        "text": "still in those days web-apps were shit so the unified client had to build it's own \"average\" UI",
        "ts": "1472201019.000119"
    },
    {
        "type": "message",
        "user": "U04BD6KB1",
        "text": "With Franz you get a native feel for each platform",
        "ts": "1472201035.000120"
    },
    {
        "type": "message",
        "user": "U05485UQL",
        "text": "right",
        "ts": "1472201048.000121"
    },
    {
        "type": "message",
        "user": "U043AB2QT",
        "text": "<@U04BD6KB1> Does it support multiple slack teams?",
        "ts": "1472202638.000122"
    },
    {
        "type": "message",
        "user": "U04BD6KB1",
        "text": "indeed it does :slightly_smiling_face:",
        "ts": "1472202647.000123"
    },
    {
        "type": "message",
        "user": "U04BD6KB1",
        "text": "i find myself smiling more today than prior days",
        "edited": {
            "user": "U04BD6KB1",
            "ts": "1472202691.000000"
        },
        "ts": "1472202667.000124"
    },
    {
        "type": "message",
        "user": "U04BD6KB1",
        "text": "(kidding)",
        "ts": "1472202672.000125"
    },
    {
        "type": "message",
        "user": "U043AB2QT",
        "text": "Will give it a crack...Although, the last thing I need is the ability to add more distractions to desktop",
        "ts": "1472202973.000127"
    }
]