[
    {
        "type": "message",
        "user": "U0ASPMFPS",
        "text": "anyone familiar with DSLRs? which would you recommend for doing videos? I am looking for something in the price range of \u00a3300 - \u00a3700 (body and lens)",
        "edited": {
            "user": "U0ASPMFPS",
            "ts": "1456494759.000000"
        },
        "ts": "1456494716.000008"
    },
    {
        "type": "message",
        "user": "U04BD6KB1",
        "text": "a lot comes down to glass and you get some great glass for little $$$ if you go with prime lenses instead of zoom",
        "ts": "1456500900.000010"
    },
    {
        "type": "message",
        "user": "U04BD6KB1",
        "text": "but for video that might be hard to live with, depends on the type of video",
        "ts": "1456500921.000011"
    },
    {
        "type": "message",
        "user": "U0ASPMFPS",
        "text": "It will be for wedding videos and video blogging type videos",
        "ts": "1456505390.000012"
    }
]