[
    {
        "type": "message",
        "user": "U1NNSV1FE",
        "text": "Found this video about developing this closed source ember application for competition hosts to create and manage all aspects of their competitions <https:\/\/www.livecoding.tv\/taddeimania\/videos\/LY1dQ-djangoemberjs-competition-management-5>",
        "attachments": [
            {
                "service_name": "Livecoding.tv",
                "title": "[django\/emberjs] Competition Management",
                "title_link": "https:\/\/www.livecoding.tv\/taddeimania\/videos\/LY1dQ-djangoemberjs-competition-management-5",
                "text": "This video is about [django\/emberjs] Competition Management, created by taddeimania, who showed impressive coding skills in Ember.js",
                "fallback": "Livecoding.tv: [django\/emberjs] Competition Management",
                "thumb_url": "https:\/\/www.livecoding.tv\/taddeimania\/videos\/LY1dQ\/thumbnail_1024_576",
                "from_url": "https:\/\/www.livecoding.tv\/taddeimania\/videos\/LY1dQ-djangoemberjs-competition-management-5",
                "thumb_width": 1024,
                "thumb_height": 576,
                "service_icon": "https:\/\/www.livecoding.tv\/static\/img\/favicon.ico?h=b1c5cc03",
                "id": 1
            }
        ],
        "ts": "1468716044.000002"
    }
]