[
    {
        "type": "message",
        "subtype": "file_share",
        "text": "<@U04BD6KB1|ksnyde> uploaded a file: <https:\/\/emberlondon.slack.com\/files\/ksnyde\/F2W8PCC6N\/cruel_cruel_world.jpg|Cruel cruel world> and commented: Admittedly I strongly suspected the delivery today was just wires but it didn't stop me hoping they would come with a laptop. :)",
        "file": {
            "id": "F2W8PCC6N",
            "created": 1477914917,
            "timestamp": 1477914917,
            "name": "Cruel cruel world.jpg",
            "title": "Cruel cruel world",
            "mimetype": "image\/jpeg",
            "filetype": "jpg",
            "pretty_type": "JPEG",
            "user": "U04BD6KB1",
            "editable": false,
            "size": 1713024,
            "mode": "hosted",
            "is_external": false,
            "external_type": "",
            "is_public": true,
            "public_url_shared": false,
            "display_as_bot": false,
            "username": "",
            "url_private": "https:\/\/files.slack.com\/files-pri\/T03SSL0FF-F2W8PCC6N\/cruel_cruel_world.jpg?t=xoxe-3910680525-115741181265-116496169492-28d023e02c",
            "url_private_download": "https:\/\/files.slack.com\/files-pri\/T03SSL0FF-F2W8PCC6N\/download\/cruel_cruel_world.jpg?t=xoxe-3910680525-115741181265-116496169492-28d023e02c",
            "thumb_64": "https:\/\/files.slack.com\/files-tmb\/T03SSL0FF-F2W8PCC6N-4f2384a465\/cruel_cruel_world_64.jpg?t=xoxe-3910680525-115741181265-116496169492-28d023e02c",
            "thumb_80": "https:\/\/files.slack.com\/files-tmb\/T03SSL0FF-F2W8PCC6N-4f2384a465\/cruel_cruel_world_80.jpg?t=xoxe-3910680525-115741181265-116496169492-28d023e02c",
            "thumb_360": "https:\/\/files.slack.com\/files-tmb\/T03SSL0FF-F2W8PCC6N-4f2384a465\/cruel_cruel_world_360.jpg?t=xoxe-3910680525-115741181265-116496169492-28d023e02c",
            "thumb_360_w": 270,
            "thumb_360_h": 360,
            "thumb_480": "https:\/\/files.slack.com\/files-tmb\/T03SSL0FF-F2W8PCC6N-4f2384a465\/cruel_cruel_world_480.jpg?t=xoxe-3910680525-115741181265-116496169492-28d023e02c",
            "thumb_480_w": 360,
            "thumb_480_h": 480,
            "thumb_160": "https:\/\/files.slack.com\/files-tmb\/T03SSL0FF-F2W8PCC6N-4f2384a465\/cruel_cruel_world_160.jpg?t=xoxe-3910680525-115741181265-116496169492-28d023e02c",
            "thumb_720": "https:\/\/files.slack.com\/files-tmb\/T03SSL0FF-F2W8PCC6N-4f2384a465\/cruel_cruel_world_720.jpg?t=xoxe-3910680525-115741181265-116496169492-28d023e02c",
            "thumb_720_w": 540,
            "thumb_720_h": 720,
            "thumb_960": "https:\/\/files.slack.com\/files-tmb\/T03SSL0FF-F2W8PCC6N-4f2384a465\/cruel_cruel_world_960.jpg?t=xoxe-3910680525-115741181265-116496169492-28d023e02c",
            "thumb_960_w": 720,
            "thumb_960_h": 960,
            "thumb_1024": "https:\/\/files.slack.com\/files-tmb\/T03SSL0FF-F2W8PCC6N-4f2384a465\/cruel_cruel_world_1024.jpg?t=xoxe-3910680525-115741181265-116496169492-28d023e02c",
            "thumb_1024_w": 768,
            "thumb_1024_h": 1024,
            "image_exif_rotation": 1,
            "original_w": 3024,
            "original_h": 4032,
            "permalink": "https:\/\/emberlondon.slack.com\/files\/ksnyde\/F2W8PCC6N\/cruel_cruel_world.jpg",
            "permalink_public": "https:\/\/slack-files.com\/T03SSL0FF-F2W8PCC6N-78b3814109",
            "channels": [
                "C03SSL0H5"
            ],
            "groups": [],
            "ims": [],
            "comments_count": 1,
            "initial_comment": {
                "id": "Fc2W8CHPE1",
                "created": 1477914917,
                "timestamp": 1477914917,
                "user": "U04BD6KB1",
                "is_intro": true,
                "comment": "Admittedly I strongly suspected the delivery today was just wires but it didn't stop me hoping they would come with a laptop. :)",
                "channel": ""
            }
        },
        "user": "U04BD6KB1",
        "upload": true,
        "display_as_bot": false,
        "username": "<@U04BD6KB1|ksnyde>",
        "bot_id": null,
        "ts": "1477914922.000019"
    },
    {
        "type": "message",
        "user": "U043AB2QT",
        "text": "<@U04BD6KB1> What's that, a good \u00a360 right there? :wink:",
        "ts": "1477916258.000020"
    },
    {
        "type": "message",
        "user": "U04BD6KB1",
        "text": "<@U043AB2QT> not sure, they offered a payment plan",
        "ts": "1477916285.000021"
    },
    {
        "type": "message",
        "user": "U043AB2QT",
        "text": "haha",
        "ts": "1477916295.000022"
    },
    {
        "user": "U2WALE388",
        "text": "<@U2WALE388|joseph.roffey> has joined the channel",
        "type": "message",
        "subtype": "channel_join",
        "ts": "1477926271.000023"
    },
    {
        "user": "U2WGJLENM",
        "text": "<@U2WGJLENM|rossant> has joined the channel",
        "type": "message",
        "subtype": "channel_join",
        "ts": "1477946172.000024"
    }
]