[
    {
        "type": "message",
        "user": "U2ZS09GTZ",
        "text": "hey guys, don't want to break any rules here but is there any channel to share a project for which we are looking for a contractor to help us? Thanks!",
        "ts": "1478620783.000027"
    },
    {
        "type": "message",
        "user": "U044QMK6K",
        "text": "<@U2ZS09GTZ> <#C03U3R002|jobs> is probably the place to post",
        "ts": "1478621142.000028"
    },
    {
        "type": "message",
        "user": "U2ZS09GTZ",
        "text": "awesome, haven't seen that one for some reason. Thanks!",
        "ts": "1478622818.000029"
    }
]