[
    {
        "type": "message",
        "user": "U05485UQL",
        "text": "sorry. Are you both saying you can't picture things in your mind either?",
        "ts": "1461513210.000009"
    },
    {
        "type": "message",
        "user": "U05485UQL",
        "text": "the article is amazing, by the way. I'm a mind-picturer",
        "ts": "1461513244.000010"
    },
    {
        "type": "message",
        "user": "U03V8V08M",
        "text": "yeah\u00a0\u2014\u00a0my mind\u2019s eye seems to be quite limited",
        "ts": "1461514083.000011"
    },
    {
        "type": "message",
        "user": "U03V8V08M",
        "text": "hard to say for sure, but I feel like outlines at best",
        "ts": "1461514095.000012"
    },
    {
        "type": "message",
        "user": "U12T7S4CF",
        "text": "I even didn't know that it's not possible for some people. It's just a natural thing I do if I need for example to remember where I put something. Great article.",
        "ts": "1461521466.000013"
    },
    {
        "type": "message",
        "user": "U044QMK6K",
        "text": "yeah, I don\u2019t \u201csee\u201d anything in my mind. Everything to me is a really stream of dialogue",
        "ts": "1461529357.000014"
    },
    {
        "type": "message",
        "user": "U044QMK6K",
        "text": "it\u2019s weird to think about, I\u2019ve just tried to \u201cpicture\u201d to contents of my fridge and I can tell you where everything is and what we\u2019re running low on etc\u2026 but there\u2019s no imagery associated, I just \u201cknow\u201d",
        "ts": "1461529484.000015"
    },
    {
        "type": "message",
        "user": "U044QMK6K",
        "text": "If I try and remember where I put something I just end up talking to myself and running through things verbally in my mind",
        "ts": "1461529583.000016"
    },
    {
        "type": "message",
        "user": "U03V8V08M",
        "text": "same",
        "ts": "1461530263.000017"
    }
]