[
    {
        "type": "message",
        "user": "U047GTU64",
        "text": "but great food?",
        "ts": "1465286385.000012"
    },
    {
        "type": "message",
        "user": "U040MK408",
        "text": "yes",
        "ts": "1465288619.000013"
    },
    {
        "type": "message",
        "user": "U040MK408",
        "text": "\"Arroz con Bogavante\u201d was \u00a335 iirc",
        "ts": "1465288684.000014"
    },
    {
        "type": "message",
        "user": "U040MK408",
        "text": "and is enough for 3",
        "ts": "1465288710.000015"
    },
    {
        "type": "message",
        "user": "U040MK408",
        "text": "Lobster rice ^",
        "ts": "1465288727.000016"
    },
    {
        "type": "message",
        "user": "U040MK408",
        "text": "<http:\/\/mesonrestauranterioduero.com\/wp-content\/uploads\/2015\/01\/84a7d7f6655b6663967ea111f8987ea4.jpg>",
        "attachments": [
            {
                "fallback": "515x345px image",
                "image_url": "http:\/\/mesonrestauranterioduero.com\/wp-content\/uploads\/2015\/01\/84a7d7f6655b6663967ea111f8987ea4.jpg",
                "image_width": 515,
                "image_height": 345,
                "image_bytes": 52188,
                "from_url": "http:\/\/mesonrestauranterioduero.com\/wp-content\/uploads\/2015\/01\/84a7d7f6655b6663967ea111f8987ea4.jpg",
                "id": 1
            }
        ],
        "ts": "1465288865.000017"
    },
    {
        "type": "message",
        "user": "U047GTU64",
        "text": "dayum that looks good",
        "ts": "1465288986.000019"
    },
    {
        "type": "message",
        "user": "U047GTU64",
        "text": "I also want to eat vasca cuisine sometime soon",
        "ts": "1465289001.000020"
    },
    {
        "type": "message",
        "user": "U047GTU64",
        "text": "for 3 thats a great price <@U040MK408>",
        "ts": "1465289146.000021"
    },
    {
        "type": "message",
        "user": "U047GTU64",
        "text": "I have a friend that runs a small charity, you probably remember her from SMHW. Daniela",
        "ts": "1465289160.000022"
    },
    {
        "type": "message",
        "user": "U047GTU64",
        "text": "they do great multi-course meals",
        "ts": "1465289164.000023"
    },
    {
        "type": "message",
        "user": "U040MK408",
        "text": "I do",
        "ts": "1465289174.000024"
    },
    {
        "type": "message",
        "user": "U040MK408",
        "text": "officially it is for 2 people, but I can tell you, it has to be for a very hungry couple",
        "edited": {
            "user": "U040MK408",
            "ts": "1465289220.000000"
        },
        "ts": "1465289211.000025"
    },
    {
        "type": "message",
        "user": "U047GTU64",
        "text": ":joy:",
        "ts": "1465289641.000027"
    },
    {
        "type": "message",
        "user": "U047GTU64",
        "text": "my girlfriend lives in barnet, going to check now how far thatis from kensal green",
        "ts": "1465289655.000028"
    },
    {
        "type": "message",
        "user": "U047GTU64",
        "text": "yeah not happening any time soon",
        "ts": "1465289692.000029"
    }
]