[
    {
        "type": "message",
        "user": "U04BD6KB1",
        "text": "<http:\/\/www.ubergizmo.com\/2016\/10\/apple-macbook-event-october-27-rumor\/?utm_source=mainrss>",
        "attachments": [
            {
                "service_name": "Ubergizmo",
                "title": "Apple\u2019s MacBook Event Rumored For October 27",
                "title_link": "http:\/\/www.ubergizmo.com\/2016\/10\/apple-macbook-event-october-27-rumor\/?utm_source=mainrss",
                "text": "So earlier today we reported that Apple\u2019s MacBook launch for October was still on schedule. This is despite the fact that we\u2019re approaching the...",
                "fallback": "Ubergizmo: Apple\u2019s MacBook Event Rumored For October 27",
                "image_url": "http:\/\/cdn2.ubergizmo.com\/wp-content\/uploads\/2016\/06\/macbook-pro.jpg",
                "from_url": "http:\/\/www.ubergizmo.com\/2016\/10\/apple-macbook-event-october-27-rumor\/?utm_source=mainrss",
                "image_width": 430,
                "image_height": 250,
                "image_bytes": 36638,
                "service_icon": "http:\/\/cdn2.ubergizmo.com\/wp-content\/themes\/ug_4_991\/UG_icon_114.png",
                "id": 1
            }
        ],
        "ts": "1476862986.000010"
    },
    {
        "type": "message",
        "user": "U06BGNMBL",
        "text": "&gt; It is also rumored that Apple could be dropping the old USB ports in favor of USB-C, which we guess is to be expected but we reckon will still prove to be highly inconvenient at this point in time.",
        "ts": "1476866960.000012"
    },
    {
        "type": "message",
        "user": "U06BGNMBL",
        "text": "More fun for the Apple superfans, so glad I managed to talk the bosses into buying me a nice Linux box with about 500 USB ports",
        "ts": "1476867033.000013"
    },
    {
        "type": "message",
        "user": "U06BGNMBL",
        "text": "It's a little rough around the edges and heavier than Black Sabbath 4, but that's fine by me",
        "ts": "1476867134.000014"
    },
    {
        "type": "message",
        "user": "U044QMK6K",
        "text": "the only thing I plug into my mac is a cable to charge my iphone, so as long as there\u2019s a USB-C version of that I\u2019m good to go!",
        "ts": "1476869401.000015"
    },
    {
        "type": "message",
        "user": "U04BD6KB1",
        "text": "I'm just trying to decide on whether to buy my USB-C cables now or wait for the announcement :stuck_out_tongue:",
        "ts": "1476873519.000016"
    }
]