[
    {
        "user": "U1TE48SP8",
        "text": "<@U1TE48SP8|andy> has joined the channel",
        "type": "message",
        "subtype": "channel_join",
        "ts": "1469021967.000004"
    },
    {
        "type": "message",
        "user": "U05485UQL",
        "text": "argh, my current project has a model called \u201cstore\u201d, and that bit me a few days ago when it clashed with the data store",
        "ts": "1469026381.000005"
    },
    {
        "type": "message",
        "user": "U05485UQL",
        "text": "then now I\u2019m adding something else called \u201croute\u201d. I wonder how long until bitten again!",
        "ts": "1469026398.000006"
    },
    {
        "type": "message",
        "user": "U05485UQL",
        "text": "problem averted: just changed it to \u201citinerary\"",
        "ts": "1469026506.000007"
    },
    {
        "type": "message",
        "user": "U0ASPMFPS",
        "text": "call it road or direction :slightly_smiling_face:",
        "ts": "1469026507.000008"
    },
    {
        "type": "message",
        "user": "U05485UQL",
        "text": "oh, reserved words...",
        "ts": "1469026543.000009"
    },
    {
        "type": "message",
        "user": "U05485UQL",
        "text": "where are you, <@U0ASPMFPS> ?",
        "ts": "1469026552.000010"
    },
    {
        "type": "message",
        "user": "U0ASPMFPS",
        "text": "in Ghana at the moment",
        "ts": "1469026563.000011"
    },
    {
        "type": "message",
        "user": "U0ASPMFPS",
        "text": "I arrived on Friday night",
        "ts": "1469026588.000012"
    },
    {
        "type": "message",
        "user": "U05485UQL",
        "text": "yeah, I remember you mentioning. How are things?",
        "ts": "1469026607.000013"
    },
    {
        "type": "message",
        "user": "U0ASPMFPS",
        "text": "going good, trying to get all my necessities sorted",
        "ts": "1469027550.000014"
    },
    {
        "type": "message",
        "user": "U0ASPMFPS",
        "text": "and still waiting on my items I shipped",
        "ts": "1469027559.000015"
    },
    {
        "type": "message",
        "user": "U05485UQL",
        "text": "cool",
        "ts": "1469028076.000016"
    },
    {
        "type": "message",
        "user": "U0ASPMFPS",
        "text": "I hear you are enjoying some good weather in the UK",
        "ts": "1469028101.000017"
    },
    {
        "type": "message",
        "user": "U05485UQL",
        "text": "it was waiting for you to leave!",
        "ts": "1469028614.000018"
    },
    {
        "type": "message",
        "user": "U05485UQL",
        "text": "this morning I had to do an emergency shopping of shorts",
        "ts": "1469028642.000019"
    },
    {
        "type": "message",
        "user": "U0ASPMFPS",
        "text": "haha",
        "ts": "1469028684.000020"
    },
    {
        "type": "message",
        "user": "U051MHBQU",
        "text": "<@U05485UQL>: <https:\/\/isitshortsweathertoday.com\/> :wink:",
        "attachments": [
            {
                "title": "Is It Shorts Weather Today?",
                "title_link": "https:\/\/isitshortsweathertoday.com\/",
                "text": "Is it Shorts Weather where you are? Too lazy to look out the window? Maybe you're trapped in a windowless room? Don't worry. Let us tell you if it's Shorts Weather.",
                "fallback": "Is It Shorts Weather Today?",
                "from_url": "https:\/\/isitshortsweathertoday.com\/",
                "service_name": "isitshortsweathertoday.com",
                "id": 1
            }
        ],
        "ts": "1469028821.000021"
    },
    {
        "type": "message",
        "user": "U051MHBQU",
        "text": "made with ember too",
        "ts": "1469028825.000023"
    },
    {
        "type": "message",
        "user": "U05485UQL",
        "text": "would that I had checked this earlier",
        "ts": "1469028905.000024"
    }
]