[
    {
        "type": "message",
        "user": "U04134XGE",
        "text": "my dream experiences (especially the audio part) are often more \u201creal\u201d than real life. maybe I\u2019m dreaming now?..",
        "ts": "1461760921.000031"
    },
    {
        "type": "message",
        "user": "U047GTU64",
        "text": "mine are ultra lucid",
        "ts": "1461761269.000032"
    },
    {
        "type": "message",
        "user": "U05485UQL",
        "text": "you two are totally dreaming now",
        "ts": "1461770231.000033"
    },
    {
        "type": "message",
        "user": "U0C5RUAQ4",
        "text": "well, mine must be super interesting then cause I can't remember anything :smile:",
        "ts": "1461776452.000034"
    }
]