[
    {
        "type": "message",
        "user": "U04BD6KB1",
        "text": "<@U040MK408>: Kensal Green? That\u2019s my neighbourhood.",
        "ts": "1465251593.000003"
    },
    {
        "type": "message",
        "user": "U04BD6KB1",
        "text": "ok, looked up on the map. that\u2019s the \u201cwrong side of the tracks\u201d but I\u2019ve heard a few people say there are some good restaurants in that area now. I\u2019ll have to give it try.",
        "ts": "1465251811.000004"
    },
    {
        "type": "message",
        "subtype": "file_share",
        "text": "<@U04BD6KB1|ksnyde> uploaded a file: <https:\/\/emberlondon.slack.com\/files\/ksnyde\/F1EJMF6DN\/pasted_image_at_2016_06_06_11_25_pm.png|Pasted image at 2016-06-06, 11:25 PM>",
        "file": {
            "id": "F1EJMF6DN",
            "created": 1465251922,
            "timestamp": 1465251922,
            "name": "Pasted image at 2016_06_06 11_25 PM.png",
            "title": "Pasted image at 2016-06-06, 11:25 PM",
            "mimetype": "image\/png",
            "filetype": "png",
            "pretty_type": "PNG",
            "user": "U04BD6KB1",
            "editable": false,
            "size": 13873,
            "mode": "hosted",
            "is_external": false,
            "external_type": "",
            "is_public": true,
            "public_url_shared": false,
            "display_as_bot": false,
            "username": "",
            "url_private": "https:\/\/files.slack.com\/files-pri\/T03SSL0FF-F1EJMF6DN\/pasted_image_at_2016_06_06_11_25_pm.png?t=xoxe-3910680525-115741181265-116496169492-28d023e02c",
            "url_private_download": "https:\/\/files.slack.com\/files-pri\/T03SSL0FF-F1EJMF6DN\/download\/pasted_image_at_2016_06_06_11_25_pm.png?t=xoxe-3910680525-115741181265-116496169492-28d023e02c",
            "thumb_64": "https:\/\/files.slack.com\/files-tmb\/T03SSL0FF-F1EJMF6DN-a35f6863b1\/pasted_image_at_2016_06_06_11_25_pm_64.png?t=xoxe-3910680525-115741181265-116496169492-28d023e02c",
            "thumb_80": "https:\/\/files.slack.com\/files-tmb\/T03SSL0FF-F1EJMF6DN-a35f6863b1\/pasted_image_at_2016_06_06_11_25_pm_80.png?t=xoxe-3910680525-115741181265-116496169492-28d023e02c",
            "thumb_360": "https:\/\/files.slack.com\/files-tmb\/T03SSL0FF-F1EJMF6DN-a35f6863b1\/pasted_image_at_2016_06_06_11_25_pm_360.png?t=xoxe-3910680525-115741181265-116496169492-28d023e02c",
            "thumb_360_w": 360,
            "thumb_360_h": 152,
            "thumb_160": "https:\/\/files.slack.com\/files-tmb\/T03SSL0FF-F1EJMF6DN-a35f6863b1\/pasted_image_at_2016_06_06_11_25_pm_160.png?t=xoxe-3910680525-115741181265-116496169492-28d023e02c",
            "image_exif_rotation": 1,
            "original_w": 370,
            "original_h": 156,
            "permalink": "https:\/\/emberlondon.slack.com\/files\/ksnyde\/F1EJMF6DN\/pasted_image_at_2016_06_06_11_25_pm.png",
            "permalink_public": "https:\/\/slack-files.com\/T03SSL0FF-F1EJMF6DN-38ed266ef6",
            "channels": [
                "C03SSL0H5"
            ],
            "groups": [],
            "ims": [],
            "comments_count": 0
        },
        "user": "U04BD6KB1",
        "upload": true,
        "display_as_bot": false,
        "username": "<@U04BD6KB1|ksnyde>",
        "bot_id": null,
        "ts": "1465251924.000005"
    },
    {
        "type": "message",
        "user": "U04BD6KB1",
        "text": "restaurant link is broken though; do you need to be a member of the club?",
        "ts": "1465251980.000006"
    },
    {
        "type": "message",
        "user": "U040MK408",
        "text": "no",
        "ts": "1465253429.000007"
    },
    {
        "type": "message",
        "user": "U040MK408",
        "text": "it\u2019s more like a shady tavern on the ground floor",
        "ts": "1465253478.000008"
    },
    {
        "type": "message",
        "user": "U040MK408",
        "text": "but the basement has a good space for dinners",
        "ts": "1465253501.000009"
    },
    {
        "type": "message",
        "user": "U040MK408",
        "text": "I guess that the football team is like an ex-pat hobby",
        "ts": "1465253589.000010"
    },
    {
        "type": "message",
        "user": "U040MK408",
        "text": "but it\u2019s far from romantic or fancy",
        "ts": "1465253784.000011"
    }
]