[
    {
        "type": "message",
        "user": "U047GTU64",
        "text": "can someone recommend me some decent accountant\/accounting software?",
        "ts": "1469879563.000035"
    },
    {
        "type": "message",
        "user": "U047GTU64",
        "text": "I used crunch",
        "ts": "1469879566.000036"
    },
    {
        "type": "message",
        "user": "U047GTU64",
        "text": "but crunch has over 80 controls they expect you to learn",
        "ts": "1469879575.000037"
    },
    {
        "type": "message",
        "user": "U047GTU64",
        "text": "and I dont feel like having a part time job :sun_with_face:",
        "ts": "1469879583.000038"
    },
    {
        "type": "message",
        "user": "U08ABC8EN",
        "text": "others are even more difficult. You can try FreeAgent",
        "ts": "1469880328.000039"
    },
    {
        "type": "message",
        "user": "U047GTU64",
        "text": "<@U08ABC8EN>: freeagent looks like my kind of stuff",
        "ts": "1469883054.000040"
    },
    {
        "type": "message",
        "user": "U047GTU64",
        "text": "are you using them?",
        "ts": "1469883058.000041"
    },
    {
        "type": "message",
        "user": "U047GTU64",
        "text": "btw <@U040MK408> feeagent comes at \u00a314.50 a month",
        "ts": "1469883071.000042"
    },
    {
        "type": "message",
        "user": "U040MK408",
        "text": "as I understand, freeagent is just accounting software",
        "ts": "1469909004.000043"
    },
    {
        "type": "message",
        "user": "U040MK408",
        "text": "but has no accountants behind to give advice and all that",
        "edited": {
            "user": "U040MK408",
            "ts": "1469909020.000000"
        },
        "ts": "1469909015.000044"
    }
]