[
    {
        "type": "message",
        "user": "U047GTU64",
        "text": "oh the smell of a new framework",
        "ts": "1468498920.000181"
    },
    {
        "type": "message",
        "user": "U047GTU64",
        "text": "<http:\/\/mern.io\/>",
        "attachments": [
            {
                "title": "MERN v2.0 - Build production ready universal apps easily",
                "title_link": "http:\/\/mern.io\/",
                "text": "MERN is a scaffolding tool which makes it easy to build universal apps using Mongo, Express, React, NodeJS, Redux and Webpack. It minimizes the setup time and gets you up to speed using proven technologies.",
                "fallback": "MERN v2.0 - Build production ready universal apps easily",
                "image_url": "http:\/\/res.cloudinary.com\/hashnode\/image\/upload\/v1466458696\/static_imgs\/mern\/v2\/mern-social-banner.png",
                "from_url": "http:\/\/mern.io\/",
                "image_width": 476,
                "image_height": 250,
                "image_bytes": 19068,
                "service_icon": "http:\/\/mern.io\/images\/mern-logo.png",
                "service_name": "mern.io",
                "id": 1
            }
        ],
        "ts": "1468498920.000182"
    },
    {
        "type": "message",
        "user": "U06BGNMBL",
        "text": "&gt; build universal apps using Mongo, Express, React, NodeJS, Redux and Webpack\n\nShouldn't it be MERNRW, then?",
        "ts": "1468499103.000184"
    },
    {
        "type": "message",
        "user": "U0ASPMFPS",
        "text": "<@U06BGNMBL>: not catchy",
        "ts": "1468499625.000185"
    },
    {
        "type": "message",
        "user": "U06BGNMBL",
        "text": "then they should be more parsimonious with the buzzwords :wink:",
        "ts": "1468500078.000186"
    },
    {
        "type": "message",
        "user": "U03V8V08M",
        "text": "nice use of parsimonious!",
        "ts": "1468500279.000187"
    },
    {
        "type": "message",
        "user": "U06BGNMBL",
        "text": "I try",
        "ts": "1468500558.000188"
    },
    {
        "type": "message",
        "user": "U03V8V08M",
        "text": ":ok_hand:",
        "ts": "1468500718.000189"
    },
    {
        "text": "off to google parsimonious, never heard this word before",
        "type": "message",
        "subtype": "me_message",
        "user": "U0ASPMFPS",
        "ts": "1468501063.000190"
    },
    {
        "type": "message",
        "user": "U0ASPMFPS",
        "text": "I guess this says it all `synonyms: mean`",
        "ts": "1468501124.000191"
    },
    {
        "type": "message",
        "user": "U0ASPMFPS",
        "text": "the MEAN stack is everywhere",
        "ts": "1468501142.000192"
    },
    {
        "type": "message",
        "user": "U03V8V08M",
        "text": "I\u2019d like to build a stack out of _just_ databases",
        "ts": "1468501180.000193"
    },
    {
        "type": "message",
        "user": "U03V8V08M",
        "text": "Mongo + Redis + MySQL + IndexedDB + MSSQL",
        "ts": "1468501202.000194"
    },
    {
        "type": "message",
        "user": "U0ASPMFPS",
        "text": "doesn't sound cool MRMIM",
        "ts": "1468501238.000195"
    },
    {
        "type": "message",
        "user": "U0ASPMFPS",
        "text": "MMIRM or MMMIR or RIMMM",
        "ts": "1468501288.000196"
    },
    {
        "type": "message",
        "user": "U0ASPMFPS",
        "text": "actually RIMMM sounds cool",
        "ts": "1468501316.000197"
    },
    {
        "type": "message",
        "user": "U0ASPMFPS",
        "text": "Reasearch In Motion Motion Motion",
        "ts": "1468501330.000198"
    },
    {
        "type": "message",
        "user": "U0C5RUAQ4",
        "text": "no RethinkDB ? :pensive:",
        "edited": {
            "user": "U0C5RUAQ4",
            "ts": "1468501354.000000"
        },
        "ts": "1468501350.000199"
    },
    {
        "type": "message",
        "user": "U03V8V08M",
        "text": "oh yeah",
        "edited": {
            "user": "U03V8V08M",
            "ts": "1468501425.000000"
        },
        "ts": "1468501422.000201"
    },
    {
        "type": "message",
        "user": "U0ASPMFPS",
        "text": "bcause Mongo is still the King of the Hill",
        "ts": "1468501428.000203"
    },
    {
        "type": "message",
        "user": "U03V8V08M",
        "text": "what\u2019s the one that Basho do?",
        "ts": "1468501431.000204"
    },
    {
        "type": "message",
        "user": "U03V8V08M",
        "text": "Riak",
        "ts": "1468501440.000205"
    },
    {
        "type": "message",
        "user": "U0C5RUAQ4",
        "text": "lol haven't heard of it",
        "ts": "1468501470.000206"
    },
    {
        "type": "message",
        "user": "U03V8V08M",
        "text": "one API is for the view layer, another for validations, another for services",
        "ts": "1468501482.000207"
    },
    {
        "type": "message",
        "user": "U0ASPMFPS",
        "text": "well you would need to add Cassandra, CouchDB, Crate and Couchbase",
        "ts": "1468501701.000208"
    },
    {
        "type": "message",
        "user": "U0C5RUAQ4",
        "text": "lets get a database from each letter in the alphabet, name it ABC stack, get acquired by Alphabet, make $$$",
        "ts": "1468501933.000209",
        "reactions": [
            {
                "name": "+1",
                "users": [
                    "U06BGNMBL"
                ],
                "count": 1
            }
        ]
    },
    {
        "type": "message",
        "user": "U03V8V08M",
        "text": "a whole new approach to sharding",
        "ts": "1468501984.000210",
        "reactions": [
            {
                "name": "joy",
                "users": [
                    "U0C5RUAQ4"
                ],
                "count": 1
            }
        ]
    },
    {
        "type": "message",
        "subtype": "file_share",
        "text": "<@U04BD6KB1|ksnyde> uploaded a file: <https:\/\/emberlondon.slack.com\/files\/ksnyde\/F1RN838QM\/api-surface.png|Docker API surface> and commented: trying to put my hands around Docker 1.12; here\u2019s a rough draft on the API surface. Anyone interested in collaborating?",
        "file": {
            "id": "F1RN838QM",
            "created": 1468502104,
            "timestamp": 1468502104,
            "name": "api-surface.png",
            "title": "Docker API surface",
            "mimetype": "image\/png",
            "filetype": "png",
            "pretty_type": "PNG",
            "user": "U04BD6KB1",
            "editable": false,
            "size": 657942,
            "mode": "hosted",
            "is_external": false,
            "external_type": "",
            "is_public": true,
            "public_url_shared": false,
            "display_as_bot": false,
            "username": "",
            "url_private": "https:\/\/files.slack.com\/files-pri\/T03SSL0FF-F1RN838QM\/api-surface.png?t=xoxe-3910680525-115741181265-116496169492-28d023e02c",
            "url_private_download": "https:\/\/files.slack.com\/files-pri\/T03SSL0FF-F1RN838QM\/download\/api-surface.png?t=xoxe-3910680525-115741181265-116496169492-28d023e02c",
            "thumb_64": "https:\/\/files.slack.com\/files-tmb\/T03SSL0FF-F1RN838QM-a032f040e3\/api-surface_64.png?t=xoxe-3910680525-115741181265-116496169492-28d023e02c",
            "thumb_80": "https:\/\/files.slack.com\/files-tmb\/T03SSL0FF-F1RN838QM-a032f040e3\/api-surface_80.png?t=xoxe-3910680525-115741181265-116496169492-28d023e02c",
            "thumb_360": "https:\/\/files.slack.com\/files-tmb\/T03SSL0FF-F1RN838QM-a032f040e3\/api-surface_360.png?t=xoxe-3910680525-115741181265-116496169492-28d023e02c",
            "thumb_360_w": 360,
            "thumb_360_h": 236,
            "thumb_480": "https:\/\/files.slack.com\/files-tmb\/T03SSL0FF-F1RN838QM-a032f040e3\/api-surface_480.png?t=xoxe-3910680525-115741181265-116496169492-28d023e02c",
            "thumb_480_w": 480,
            "thumb_480_h": 314,
            "thumb_160": "https:\/\/files.slack.com\/files-tmb\/T03SSL0FF-F1RN838QM-a032f040e3\/api-surface_160.png?t=xoxe-3910680525-115741181265-116496169492-28d023e02c",
            "thumb_720": "https:\/\/files.slack.com\/files-tmb\/T03SSL0FF-F1RN838QM-a032f040e3\/api-surface_720.png?t=xoxe-3910680525-115741181265-116496169492-28d023e02c",
            "thumb_720_w": 720,
            "thumb_720_h": 472,
            "thumb_960": "https:\/\/files.slack.com\/files-tmb\/T03SSL0FF-F1RN838QM-a032f040e3\/api-surface_960.png?t=xoxe-3910680525-115741181265-116496169492-28d023e02c",
            "thumb_960_w": 960,
            "thumb_960_h": 629,
            "thumb_1024": "https:\/\/files.slack.com\/files-tmb\/T03SSL0FF-F1RN838QM-a032f040e3\/api-surface_1024.png?t=xoxe-3910680525-115741181265-116496169492-28d023e02c",
            "thumb_1024_w": 1024,
            "thumb_1024_h": 671,
            "image_exif_rotation": 1,
            "original_w": 2848,
            "original_h": 1866,
            "permalink": "https:\/\/emberlondon.slack.com\/files\/ksnyde\/F1RN838QM\/api-surface.png",
            "permalink_public": "https:\/\/slack-files.com\/T03SSL0FF-F1RN838QM-9332d01846",
            "channels": [
                "C03SSL0H5"
            ],
            "groups": [],
            "ims": [],
            "comments_count": 1,
            "initial_comment": {
                "id": "Fc1RMXLS5S",
                "created": 1468502104,
                "timestamp": 1468502104,
                "user": "U04BD6KB1",
                "is_intro": true,
                "comment": "trying to put my hands around Docker 1.12; here\u2019s a rough draft on the API surface. Anyone interested in collaborating?",
                "channel": ""
            }
        },
        "user": "U04BD6KB1",
        "upload": true,
        "display_as_bot": false,
        "username": "<@U04BD6KB1|ksnyde>",
        "bot_id": null,
        "ts": "1468502109.000211"
    },
    {
        "type": "message",
        "user": "U0ASPMFPS",
        "text": "<@U04BD6KB1>: what did you have in mind?",
        "edited": {
            "user": "U0ASPMFPS",
            "ts": "1468503921.000000"
        },
        "ts": "1468503918.000212"
    },
    {
        "type": "message",
        "user": "U04BD6KB1",
        "text": "well there isn\u2019t too much work here, just organising the surface area in a structurally rational way :slightly_smiling_face:",
        "ts": "1468503963.000214"
    },
    {
        "type": "message",
        "user": "U04BD6KB1",
        "text": "for instance, the gaggle at the left is not organised at all and there are still surface areas not represented",
        "ts": "1468507160.000215"
    },
    {
        "type": "message",
        "user": "U04BD6KB1",
        "text": "probably I\u2019ll have a good first pass by EOD though",
        "ts": "1468507171.000216"
    },
    {
        "type": "message",
        "user": "U04BD6KB1",
        "text": "it\u2019s helping me grok things",
        "ts": "1468507184.000217"
    },
    {
        "type": "message",
        "user": "U04BD6KB1",
        "text": "<https:\/\/simonsmith.io\/dipping-a-toe-into-functional-js-with-lodash-fp\/>",
        "ts": "1468560369.000218"
    },
    {
        "type": "message",
        "user": "U04BD6KB1",
        "text": "<https:\/\/simonsmith.io\/dipping-a-toe-into-functional-js-with-lodash-fp\/>",
        "ts": "1468560369.000219"
    },
    {
        "type": "message",
        "user": "U04BD6KB1",
        "text": "good article on incrementally moving toward functional programming in JS",
        "ts": "1468560412.000220"
    }
]