[
    {
        "type": "message",
        "user": "U06BGNMBL",
        "text": "there's also ramda, which has stuff like lenses as well",
        "ts": "1468569119.000221"
    },
    {
        "type": "message",
        "user": "U06BGNMBL",
        "text": "we use it a lot at work, it's not as intimidating as its reputation suggests",
        "ts": "1468569136.000222"
    },
    {
        "type": "message",
        "user": "U06BGNMBL",
        "text": "<http:\/\/ramdajs.com\/0.21.0\/index.html>",
        "ts": "1468569188.000223"
    },
    {
        "type": "message",
        "user": "U03V8V08M",
        "text": "<@U06BGNMBL>: interesting. What are some practical applications of lenses?",
        "ts": "1468569407.000224"
    },
    {
        "type": "message",
        "user": "U03V8V08M",
        "text": "are they a tool for composition?",
        "ts": "1468569419.000225"
    },
    {
        "type": "message",
        "user": "U06BGNMBL",
        "text": "basically they're a tool for 'updates' to immutable collections",
        "ts": "1468569468.000226"
    },
    {
        "type": "message",
        "user": "U06BGNMBL",
        "text": "you might have a lens that sets the 'focus', as it were, to the postcode of the user's address, like this \n```\nconst postcode = R.lensPath([''address', 'postcode'])\n```\n\nThen you have a function that just replaces it:\n```\nconst updatePostcode = R.set(postcode)\nupdatePostcode('SE15 1XX', someUser) \/\/ returns a copy of someUser with the new postcode\n```",
        "ts": "1468569722.000227"
    },
    {
        "type": "message",
        "user": "U06BGNMBL",
        "text": "and like lodash\/fp, everything's curried automatically",
        "ts": "1468569750.000228"
    },
    {
        "type": "message",
        "user": "U06BGNMBL",
        "text": "and you have a handy function called `curry` which will curry anything",
        "ts": "1468569767.000229"
    },
    {
        "type": "message",
        "user": "U06BGNMBL",
        "text": "for lenses specifically, one use case is if you make the Redux\/elm style decision to have a single application store, if that's a POJO it can get very big and unwieldy",
        "ts": "1468569936.000230"
    },
    {
        "type": "message",
        "user": "U06BGNMBL",
        "text": "using lenses allows you to declare common changes to the data and reify them into functions that take, and return, a copy of the application state as a whole",
        "ts": "1468569966.000231"
    },
    {
        "type": "message",
        "user": "U06BGNMBL",
        "text": "if that makes sense",
        "ts": "1468570004.000232"
    },
    {
        "type": "message",
        "user": "U047GTU64",
        "text": "I wonder if there\u2019s anyone out there writting functional server-side JS",
        "ts": "1468571347.000233"
    },
    {
        "type": "message",
        "user": "U06BGNMBL",
        "text": "extract from the buffer open in front of me:\n```\nvar storyToEntities = R.compose(normaliseStoryEntities, R.prop('entities')),\n    summaryOnly = R.filter(R.propEq('position', 'summary')),\n    contentOnly = R.filter(R.propEq('position', 'content')),\n    entitiesFromSummary = R.compose(summaryOnly, storyToEntities),\n    entitiesFromContent = R.compose(contentOnly, storyToEntities);\n```",
        "ts": "1468571483.000234"
    },
    {
        "type": "message",
        "user": "U06BGNMBL",
        "text": "it can be done, honest :wink:",
        "ts": "1468571525.000235"
    },
    {
        "type": "message",
        "user": "U03V8V08M",
        "text": "interesting",
        "ts": "1468571536.000236"
    },
    {
        "type": "message",
        "user": "U03V8V08M",
        "text": "lenses aren\u2019t too dissimilar from Glimmer 2\u2019s Reference type",
        "ts": "1468571579.000237"
    },
    {
        "type": "message",
        "user": "U06BGNMBL",
        "text": "I've been meaning to look into that in a bit more detail",
        "ts": "1468571603.000238"
    },
    {
        "type": "message",
        "user": "U06BGNMBL",
        "text": "might have another look at Godfrey &amp; Yehuda's talk",
        "ts": "1468571614.000239"
    },
    {
        "type": "message",
        "user": "U03V8V08M",
        "text": "yeah, well worth a read of the two chapters of the guides Godfrey\u2019s had time to write so far:\n<https:\/\/github.com\/tildeio\/glimmer\/blob\/master\/guides\/04-references.md>\n<https:\/\/github.com\/tildeio\/glimmer\/blob\/master\/guides\/05-validators.md>",
        "edited": {
            "user": "U03V8V08M",
            "ts": "1468571664.000000"
        },
        "ts": "1468571648.000240"
    },
    {
        "type": "message",
        "user": "U047GTU64",
        "text": "<@U03V8V08M>: 04 reminded me of <http:\/\/clojure.github.io\/clojure\/clojure.core-api.html#clojure.core\/ref>",
        "ts": "1468573857.000244"
    },
    {
        "type": "message",
        "user": "U03V8V08M",
        "text": "yeah, same concept",
        "ts": "1468573872.000245"
    },
    {
        "type": "message",
        "user": "U047GTU64",
        "text": "does anyone know",
        "ts": "1468574250.000246"
    },
    {
        "type": "message",
        "user": "U047GTU64",
        "text": "if there\u2019s an equivalent to Rails's `debug` in ember\/ember-CLI?",
        "ts": "1468574265.000247"
    },
    {
        "type": "message",
        "user": "U05485UQL",
        "text": "what `debug`?",
        "ts": "1468574334.000248"
    },
    {
        "type": "message",
        "user": "U047GTU64",
        "text": "<@U05485UQL>: in your templates you can debug stuff in the view",
        "ts": "1468574347.000249"
    },
    {
        "type": "message",
        "user": "U047GTU64",
        "text": "so for example",
        "ts": "1468574348.000250"
    },
    {
        "type": "message",
        "user": "U05485UQL",
        "text": "oh, you mean from `pry-debug`?",
        "ts": "1468574348.000251"
    },
    {
        "type": "message",
        "user": "U047GTU64",
        "text": "nope",
        "ts": "1468574352.000252"
    },
    {
        "type": "message",
        "user": "U047GTU64",
        "text": "`&lt;%= debug(params) if Rails.env.development? %&gt;`",
        "ts": "1468574363.000253"
    },
    {
        "type": "message",
        "user": "U047GTU64",
        "text": "and you get a nice codeblock with the stuff thats happening",
        "ts": "1468574377.000254"
    },
    {
        "type": "message",
        "user": "U05485UQL",
        "text": "right. I have never used that",
        "ts": "1468574380.000255"
    },
    {
        "type": "message",
        "user": "U047GTU64",
        "text": "you\u2019re gonna love it",
        "ts": "1468574385.000256"
    },
    {
        "type": "message",
        "user": "U047GTU64",
        "text": "I usually shuck into the application template",
        "ts": "1468574393.000257"
    },
    {
        "type": "message",
        "user": "U05485UQL",
        "text": "7 years of Rails and there\u2019s always something new to learn!",
        "ts": "1468574406.000258"
    },
    {
        "type": "message",
        "user": "U047GTU64",
        "text": "jump to 1.1 <http:\/\/guides.rubyonrails.org\/debugging_rails_applications.html>",
        "ts": "1468574416.000259"
    },
    {
        "type": "message",
        "user": "U047GTU64",
        "text": ":wink:",
        "ts": "1468574418.000260"
    },
    {
        "type": "message",
        "user": "U047GTU64",
        "text": "np I still learn things",
        "ts": "1468574424.000261"
    },
    {
        "type": "message",
        "user": "U05485UQL",
        "text": "in Ember there\u2019s `{{log stuff}}` to stick in your templates. Not sure if that helps you",
        "ts": "1468574427.000262"
    },
    {
        "type": "message",
        "user": "U047GTU64",
        "text": "for example the memoize module",
        "ts": "1468574431.000263"
    },
    {
        "type": "message",
        "user": "U047GTU64",
        "text": "they\u2019re similar in terms of what you get",
        "ts": "1468574439.000264"
    },
    {
        "type": "message",
        "user": "U047GTU64",
        "text": "but its not being delivered in the same way",
        "ts": "1468574446.000265"
    },
    {
        "type": "message",
        "user": "U051MHBQU",
        "text": "I didn\u2019t know that either. That\u2019s well handy.",
        "ts": "1468574493.000266"
    },
    {
        "type": "message",
        "user": "U047GTU64",
        "text": "you can debug more stuff than just params - but thats usually the best bit",
        "ts": "1468574522.000267"
    },
    {
        "type": "message",
        "user": "U05485UQL",
        "text": "my current Rails project is an API and I don\u2019t have a template at hand. Argh",
        "ts": "1468574642.000268"
    },
    {
        "type": "message",
        "user": "U047GTU64",
        "text": "oh",
        "ts": "1468574670.000269"
    },
    {
        "type": "message",
        "user": "U05485UQL",
        "text": "I\u2019ll try later somewhere. It\u2019s just a faff to try right now",
        "ts": "1468574685.000270"
    },
    {
        "type": "message",
        "user": "U05485UQL",
        "text": "lazy me!",
        "ts": "1468574691.000271"
    },
    {
        "type": "message",
        "user": "U051MHBQU",
        "text": "it\u2019s in action view but there\u2019s no reason you couldn\u2019t use it in json responses from a controller if that\u2019s how you\u2019re doing things",
        "ts": "1468574701.000272"
    },
    {
        "type": "message",
        "user": "U047GTU64",
        "text": "<@U051MHBQU>: imo the takeaway is how its styled for you out of the box",
        "ts": "1468574724.000273"
    },
    {
        "type": "message",
        "user": "U051MHBQU",
        "text": "true",
        "ts": "1468574733.000274"
    },
    {
        "type": "message",
        "user": "U047GTU64",
        "text": "<http:\/\/i55.tinypic.com\/3537drp.png> you get that codeblock at the bottom",
        "attachments": [
            {
                "fallback": "758x663px image",
                "image_url": "http:\/\/i55.tinypic.com\/3537drp.png",
                "image_width": 758,
                "image_height": 663,
                "image_bytes": 111587,
                "from_url": "http:\/\/i55.tinypic.com\/3537drp.png",
                "id": 1
            }
        ],
        "ts": "1468574765.000275"
    },
    {
        "type": "message",
        "user": "U047GTU64",
        "text": "basically expands and pretty prints what you pass to it",
        "ts": "1468574807.000277"
    },
    {
        "type": "message",
        "user": "U051MHBQU",
        "text": "nifty",
        "ts": "1468574815.000278"
    },
    {
        "type": "message",
        "user": "U05485UQL",
        "text": "hmm, now that rings a bell. Maybe it\u2019s something I saw many years ago and then forgot\u2026 Still pretty useful! I do tend to `pp` my way out of everything",
        "ts": "1468574816.000279"
    },
    {
        "type": "message",
        "user": "U047GTU64",
        "text": "yeah I do that too",
        "ts": "1468574825.000280"
    },
    {
        "type": "message",
        "user": "U047GTU64",
        "text": "rails 5 now has coloured output",
        "ts": "1468574830.000281"
    },
    {
        "type": "message",
        "user": "U051MHBQU",
        "text": "another handy thing is `jj` which is like pretty print for JSON",
        "ts": "1468574833.000282"
    },
    {
        "type": "message",
        "user": "U047GTU64",
        "text": "when you\u2019re in dev mode",
        "ts": "1468574834.000283"
    },
    {
        "type": "message",
        "user": "U05485UQL",
        "text": "right!",
        "ts": "1468574840.000284"
    },
    {
        "type": "message",
        "user": "U047GTU64",
        "text": "I think SQL has a colour and the normal logging has another one",
        "ts": "1468574855.000285"
    },
    {
        "type": "message",
        "user": "U051MHBQU",
        "text": "and `jj JSON.parse(@object.to_json)` will render it nicely",
        "ts": "1468574859.000286"
    },
    {
        "type": "message",
        "user": "U047GTU64",
        "text": "makes a biggg difference when you\u2019re processing a bunch of stuff",
        "ts": "1468574863.000287"
    },
    {
        "type": "message",
        "user": "U047GTU64",
        "text": "in case anyone wants to check it out feel free to fiddle around :alien:  <https:\/\/github.com\/mariogintili\/backend>",
        "attachments": [
            {
                "service_name": "GitHub",
                "title": "mariogintili\/backend",
                "title_link": "https:\/\/github.com\/mariogintili\/backend",
                "text": "backend - A starter JSON-API compliant Rails app with OAUTH. Always riding the latest edge",
                "fallback": "GitHub: mariogintili\/backend",
                "thumb_url": "https:\/\/avatars3.githubusercontent.com\/u\/3522106?v=3&s=400",
                "from_url": "https:\/\/github.com\/mariogintili\/backend",
                "thumb_width": 400,
                "thumb_height": 400,
                "service_icon": "https:\/\/github.com\/apple-touch-icon.png",
                "id": 1
            }
        ],
        "ts": "1468574883.000288"
    },
    {
        "type": "message",
        "user": "U05485UQL",
        "text": "tried it at last! Pretty sweet, thanks <@U047GTU64>",
        "ts": "1468575816.000290"
    },
    {
        "type": "message",
        "user": "U05485UQL",
        "text": "<@U051MHBQU>: what does `jj` accept? I\u2019m trying it but get an \u201conly JSON allowed\u201d error",
        "ts": "1468575839.000291"
    },
    {
        "type": "message",
        "user": "U051MHBQU",
        "text": "you need to give it a JSON object",
        "ts": "1468575850.000292"
    },
    {
        "type": "message",
        "user": "U051MHBQU",
        "text": "so `@object.to_json` will return a string",
        "ts": "1468575861.000293"
    },
    {
        "type": "message",
        "user": "U03V8V08M",
        "text": "<@U047GTU64>: you should whack a Heroku button on that project",
        "ts": "1468575873.000294"
    },
    {
        "type": "message",
        "user": "U03V8V08M",
        "text": "super nice",
        "ts": "1468575876.000295"
    },
    {
        "type": "message",
        "user": "U047GTU64",
        "text": "<@U03V8V08M>: I\u2019ll whack one in next week :smile:",
        "ts": "1468576267.000296"
    },
    {
        "type": "message",
        "user": "U047GTU64",
        "text": "I was actually debating wether to change the project",
        "ts": "1468576279.000297"
    },
    {
        "type": "message",
        "user": "U047GTU64",
        "text": "to use json-api resources and add a request-validation layer",
        "ts": "1468576290.000298"
    },
    {
        "type": "message",
        "user": "U047GTU64",
        "text": "so it\u2019s pretty much plug and play for most needs",
        "ts": "1468576296.000299"
    },
    {
        "type": "message",
        "user": "U047GTU64",
        "text": "but I\u2019m still not convinced by them - I feel like they do too much",
        "ts": "1468576308.000300"
    },
    {
        "type": "message",
        "user": "U047GTU64",
        "text": "<@U05485UQL>: you\u2019re welcome :smile:",
        "ts": "1468576317.000301"
    },
    {
        "type": "message",
        "user": "U047GTU64",
        "text": "<@U03V8V08M>: :sun_with_face: <https:\/\/github.com\/mariogintili\/backend\/issues\/5>",
        "edited": {
            "user": "U047GTU64",
            "ts": "1468577602.000000"
        },
        "ts": "1468577587.000302",
        "reactions": [
            {
                "name": "boom",
                "users": [
                    "U03V8V08M"
                ],
                "count": 1
            }
        ]
    }
]