[
    {
        "type": "message",
        "user": "U044QMK6K",
        "text": "<https:\/\/twitter.com\/corduroy\/status\/701148166054240256>",
        "attachments": [
            {
                "fallback": "<https:\/\/twitter.com\/corduroy|@corduroy>: Learning: No demand for pizza\nCredit: <https:\/\/twitter.com\/destraynor|@destraynor> <https:\/\/pbs.twimg.com\/media\/Cbr6hxiVIAASFbn.jpg>",
                "ts": 1456001724,
                "author_name": "Joshua Mckinnon",
                "author_link": "https:\/\/twitter.com\/corduroy\/status\/701148166054240256",
                "author_icon": "https:\/\/pbs.twimg.com\/profile_images\/718962053\/twitter003_normal.png",
                "author_subname": "@corduroy",
                "text": "Learning: No demand for pizza\nCredit: <https:\/\/twitter.com\/destraynor|@destraynor> <https:\/\/pbs.twimg.com\/media\/Cbr6hxiVIAASFbn.jpg>",
                "service_name": "twitter",
                "service_url": "https:\/\/twitter.com\/",
                "image_url": "https:\/\/pbs.twimg.com\/media\/Cbr6hxiVIAASFbn.jpg",
                "image_width": 600,
                "image_height": 688,
                "image_bytes": 52009,
                "from_url": "https:\/\/twitter.com\/corduroy\/status\/701148166054240256",
                "id": 1,
                "footer": "Twitter",
                "footer_icon": "https:\/\/a.slack-edge.com\/6e067\/img\/services\/twitter_pixel_snapped_32.png"
            }
        ],
        "ts": "1456062919.000003"
    }
]