[
    {
        "type": "message",
        "user": "U044QMK6K",
        "text": "mind, blown: <https:\/\/www.facebook.com\/notes\/blake-ross\/aphantasia-how-it-feels-to-be-blind-in-your-mind\/10156834777480504>",
        "ts": "1461415694.000004"
    },
    {
        "type": "message",
        "user": "U044QMK6K",
        "text": "a lot of that article could be written about me, never realised that it wasn\u2019t the same for everyone!",
        "edited": {
            "user": "U044QMK6K",
            "ts": "1461415738.000000"
        },
        "ts": "1461415736.000005"
    },
    {
        "type": "message",
        "user": "U03V8V08M",
        "text": "<@U044QMK6K>: I just had the same reaction",
        "ts": "1461423774.000007"
    },
    {
        "type": "message",
        "user": "U044QMK6K",
        "text": "Think I\u2019m going to spend the week asking everyone I see if they can see images in their mind!",
        "ts": "1461424075.000008"
    }
]