[
    {
        "type": "message",
        "user": "U047GTU64",
        "text": "I have dreams",
        "ts": "1461658337.000023"
    },
    {
        "type": "message",
        "user": "U047GTU64",
        "text": "imagery is highly strong",
        "ts": "1461658342.000024"
    },
    {
        "type": "message",
        "user": "U047GTU64",
        "text": "all senses really",
        "ts": "1461658344.000025"
    },
    {
        "type": "message",
        "user": "U047GTU64",
        "text": "touch, smell, audition",
        "ts": "1461658351.000026"
    },
    {
        "type": "message",
        "user": "U047GTU64",
        "text": "mostly visual though",
        "ts": "1461658354.000027"
    },
    {
        "type": "message",
        "user": "U047GTU64",
        "text": "they\u2019ve becomed less often as I\u2019ve grown older",
        "ts": "1461658374.000028"
    },
    {
        "type": "message",
        "user": "U047GTU64",
        "text": "and I could remember most of them",
        "ts": "1461659037.000029"
    },
    {
        "user": "U13NN4T70",
        "type": "message",
        "subtype": "channel_join",
        "text": "<@U13NN4T70|tynku> has joined the channel",
        "ts": "1461661864.000030"
    }
]