[
    {
        "type": "message",
        "user": "U047GTU64",
        "text": "<http:\/\/sivers.org\/2c>",
        "attachments": [
            {
                "title": "Don\u2019t add your 2 cents | Derek Sivers",
                "title_link": "http:\/\/sivers.org\/2c",
                "text": "My friend Simone in Korea just became the big boss at work, managing other people for the first time.",
                "fallback": "Don\u2019t add your 2 cents | Derek Sivers",
                "image_url": "https:\/\/sivers.org\/images\/pennies.jpg",
                "from_url": "http:\/\/sivers.org\/2c",
                "image_width": 457,
                "image_height": 250,
                "image_bytes": 19520,
                "service_icon": "http:\/\/sivers.org\/favicon.ico",
                "service_name": "sivers.org",
                "id": 1
            }
        ],
        "ts": "1469436241.000029"
    },
    {
        "type": "message",
        "user": "U12T7S4CF",
        "text": "hehe, that's a good advice, I once had a project with a bug corporation and there was many managers checking it... each wanted to add something :smile:",
        "ts": "1469445017.000031"
    }
]