[
    {
        "type": "message",
        "user": "U047GTU64",
        "text": "<https:\/\/github.com\/cerebris\/jsonapi-resources\/issues\/766>",
        "attachments": [
            {
                "service_name": "GitHub",
                "title": "Authorization? \u00b7 Issue #766 \u00b7 cerebris\/jsonapi-resources \u00b7 GitHub",
                "title_link": "https:\/\/github.com\/cerebris\/jsonapi-resources\/issues\/766",
                "text": "Hello guys, I've been looking at the wiki\/project and can't find any documentation in regards to restricting some actions in a controller based on some characteristics in the request, i.e: I'm us...",
                "fallback": "GitHub: Authorization? \u00b7 Issue #766 \u00b7 cerebris\/jsonapi-resources",
                "thumb_url": "https:\/\/avatars3.githubusercontent.com\/u\/3522106?v=3&s=400",
                "from_url": "https:\/\/github.com\/cerebris\/jsonapi-resources\/issues\/766",
                "thumb_width": 400,
                "thumb_height": 400,
                "service_icon": "https:\/\/a.slack-edge.com\/e8ef6\/img\/unfurl_icons\/github.png",
                "id": 1
            }
        ],
        "ts": "1469116769.000025"
    },
    {
        "type": "message",
        "user": "U047GTU64",
        "text": "in case someone wants to weight in on this :angel:",
        "ts": "1469116780.000027"
    }
]