[
    {
        "type": "message",
        "user": "U047GTU64",
        "text": "favourite paragraph in the tech industry this week",
        "ts": "1468411806.000176"
    },
    {
        "type": "message",
        "user": "U047GTU64",
        "text": "```\n\u201cHell yes to getting lit on a Monday night,\u201d a painfully uncool Microsoft recruiter\u2019s memo to tech-industry interns said. And that statement wasn\u2019t the only one to show the tech giant trying way too hard to look hip to its millennial targets as it marketed its Internapalooza after-party. \u201cThere will be hella noms, lots of dranks, the best beats and just like last year we\u2019re breaking out the Yammer beer pong tables,\u201d the recruiter wrote, cleverly switching between personas, from hipster to gangsta to urban bro.\n```",
        "ts": "1468411808.000177"
    },
    {
        "type": "message",
        "user": "U047GTU64",
        "text": "[source](<http:\/\/www.siliconbeat.com\/2016\/07\/12\/interns-gone-wild-young-techies-steal-popcorn-microsoft-embarrasses\/>)",
        "edited": {
            "user": "U047GTU64",
            "ts": "1468411822.000000"
        },
        "ts": "1468411816.000178"
    }
]