[
    {
        "user": "U1DSW7PAS",
        "type": "message",
        "subtype": "channel_join",
        "text": "<@U1DSW7PAS|jonnyw> has joined the channel",
        "ts": "1464943741.000095"
    },
    {
        "type": "message",
        "user": "U047GTU64",
        "text": "<https:\/\/www.youtube.com\/watch?v=XhIFr6e8EBI>",
        "attachments": [
            {
                "service_name": "YouTube",
                "service_url": "https:\/\/www.youtube.com\/",
                "title": "Reasons Venezuela is a Total Disaster - Joanna Rants",
                "title_link": "https:\/\/www.youtube.com\/watch?v=XhIFr6e8EBI",
                "author_name": "FLAMA",
                "author_link": "https:\/\/www.youtube.com\/user\/flamatv",
                "thumb_url": "https:\/\/i.ytimg.com\/vi\/XhIFr6e8EBI\/hqdefault.jpg",
                "thumb_width": 480,
                "thumb_height": 360,
                "fallback": "YouTube Video: Reasons Venezuela is a Total Disaster - Joanna Rants",
                "video_html": "<iframe width=\"400\" height=\"225\" src=\"https:\/\/www.youtube.com\/embed\/XhIFr6e8EBI?feature=oembed&autoplay=1&iv_load_policy=3\" frameborder=\"0\" allowfullscreen><\/iframe>",
                "video_html_width": 400,
                "video_html_height": 225,
                "from_url": "https:\/\/www.youtube.com\/watch?v=XhIFr6e8EBI",
                "service_icon": "https:\/\/a.slack-edge.com\/2089\/img\/unfurl_icons\/youtube.png",
                "id": 1
            }
        ],
        "ts": "1464966950.000096"
    },
    {
        "type": "message",
        "user": "U047GTU64",
        "text": "needless to say that girl\u2019s a well known venezuelan comedian lol",
        "ts": "1464967055.000098"
    },
    {
        "type": "message",
        "user": "U05485UQL",
        "text": "<@U047GTU64>: are you aware of what a bit deal Venezuela is in the Spanish election campaign?",
        "ts": "1464969250.000099"
    },
    {
        "type": "message",
        "user": "U047GTU64",
        "text": "omg I know",
        "ts": "1464969266.000100"
    },
    {
        "type": "message",
        "user": "U047GTU64",
        "text": "its horrible",
        "ts": "1464969272.000101"
    },
    {
        "type": "message",
        "user": "U047GTU64",
        "text": "I\u2019m not part of that part of venezuela :joy:",
        "ts": "1464969278.000102"
    },
    {
        "type": "message",
        "user": "U05485UQL",
        "text": "(and if someone asks \u201cbut didn\u2019t you have an election last December\u201d. Well, yes, we are repeating it because we couldn\u2019t get a government formed)",
        "ts": "1464969295.000103"
    },
    {
        "type": "message",
        "user": "U047GTU64",
        "text": "did you knew that \u201cpodemos\u201d has its own cereal?",
        "ts": "1464969310.000104"
    },
    {
        "type": "message",
        "user": "U05485UQL",
        "text": "what part?",
        "ts": "1464969312.000105"
    },
    {
        "type": "message",
        "user": "U047GTU64",
        "text": "they were selling it in Barcelona!",
        "ts": "1464969318.000106"
    },
    {
        "type": "message",
        "user": "U05485UQL",
        "text": "Podemos Cereales?????",
        "ts": "1464969322.000107"
    },
    {
        "type": "message",
        "user": "U05485UQL",
        "text": "comorl?",
        "ts": "1464969324.000108"
    },
    {
        "type": "message",
        "user": "U047GTU64",
        "text": "<http:\/\/media.meltybuzz.es\/article-2651876-fb-f1450887047\/auronplay-cereales-cajas-de-cereales-pablo.jpg>",
        "attachments": [
            {
                "fallback": "1200x630px image",
                "image_url": "http:\/\/media.meltybuzz.es\/article-2651876-fb-f1450887047\/auronplay-cereales-cajas-de-cereales-pablo.jpg",
                "image_width": 1200,
                "image_height": 630,
                "image_bytes": 84994,
                "from_url": "http:\/\/media.meltybuzz.es\/article-2651876-fb-f1450887047\/auronplay-cereales-cajas-de-cereales-pablo.jpg",
                "id": 1
            }
        ],
        "ts": "1464969332.000109"
    },
    {
        "type": "message",
        "user": "U047GTU64",
        "text": "I remember telling <@U040MK408> about it, he could not believe it",
        "ts": "1464969342.000111"
    },
    {
        "type": "message",
        "user": "U047GTU64",
        "text": "#evolution-flakes :joy:",
        "ts": "1464969346.000112"
    },
    {
        "type": "message",
        "user": "U05485UQL",
        "text": "kill me now",
        "ts": "1464969357.000113"
    },
    {
        "type": "message",
        "user": "U047GTU64",
        "text": "they\u2019re all over the corner shops in la barceloneta",
        "ts": "1464969386.000114"
    },
    {
        "type": "message",
        "user": "U047GTU64",
        "text": "I just got cheerios",
        "ts": "1464969404.000115"
    },
    {
        "type": "message",
        "user": "U047GTU64",
        "text": "I like my cereal free of politics, literally speaking",
        "ts": "1464969411.000116"
    },
    {
        "type": "message",
        "user": "U047GTU64",
        "text": "by that side I mean the extremist left wing",
        "ts": "1464969438.000117"
    },
    {
        "type": "message",
        "user": "U05485UQL",
        "text": "ok, sure. I didn\u2019t think you\u2019d be a Chavista",
        "ts": "1464969464.000118"
    },
    {
        "type": "message",
        "user": "U047GTU64",
        "text": "you\u2019ll rarely meet a chavista overseas",
        "ts": "1464969482.000119"
    },
    {
        "type": "message",
        "user": "U040MK408",
        "text": "ah",
        "ts": "1464969487.000120"
    },
    {
        "type": "message",
        "user": "U040MK408",
        "text": "I remember",
        "ts": "1464969491.000121"
    },
    {
        "type": "message",
        "user": "U040MK408",
        "text": "m\u00e1tame cami\u00f3n",
        "ts": "1464969498.000122"
    },
    {
        "type": "message",
        "user": "U05485UQL",
        "text": "pregunta, Mario. \u00bfHay supermercados \"para gente rica\"?",
        "ts": "1464969546.000123"
    },
    {
        "type": "message",
        "user": "U047GTU64",
        "text": "nope",
        "ts": "1464969570.000124"
    },
    {
        "type": "message",
        "user": "U05485UQL",
        "text": "quiero decir. Hace poco algo salt\u00f3 a los medios que ven\u00eda a decir que productos, los hay, pero que solo est\u00e1n en los sitios de ricos",
        "ts": "1464969576.000125"
    },
    {
        "type": "message",
        "user": "U047GTU64",
        "text": "guerra mediatica 100%",
        "ts": "1464969588.000126"
    },
    {
        "type": "message",
        "user": "U047GTU64",
        "text": "de hecho",
        "ts": "1464969606.000127"
    },
    {
        "type": "message",
        "user": "U047GTU64",
        "text": "nisiquiera hay una \u201ccadena\u201d de supermercados que provea productos de lujo, etc",
        "ts": "1464969621.000128"
    },
    {
        "type": "message",
        "user": "U040MK408",
        "text": "startup idea ^",
        "ts": "1464969640.000129"
    },
    {
        "type": "message",
        "user": "U047GTU64",
        "text": "i,e: no tenemos un M&amp;S, Tesco e Iceland",
        "ts": "1464969644.000130"
    },
    {
        "type": "message",
        "user": "U047GTU64",
        "text": "es mas como 3 tescos distintos(?) Aunque en los ultimos 2 gobiernos se extinguieron 2 for la mala economia",
        "ts": "1464969665.000131"
    },
    {
        "type": "message",
        "user": "U047GTU64",
        "text": "ahora, como hay desabastecimiento\u2026.es mas probable conseguir pollo\/carne\/basics en un supermercado que este en un area mas privilegiada porque hay menos gente y punto",
        "ts": "1464969719.000132"
    },
    {
        "type": "message",
        "user": "U05485UQL",
        "text": "estoy buscando la noticia de marras, pero todos los medios que me salen son de lo m\u00e1s dudoso. Lo menos chungo que encuentro es Russia Today (!)",
        "edited": {
            "user": "U05485UQL",
            "ts": "1464969810.000000"
        },
        "ts": "1464969775.000133"
    },
    {
        "type": "message",
        "user": "U05485UQL",
        "text": "aqu\u00ed: <https:\/\/actualidad.rt.com\/actualidad\/209164-empresario-vasco-abc-censuro-supermercados-ricos-venezuela>",
        "attachments": [
            {
                "service_name": "RT en Espa\u00f1ol",
                "title": "Entrevista de RT al empresario que mostr\u00f3 otra realidad de Venezuela y fue censurado - RT",
                "title_link": "https:\/\/actualidad.rt.com\/actualidad\/209164-empresario-vasco-abc-censuro-supermercados-ricos-venezuela",
                "text": "Agust\u00edn Otxotorena, el empresario vasco que denunci\u00f3 a trav\u00e9s de fotograf\u00edas en su Facebook que en Caracas \"si tienes dinero, no te falta de nada\" ha recibido numerosas amenazas en los \u00faltimos d\u00edas.",
                "fallback": "RT en Espa\u00f1ol: Entrevista de RT al empresario que mostr\u00f3 otra realidad de Venezuela y fue censurado - RT",
                "image_url": "https:\/\/cdn.rt.com\/actualidad\/public_images\/2016.06\/article\/5750a481c36188ed778b4586.jpg",
                "image_width": 444,
                "image_height": 250,
                "from_url": "https:\/\/actualidad.rt.com\/actualidad\/209164-empresario-vasco-abc-censuro-supermercados-ricos-venezuela",
                "image_bytes": 85248,
                "service_icon": "https:\/\/actualidad.rt.com\/static\/img\/apple-touch-icon-precomposed.png",
                "id": 1
            }
        ],
        "ts": "1464969816.000135"
    },
    {
        "type": "message",
        "user": "U05485UQL",
        "text": "oye, te agradezco el testimonio. Te habr\u00eda preguntado antes, pero con estas cosas uno no sabe si preguntar",
        "ts": "1464969855.000137"
    },
    {
        "type": "message",
        "user": "U047GTU64",
        "text": "como venezolano tengo acceso a cosas que si estan pasando",
        "ts": "1464969884.000138"
    },
    {
        "type": "message",
        "user": "U047GTU64",
        "text": "eso incluye gente molesta en la calle quemando viva ladrones porque la policia no hace nada",
        "ts": "1464969900.000139"
    },
    {
        "type": "message",
        "user": "U047GTU64",
        "text": "tienes toda la libertad de preguntar :smile:",
        "ts": "1464969910.000140"
    },
    {
        "type": "message",
        "user": "U05485UQL",
        "text": "jorl",
        "ts": "1464969953.000141"
    },
    {
        "type": "message",
        "user": "U047GTU64",
        "text": "wait, ese articulo esta SUPER* equivocado",
        "ts": "1464969959.000142"
    },
    {
        "type": "message",
        "user": "U047GTU64",
        "text": "basicamente el control de precios es aplicado a bienes de primera necesidad, cesta basica, etc",
        "ts": "1464969973.000143"
    },
    {
        "type": "message",
        "user": "U047GTU64",
        "text": "entonces la mayoria de comerciantes normales",
        "ts": "1464969981.000144"
    },
    {
        "type": "message",
        "user": "U047GTU64",
        "text": "solo pueden existir vendiendo productos de lujo",
        "ts": "1464969989.000145"
    },
    {
        "type": "message",
        "user": "U047GTU64",
        "text": "entonces es normal ir a un mercado",
        "ts": "1464969996.000146"
    },
    {
        "type": "message",
        "user": "U047GTU64",
        "text": "y conseguir caviar",
        "ts": "1464970024.000147"
    },
    {
        "type": "message",
        "user": "U047GTU64",
        "text": "pero no consigues leche, carne, alcohol, etc",
        "ts": "1464970037.000148"
    },
    {
        "type": "message",
        "user": "U047GTU64",
        "text": "nadie puede vivir de comer caviar :eyes:",
        "ts": "1464970063.000149"
    },
    {
        "type": "message",
        "user": "U043AB2QT",
        "text": "So, we're switching to Spanish in this slack team? hrmm....going to make it hard for 99% of us here.",
        "ts": "1464970108.000150"
    },
    {
        "type": "message",
        "user": "U05485UQL",
        "text": "sorry! My bad. I started it",
        "ts": "1464970116.000151"
    },
    {
        "type": "message",
        "user": "U043AB2QT",
        "text": "Always up for a challenge",
        "ts": "1464970117.000152"
    },
    {
        "type": "message",
        "user": "U05485UQL",
        "text": "thanks for that commentary, Mario",
        "ts": "1464970145.000153"
    },
    {
        "type": "message",
        "user": "U047GTU64",
        "text": "sorryy",
        "ts": "1464970150.000154"
    },
    {
        "type": "message",
        "user": "U047GTU64",
        "text": "<@U05485UQL>: you\u2019re welcome always happy to help",
        "ts": "1464970163.000155"
    },
    {
        "type": "message",
        "user": "U05485UQL",
        "text": "so what you are saying is: those places exist, but they only sell luxury items, because they are not controlled by the government in the way that necessity goods are. Is that it?",
        "ts": "1464970266.000156"
    },
    {
        "type": "message",
        "user": "U03V8V08M",
        "text": "this actually helps me with my practice so please go on",
        "ts": "1464970329.000157"
    },
    {
        "type": "message",
        "user": "U047GTU64",
        "text": "precisely",
        "ts": "1464970329.000158"
    },
    {
        "type": "message",
        "user": "U03V8V08M",
        "text": "tengo que practicar m\u00e1s!!!",
        "ts": "1464970338.000159",
        "reactions": [
            {
                "name": "flag-es",
                "users": [
                    "U05485UQL"
                ],
                "count": 1
            },
            {
                "name": "flag-ve",
                "users": [
                    "U047GTU64"
                ],
                "count": 1
            }
        ]
    },
    {
        "type": "message",
        "user": "U047GTU64",
        "text": "like things are SO bad there, that a few months ago a well known drug lord declared a curfew on some areas of the city",
        "ts": "1464970369.000160"
    },
    {
        "type": "message",
        "user": "U047GTU64",
        "text": "5:00PM onwards on west",
        "ts": "1464970375.000161"
    },
    {
        "type": "message",
        "user": "U047GTU64",
        "text": "he used soundcloud to broadcast",
        "ts": "1464970379.000162"
    },
    {
        "type": "message",
        "user": "U043AB2QT",
        "text": "haha....The channel should be called #jamiesspanishtutorial",
        "edited": {
            "user": "U043AB2QT",
            "ts": "1464970385.000000"
        },
        "ts": "1464970380.000163",
        "reactions": [
            {
                "name": "jamie",
                "users": [
                    "U05485UQL",
                    "U047GTU64"
                ],
                "count": 2
            },
            {
                "name": "flag-es",
                "users": [
                    "U05485UQL",
                    "U047GTU64"
                ],
                "count": 2
            },
            {
                "name": "notebook",
                "users": [
                    "U05485UQL"
                ],
                "count": 1
            }
        ]
    },
    {
        "type": "message",
        "user": "U03V8V08M",
        "text": "one day I\u2019ll give an ember talk in spanish",
        "ts": "1464970419.000165"
    },
    {
        "type": "message",
        "user": "U03V8V08M",
        "text": "and then there will be Q&amp;A and I\u2019ll be in trouble",
        "ts": "1464970431.000166"
    },
    {
        "type": "message",
        "user": "U040MK408",
        "text": "I shall give one in galician",
        "ts": "1464971334.000167"
    },
    {
        "type": "message",
        "user": "U040MK408",
        "text": "with a white and blue shirt and a bagpipe",
        "ts": "1464971347.000168"
    },
    {
        "type": "message",
        "user": "U040MK408",
        "text": "fully regional",
        "ts": "1464971379.000169"
    },
    {
        "type": "message",
        "user": "U040MK408",
        "text": "<https:\/\/www.youtube.com\/watch?v=uDe_yUSdAfU>",
        "attachments": [
            {
                "service_name": "YouTube",
                "service_url": "https:\/\/www.youtube.com\/",
                "title": "EVIA - CORNAMUSA - hevia Busindre Reel",
                "title_link": "https:\/\/www.youtube.com\/watch?v=uDe_yUSdAfU",
                "author_name": "Riccardo Calerio",
                "author_link": "https:\/\/www.youtube.com\/user\/pegaso3007",
                "thumb_url": "https:\/\/i.ytimg.com\/vi\/uDe_yUSdAfU\/hqdefault.jpg",
                "thumb_width": 480,
                "thumb_height": 360,
                "fallback": "YouTube Video: EVIA - CORNAMUSA - hevia Busindre Reel",
                "video_html": "<iframe width=\"400\" height=\"225\" src=\"https:\/\/www.youtube.com\/embed\/uDe_yUSdAfU?feature=oembed&autoplay=1&iv_load_policy=3\" frameborder=\"0\" allowfullscreen><\/iframe>",
                "video_html_width": 400,
                "video_html_height": 225,
                "from_url": "https:\/\/www.youtube.com\/watch?v=uDe_yUSdAfU",
                "service_icon": "https:\/\/a.slack-edge.com\/2089\/img\/unfurl_icons\/youtube.png",
                "id": 1
            }
        ],
        "ts": "1464971454.000170"
    },
    {
        "type": "message",
        "user": "U047GTU64",
        "text": "<@U040MK408>: I\u2019m always game for galician octopus",
        "ts": "1464971475.000172"
    },
    {
        "type": "message",
        "user": "U047GTU64",
        "text": "_always_",
        "ts": "1464971481.000173"
    },
    {
        "type": "message",
        "user": "U05485UQL",
        "text": "yum!",
        "ts": "1464971760.000174"
    },
    {
        "type": "message",
        "user": "U05485UQL",
        "text": "<@U040MK408> should provide the meetup food one day :octopus: :flag-glg:",
        "ts": "1464971863.000177"
    },
    {
        "type": "message",
        "user": "U040MK408",
        "text": "I don\u2019t have the means to make a pulpada",
        "edited": {
            "user": "U040MK408",
            "ts": "1464971898.000000"
        },
        "ts": "1464971894.000178"
    },
    {
        "type": "message",
        "user": "U040MK408",
        "text": "but I know what is for me the best spanish restaurant I\u2019ve been in London by far",
        "ts": "1464971915.000180"
    },
    {
        "type": "message",
        "user": "U040MK408",
        "text": "it happens to be Galician, but it is good spanish cuisine to any standard",
        "ts": "1464971937.000181"
    },
    {
        "type": "message",
        "user": "U040MK408",
        "text": "nothing to do with Brindisa and other so-called \u201cTapas restaurant\"",
        "ts": "1464971959.000182"
    },
    {
        "type": "message",
        "user": "U040MK408",
        "text": "proper food",
        "ts": "1464971973.000183"
    },
    {
        "type": "message",
        "user": "U05485UQL",
        "text": "Where is it?",
        "ts": "1464973212.000184"
    },
    {
        "type": "message",
        "user": "U040MK408",
        "text": "a bit far away",
        "ts": "1464980253.000185"
    },
    {
        "type": "message",
        "user": "U040MK408",
        "text": "in Kensal Green",
        "ts": "1464980261.000186"
    },
    {
        "type": "message",
        "user": "U040MK408",
        "text": "you won\u2019t find it unless you explicitly search it",
        "ts": "1464980292.000187"
    },
    {
        "type": "message",
        "user": "U040MK408",
        "text": "Centro galego de Londres",
        "ts": "1464980301.000188",
        "reactions": [
            {
                "name": "writing_hand",
                "users": [
                    "U05485UQL"
                ],
                "count": 1
            }
        ]
    },
    {
        "type": "message",
        "user": "U047GTU64",
        "text": "I'm gonna write that down and go at some point ",
        "ts": "1464981427.000189"
    },
    {
        "type": "message",
        "user": "U047GTU64",
        "text": " We should have an extraordinary meetup there ",
        "ts": "1464985768.000190"
    }
]