[
    {
        "type": "message",
        "subtype": "file_share",
        "text": "<@U04BD6KB1|ksnyde> uploaded a file: <https:\/\/emberlondon.slack.com\/files\/ksnyde\/F36T26UJU\/2016-11-28_09-19-16.png|comic of the day ...>",
        "file": {
            "id": "F36T26UJU",
            "created": 1480324894,
            "timestamp": 1480324894,
            "name": "2016-11-28_09-19-16.png",
            "title": "comic of the day ...",
            "mimetype": "image\/png",
            "filetype": "png",
            "pretty_type": "PNG",
            "user": "U04BD6KB1",
            "editable": false,
            "size": 312826,
            "mode": "hosted",
            "is_external": false,
            "external_type": "",
            "is_public": true,
            "public_url_shared": false,
            "display_as_bot": false,
            "username": "",
            "url_private": "https:\/\/files.slack.com\/files-pri\/T03SSL0FF-F36T26UJU\/2016-11-28_09-19-16.png?t=xoxe-3910680525-115741181265-116496169492-28d023e02c",
            "url_private_download": "https:\/\/files.slack.com\/files-pri\/T03SSL0FF-F36T26UJU\/download\/2016-11-28_09-19-16.png?t=xoxe-3910680525-115741181265-116496169492-28d023e02c",
            "thumb_64": "https:\/\/files.slack.com\/files-tmb\/T03SSL0FF-F36T26UJU-590f02a22c\/2016-11-28_09-19-16_64.png?t=xoxe-3910680525-115741181265-116496169492-28d023e02c",
            "thumb_80": "https:\/\/files.slack.com\/files-tmb\/T03SSL0FF-F36T26UJU-590f02a22c\/2016-11-28_09-19-16_80.png?t=xoxe-3910680525-115741181265-116496169492-28d023e02c",
            "thumb_360": "https:\/\/files.slack.com\/files-tmb\/T03SSL0FF-F36T26UJU-590f02a22c\/2016-11-28_09-19-16_360.png?t=xoxe-3910680525-115741181265-116496169492-28d023e02c",
            "thumb_360_w": 341,
            "thumb_360_h": 360,
            "thumb_480": "https:\/\/files.slack.com\/files-tmb\/T03SSL0FF-F36T26UJU-590f02a22c\/2016-11-28_09-19-16_480.png?t=xoxe-3910680525-115741181265-116496169492-28d023e02c",
            "thumb_480_w": 455,
            "thumb_480_h": 480,
            "thumb_160": "https:\/\/files.slack.com\/files-tmb\/T03SSL0FF-F36T26UJU-590f02a22c\/2016-11-28_09-19-16_160.png?t=xoxe-3910680525-115741181265-116496169492-28d023e02c",
            "thumb_720": "https:\/\/files.slack.com\/files-tmb\/T03SSL0FF-F36T26UJU-590f02a22c\/2016-11-28_09-19-16_720.png?t=xoxe-3910680525-115741181265-116496169492-28d023e02c",
            "thumb_720_w": 682,
            "thumb_720_h": 720,
            "image_exif_rotation": 1,
            "original_w": 750,
            "original_h": 792,
            "permalink": "https:\/\/emberlondon.slack.com\/files\/ksnyde\/F36T26UJU\/2016-11-28_09-19-16.png",
            "permalink_public": "https:\/\/slack-files.com\/T03SSL0FF-F36T26UJU-ab8f511f7d",
            "channels": [
                "C03SSL0H5"
            ],
            "groups": [],
            "ims": [],
            "comments_count": 0
        },
        "user": "U04BD6KB1",
        "upload": true,
        "display_as_bot": false,
        "username": "<@U04BD6KB1|ksnyde>",
        "bot_id": null,
        "ts": "1480324896.000056"
    },
    {
        "type": "message",
        "user": "U047GTU64",
        "text": "nailed it ^",
        "ts": "1480339808.000057"
    },
    {
        "type": "message",
        "user": "U04BE0ELZ",
        "text": "lol",
        "ts": "1480345364.000058"
    },
    {
        "user": "U37TYCZSQ",
        "text": "<@U37TYCZSQ|mightykho> has joined the channel",
        "type": "message",
        "subtype": "channel_join",
        "ts": "1480358174.000059"
    }
]