[
    {
        "type": "message",
        "user": "U0ASPMFPS",
        "text": "<https:\/\/twitter.com\/hunterwalk\/status\/746189146876633088>",
        "attachments": [
            {
                "fallback": "<https:\/\/twitter.com\/hunterwalk|@hunterwalk>: Hacker News unimpressed with #Brexit. Dude says he could build over a weekend in Swift.",
                "ts": 1466740330,
                "author_name": "Hunter Walk",
                "author_link": "https:\/\/twitter.com\/hunterwalk\/status\/746189146876633088",
                "author_icon": "https:\/\/pbs.twimg.com\/profile_images\/3530636661\/448f950491b7c174df124e6ce8d7ba79_normal.png",
                "author_subname": "@hunterwalk",
                "text": "Hacker News unimpressed with #Brexit. Dude says he could build over a weekend in Swift.",
                "service_name": "twitter",
                "service_url": "https:\/\/twitter.com\/",
                "from_url": "https:\/\/twitter.com\/hunterwalk\/status\/746189146876633088",
                "id": 1,
                "footer": "Twitter",
                "footer_icon": "https:\/\/a.slack-edge.com\/6e067\/img\/services\/twitter_pixel_snapped_32.png"
            }
        ],
        "ts": "1466781118.000072"
    }
]