[
    {
        "type": "message",
        "user": "U04BD6KB1",
        "text": "hey, has anyone been paying attention to DockerCon16? Pretty excited to start using the native client on Mac",
        "ts": "1467893429.000155"
    },
    {
        "type": "message",
        "user": "U044QMK6K",
        "text": "I\u2019ve not, but I\u2019ve been using the native client for a while and it\u2019s nice",
        "ts": "1467893507.000156"
    },
    {
        "type": "message",
        "user": "U047GTU64",
        "text": "I\u2019ve never used docker tbh",
        "ts": "1467893539.000157"
    },
    {
        "type": "message",
        "user": "U047GTU64",
        "text": "<http:\/\/the-paper-trail.org\/blog\/distributed-systems-theory-for-the-distributed-systems-engineer\/>",
        "ts": "1467894189.000158",
        "reactions": [
            {
                "name": "+1",
                "users": [
                    "U044QMK6K"
                ],
                "count": 1
            }
        ]
    },
    {
        "type": "message",
        "user": "U047GTU64",
        "text": "great article",
        "ts": "1467894191.000159"
    },
    {
        "type": "message",
        "user": "U047GTU64",
        "text": "oh and also forgot",
        "ts": "1467898498.000160"
    },
    {
        "type": "message",
        "user": "U047GTU64",
        "text": "<https:\/\/gist.github.com\/vasanthk\/485d1c25737e8e72759f>",
        "ts": "1467898499.000161"
    },
    {
        "type": "message",
        "user": "U047GTU64",
        "text": "systems design cheat sheet",
        "ts": "1467898503.000162"
    },
    {
        "type": "message",
        "user": "U047GTU64",
        "text": "I actually have quite a sweet reading list waiting for me to start my holidays :smile:",
        "ts": "1467898516.000163"
    },
    {
        "type": "message",
        "user": "U05485UQL",
        "text": "Peeps, for ActionCable+Ember, is ember-cable the way to go?",
        "ts": "1467903988.000164"
    },
    {
        "type": "message",
        "user": "U05485UQL",
        "text": "for a simple, no-nonsense setup",
        "ts": "1467904024.000165"
    },
    {
        "type": "message",
        "user": "U047GTU64",
        "text": "havent used it yet :disappointed:",
        "ts": "1467906042.000166"
    },
    {
        "type": "message",
        "user": "U047GTU64",
        "text": "keen to see your results <@U05485UQL>",
        "ts": "1467906047.000167"
    },
    {
        "type": "message",
        "user": "U05485UQL",
        "text": "oh, didn\u2019t realise this is <#C03SSL0H5>!",
        "ts": "1467906065.000168"
    },
    {
        "type": "message",
        "user": "U05485UQL",
        "text": "I\u2019ll report back next week",
        "ts": "1467906074.000169"
    },
    {
        "type": "message",
        "user": "U05485UQL",
        "text": "but since this is <#C03SSL0H5>, I can be a bit more liberal:",
        "ts": "1467906085.000170"
    },
    {
        "type": "message",
        "user": "U05485UQL",
        "text": "w00t! I\u2019m using Ember in the job for the first time! :boom: :tada: :fire: :moneybag:",
        "ts": "1467906116.000171",
        "reactions": [
            {
                "name": "tada",
                "users": [
                    "U051MHBQU",
                    "U043AB2QT",
                    "U06BGNMBL",
                    "U0C5RUAQ4",
                    "U047GTU64"
                ],
                "count": 5
            }
        ]
    }
]