[
    {
        "type": "message",
        "user": "U047GTU64",
        "text": "great talk on distributed systems",
        "ts": "1467301523.000089"
    },
    {
        "type": "message",
        "user": "U047GTU64",
        "text": "<https:\/\/vimeo.com\/131385889>",
        "attachments": [
            {
                "service_name": "Vimeo",
                "service_url": "https:\/\/vimeo.com\/",
                "title": "Monitorama PDX 2015 - Kyle Kingsbury - Working with Riemann",
                "title_link": "https:\/\/vimeo.com\/131385889",
                "author_name": "Monitorama",
                "author_link": "http:\/\/vimeo.com\/monitorama",
                "thumb_url": "http:\/\/i.vimeocdn.com\/video\/523614325_295x166.jpg",
                "thumb_width": 295,
                "thumb_height": 166,
                "text": "Kyle Kingsbury's session from Monitorama PDX 2015.",
                "fallback": "Vimeo Video: Monitorama PDX 2015 - Kyle Kingsbury - Working with Riemann",
                "video_html": "<iframe src=\"https:\/\/player.vimeo.com\/video\/131385889?autoplay=1\" width=\"400\" height=\"225\" frameborder=\"0\" title=\"Monitorama PDX 2015 - Kyle Kingsbury - Working with Riemann\" webkitallowfullscreen mozallowfullscreen allowfullscreen><\/iframe>",
                "video_html_width": 400,
                "video_html_height": 225,
                "from_url": "https:\/\/vimeo.com\/131385889",
                "service_icon": "https:\/\/a.slack-edge.com\/e8ef6\/img\/unfurl_icons\/vimeo.png",
                "id": 1
            }
        ],
        "ts": "1467301523.000090"
    }
]