[
    {
        "type": "message",
        "user": "U040MK408",
        "text": "for all spanish people here, this is old but always makes me laugh: <https:\/\/pbs.twimg.com\/media\/B_QLoYjW8AAFx1U.jpg:large>",
        "attachments": [
            {
                "fallback": "507x614px image",
                "image_url": "https:\/\/pbs.twimg.com\/media\/B_QLoYjW8AAFx1U.jpg:large",
                "image_width": 507,
                "image_height": 614,
                "image_bytes": 61086,
                "from_url": "https:\/\/pbs.twimg.com\/media\/B_QLoYjW8AAFx1U.jpg:large",
                "id": 1
            }
        ],
        "ts": "1460557587.000024",
        "reactions": [
            {
                "name": "joy",
                "users": [
                    "U05485UQL",
                    "U051MHBQU",
                    "U047GTU64"
                ],
                "count": 3
            }
        ]
    },
    {
        "type": "message",
        "user": "U040MK408",
        "text": "priceless",
        "ts": "1460557601.000026"
    },
    {
        "type": "message",
        "user": "U047GTU64",
        "text": "HAHAHAHA",
        "ts": "1460557638.000027"
    },
    {
        "type": "message",
        "user": "U047GTU64",
        "text": "10\/10",
        "edited": {
            "user": "U047GTU64",
            "ts": "1460557642.000000"
        },
        "ts": "1460557640.000028"
    },
    {
        "type": "message",
        "user": "U047GTU64",
        "text": "fixing production in 1 line of bash",
        "ts": "1460557664.000030"
    },
    {
        "type": "message",
        "user": "U047GTU64",
        "text": "`$ heroku ps:restart`",
        "ts": "1460557668.000031"
    }
]