[
    {
        "type": "message",
        "user": "U04BD6KB1",
        "text": "I know this has really nothing at all to do with Ember; nothing to do with Tech even but \u2026 you really owe it to yourself to buy a Dragonfly DAC <http:\/\/ken.net\/2016\/05\/05\/dragonfly-red-dac\/>",
        "attachments": [
            {
                "service_name": "Where In The World is Ken?",
                "title": "Dragonfly Red DAC - Where in the World is Ken Snyder?",
                "title_link": "http:\/\/ken.net\/2016\/05\/05\/dragonfly-red-dac\/",
                "text": "Ken Snyder's Blog",
                "fallback": "Where In The World is Ken?: Dragonfly Red DAC - Where in the World is Ken Snyder?",
                "image_url": "http:\/\/ken.net\/wp-content\/uploads\/2016\/05\/Dragonfly-v2-9.jpg",
                "image_width": 909,
                "image_height": 250,
                "ts": 1462449610,
                "from_url": "http:\/\/ken.net\/2016\/05\/05\/dragonfly-red-dac\/",
                "image_bytes": 228659,
                "id": 1
            }
        ],
        "ts": "1462780451.000039"
    },
    {
        "type": "message",
        "user": "U04BD6KB1",
        "text": "You don\u2019t need to by the Red (it\u2019s the high end one) but it will improve your music experience 2-3x if you have good headphones. I have two now. One from my home computer, one for travel (IOS\/Macbook).",
        "ts": "1462780519.000041"
    },
    {
        "type": "message",
        "user": "U043AB2QT",
        "text": "Does it really make that much of a difference <@U04BD6KB1>? Would you see an improvement when listening to the likes of Spotify?",
        "ts": "1462780543.000042"
    },
    {
        "type": "message",
        "user": "U04BD6KB1",
        "text": "DEFINITELY",
        "ts": "1462780551.000043"
    },
    {
        "type": "message",
        "user": "U04BD6KB1",
        "text": "Are you at the next meetup?",
        "ts": "1462780558.000044"
    },
    {
        "type": "message",
        "user": "U04BD6KB1",
        "text": "I\u2019ll bring it",
        "ts": "1462780564.000045"
    },
    {
        "type": "message",
        "user": "U04BD6KB1",
        "text": "It\u2019s one of the big surprises is how shit the DAC in modern computers are",
        "ts": "1462780589.000046"
    },
    {
        "type": "message",
        "user": "U04BD6KB1",
        "text": "high-end DAC\u2019s used to cost a fortune and were quite large but not anymore",
        "ts": "1462780616.000047"
    },
    {
        "type": "message",
        "user": "U04BD6KB1",
        "text": "btw, Spotify is _all_ i listen to these days",
        "ts": "1462780638.000048"
    },
    {
        "type": "message",
        "user": "U043AB2QT",
        "text": "Intersting....How much does one of those set you back?",
        "ts": "1462780990.000049"
    },
    {
        "type": "message",
        "user": "U043AB2QT",
        "text": "I'm going to try and come to the next meetup if I can manage it.",
        "ts": "1462780998.000050"
    },
    {
        "type": "message",
        "user": "U04BD6KB1",
        "text": "Well you can get the first generation for about \u00a380; it is brilliant (listening to it right now) but uses more power than IOS puts out so you can\u2019t use it there. For most people though its OSX they use it on so no issue there.",
        "ts": "1462784726.000051"
    },
    {
        "type": "message",
        "user": "U04BD6KB1",
        "text": "\u00a380 is new I think; maybe ebay for less? Especially as some may be upgrading to the Black and Red models.",
        "ts": "1462784762.000052"
    },
    {
        "type": "message",
        "user": "U0ASPMFPS",
        "text": "haha <https:\/\/twitter.com\/hipsterhacker\/status\/474268405789233152?s=09>",
        "attachments": [
            {
                "fallback": "<https:\/\/twitter.com\/hipsterhacker|@hipsterhacker>: One of our engineers just said he wants\u00a0us to build a SOAP API next.\n\nUPDATE:  One of our former engineers.",
                "ts": 1401909374,
                "author_name": "Hipster Hacker",
                "author_link": "https:\/\/twitter.com\/hipsterhacker\/status\/474268405789233152",
                "author_icon": "https:\/\/pbs.twimg.com\/profile_images\/1263403750\/riverscuomo-mustache_normal.jpg",
                "author_subname": "@hipsterhacker",
                "text": "One of our engineers just said he wants\u00a0us to build a SOAP API next.\n\nUPDATE:  One of our former engineers.",
                "service_name": "twitter",
                "service_url": "https:\/\/twitter.com\/",
                "from_url": "https:\/\/twitter.com\/hipsterhacker\/status\/474268405789233152?s=09",
                "id": 1,
                "footer": "Twitter",
                "footer_icon": "https:\/\/a.slack-edge.com\/6e067\/img\/services\/twitter_pixel_snapped_32.png"
            }
        ],
        "ts": "1462798119.000053"
    }
]