[
    {
        "type": "message",
        "user": "U13NN4T70",
        "text": "Hello!  I just wanted to invite you to PolyConf16 (<http:\/\/polyconf.com\/>) conference that will happen on 30.06-2.07 in Pozna\u0144, Poland (soo close to London :slightly_smiling_face: ). It's a single track, multi-disciplinary conference on advanced technologies for programmers interested in polyglot approach to software development.\n\nAmong confirmed speakers are:\n- Douglas Crockford, Distinguished Architect at PayPal, JSON creator\n- Julia Evans, Machine Learning Expert at Stripe\n- Guy Bedford, JSPM creator\n- Andreas Rumpf, Nim language creator",
        "attachments": [
            {
                "service_name": "PolyConf",
                "title": "PolyConf 16 A conference for polyglot programmers",
                "title_link": "http:\/\/polyconf.com\/",
                "text": "PolyConf is a three-day, single track, multi-disciplinary conference on advanced technologies for programmers interested in polyglot approach to software development.",
                "fallback": "PolyConf: PolyConf 16 A conference for polyglot programmers",
                "image_url": "http:\/\/polyconf.com\/assets\/polyconf16.png",
                "image_width": 476,
                "image_height": 250,
                "from_url": "http:\/\/polyconf.com\/",
                "image_bytes": 561641,
                "id": 1
            }
        ],
        "ts": "1464778054.000061",
        "reactions": [
            {
                "name": "heart",
                "users": [
                    "U03V8V08M"
                ],
                "count": 1
            }
        ]
    },
    {
        "type": "message",
        "user": "U03V8V08M",
        "text": "Julia Evans :heart:",
        "ts": "1464779435.000063"
    },
    {
        "type": "message",
        "user": "U13NN4T70",
        "text": "<@U03V8V08M>:  Julia Evans herself! :slightly_smiling_face: you can't miss it",
        "ts": "1464785329.000064"
    },
    {
        "type": "message",
        "user": "U03V8V08M",
        "text": "she is literally my favourite writer\/speaker\/programmer in the world",
        "ts": "1464785350.000065"
    },
    {
        "type": "message",
        "user": "U047GTU64",
        "text": "embere\u00f1os, which area of Mallorca is best for a holiday? planning to visit with my girlfriend :smile:",
        "ts": "1464788155.000066"
    },
    {
        "type": "message",
        "user": "U047GTU64",
        "text": "cc <@U05485UQL> <@U040MK408> <@U03V8V08M>",
        "ts": "1464788162.000067"
    },
    {
        "type": "message",
        "user": "U03V8V08M",
        "text": "I\u2019ve never been, but have a friend that lives there",
        "ts": "1464788185.000068"
    },
    {
        "type": "message",
        "user": "U040MK408",
        "text": "the best area of Mallorca is Ibiza",
        "edited": {
            "user": "U040MK408",
            "ts": "1464788202.000000"
        },
        "ts": "1464788188.000069"
    },
    {
        "type": "message",
        "user": "U040MK408",
        "text": "xD",
        "ts": "1464788189.000070"
    },
    {
        "type": "message",
        "user": "U040MK408",
        "text": "I\u2019ve never been either",
        "ts": "1464788224.000072"
    },
    {
        "type": "message",
        "user": "U040MK408",
        "text": "The north of Ibiza is know for being amazing",
        "ts": "1464788245.000073"
    },
    {
        "type": "message",
        "user": "U040MK408",
        "text": "and in the other islands, you probably should consider Fuerteventura too",
        "ts": "1464788261.000074"
    },
    {
        "type": "message",
        "user": "U040MK408",
        "text": "besides, you\u2019ll feel like home with their accent",
        "ts": "1464788273.000075"
    },
    {
        "type": "message",
        "user": "U047GTU64",
        "text": "let me see",
        "ts": "1464788288.000076"
    },
    {
        "type": "message",
        "user": "U047GTU64",
        "text": ":smile:",
        "ts": "1464788288.000077"
    },
    {
        "type": "message",
        "user": "U047GTU64",
        "text": "I\u2019m kinda like convinced by mallorca",
        "ts": "1464788347.000078"
    },
    {
        "type": "message",
        "user": "U047GTU64",
        "text": "now that I\u2019ve seen the videos here",
        "ts": "1464788350.000079"
    },
    {
        "type": "message",
        "user": "U047GTU64",
        "text": "I know its marketing but still",
        "ts": "1464788354.000080"
    },
    {
        "type": "message",
        "user": "U047GTU64",
        "text": "<https:\/\/www.facebook.com\/hibalearic\/?fref=nf>",
        "ts": "1464788362.000081"
    },
    {
        "type": "message",
        "user": "U047GTU64",
        "text": "looks solid",
        "ts": "1464788364.000082"
    },
    {
        "type": "message",
        "user": "U040MK408",
        "text": "in that case, as far away from Palma as you can",
        "ts": "1464788860.000083"
    },
    {
        "type": "message",
        "user": "U040MK408",
        "text": "Santany\u00ed o Manacor",
        "ts": "1464788894.000084"
    },
    {
        "type": "message",
        "user": "U040MK408",
        "text": "or any small village",
        "ts": "1464788898.000085"
    },
    {
        "type": "message",
        "user": "U047GTU64",
        "text": "I think manacor is where Hi Balearic records its thing",
        "ts": "1464788946.000086"
    },
    {
        "type": "message",
        "user": "U05485UQL",
        "text": "no idea, actually. I went to Ibiza when I was 18, with barely any money. One thing I learned: don\u2019t go without money",
        "ts": "1464789016.000087"
    },
    {
        "type": "message",
        "user": "U05485UQL",
        "text": "I think Menorca might be less spoiled, but don\u2019t quote me on that",
        "ts": "1464789035.000088"
    },
    {
        "type": "message",
        "user": "U047GTU64",
        "text": "the south of mallorca has some really good price\/value deals on airbnb",
        "ts": "1464789052.000089"
    },
    {
        "type": "message",
        "user": "U047GTU64",
        "text": "saw menorca, looked about the same",
        "ts": "1464789060.000090"
    },
    {
        "type": "message",
        "user": "U047GTU64",
        "text": "I want something chill with great scenery and food",
        "ts": "1464789068.000091"
    },
    {
        "type": "message",
        "user": "U047GTU64",
        "text": "rest is not so important",
        "ts": "1464789075.000092"
    }
]