[
    {
        "type": "message",
        "user": "U047GTU64",
        "text": "<@U0Z487TGE>: hello, can you please remind me the model of the monitors we used at SMHW? cc <@U040MK408> ",
        "ts": "1465901768.000003"
    },
    {
        "type": "message",
        "user": "U047GTU64",
        "text": "Or maybe <@U0L9R72E6> knows :grin:",
        "ts": "1465901778.000004"
    },
    {
        "type": "message",
        "user": "U03V8V08M",
        "text": "<@U047GTU64>: I\u2019ve found a good one for you <http:\/\/www.ebay.co.uk\/itm\/9-Inch-Super-VGA-Monochrome-Computer-Monitor-\/122005109214?hash=item1c681239de:g:ZmIAAOSwmtJXUbE5>",
        "ts": "1465902322.000005"
    },
    {
        "type": "message",
        "user": "U03V8V08M",
        "text": "SVGA!",
        "ts": "1465902333.000006"
    },
    {
        "type": "message",
        "user": "U0Z487TGE",
        "text": "<@U047GTU64>, the monitors used to be *iiyama prolite xb2779qs*",
        "ts": "1465902626.000007"
    },
    {
        "type": "message",
        "user": "U0Z487TGE",
        "text": "<http:\/\/www.iiyama.com\/gb_en\/products\/prolite-xb2779qs-1\/>",
        "attachments": [
            {
                "title": "ProLite XB2779QS-S1",
                "title_link": "http:\/\/www.iiyama.com\/gb_en\/products\/prolite-xb2779qs-1\/",
                "text": "ProLite XB2779QS-S1 Stylish 27\u201d AH-IPS LED-backlit screen with WQHD resolution and a height adjustable stand Featuring WQHD (2560 x 1440)\u00a0 resolution, the XB2779QS can display almost 77% more information on the screen than a Full HD display. Users can create their own workspace by displaying and manipulating multiple applications at the same time. The AH-IPS matrix guarantees high performance with accurate and consistent colour reproduction, wide viewing angles and a fast response time. An array of inputs including HDMI, DisplayPort, DVI and VGA connections ensures compatibility across a wide range of mulitimedia devices. The XB2779QS is perfect for demanding users who settle only for the best specifications and modern design. Also available in colours: black and white",
                "fallback": "ProLite XB2779QS-S1",
                "image_url": "http:\/\/www.iiyama.com\/fill,11663,473,400.jpg",
                "from_url": "http:\/\/www.iiyama.com\/gb_en\/products\/prolite-xb2779qs-1\/",
                "image_width": 296,
                "image_height": 250,
                "image_bytes": 61259,
                "service_icon": "http:\/\/www.iiyama.com\/favicon.png",
                "service_name": "iiyama.com",
                "id": 1
            }
        ],
        "ts": "1465902632.000008"
    },
    {
        "type": "message",
        "user": "U0Z487TGE",
        "text": "they were out of stock some time ago, so we switched to Dell.",
        "ts": "1465902651.000010"
    },
    {
        "type": "message",
        "user": "U0Z487TGE",
        "text": "You can come and have a look at the new screens on Thursday for projectNight! :wink:",
        "ts": "1465902674.000011"
    },
    {
        "type": "message",
        "user": "U047GTU64",
        "text": "<@U03V8V08M>: check out the one <@U0Z487TGE> posted, some next level :fire:",
        "ts": "1465904157.000012"
    },
    {
        "type": "message",
        "user": "U047GTU64",
        "text": "<@U03V8V08M>: can\u2019t believe \u00a340 for that thing",
        "ts": "1465904255.000013"
    },
    {
        "type": "message",
        "user": "U03V8V08M",
        "text": "Haha, yeah, who on earth would pay that?",
        "ts": "1465904731.000014"
    },
    {
        "type": "message",
        "user": "U047GTU64",
        "text": "and I\u2019m pretty sure back in that time \u00a340 was a fortune",
        "ts": "1465904953.000015"
    },
    {
        "type": "message",
        "user": "U03V8V08M",
        "text": "<@U047GTU64>: if anyone was going to know the relevant inflation figures off the top of their head, it would be you :wink:",
        "ts": "1465905214.000016"
    },
    {
        "type": "message",
        "user": "U047GTU64",
        "text": "loool",
        "ts": "1465905230.000017"
    },
    {
        "type": "message",
        "user": "U047GTU64",
        "text": ":mario:",
        "ts": "1465905232.000018",
        "reactions": [
            {
                "name": "mario",
                "users": [
                    "U03V8V08M"
                ],
                "count": 1
            }
        ]
    },
    {
        "type": "message",
        "user": "U047GTU64",
        "text": "actually I\u2019m working on something you might find interesting",
        "ts": "1465905251.000019"
    },
    {
        "type": "message",
        "user": "U047GTU64",
        "text": "still *very* early days",
        "ts": "1465905254.000020"
    },
    {
        "type": "message",
        "user": "U03V8V08M",
        "text": "do tell\u2026",
        "ts": "1465905264.000021"
    },
    {
        "type": "message",
        "user": "U047GTU64",
        "text": "<https:\/\/github.com\/mariogintili\/land-price-analysis>",
        "attachments": [
            {
                "service_name": "GitHub",
                "title": "mariogintili\/land-price-analysis",
                "title_link": "https:\/\/github.com\/mariogintili\/land-price-analysis",
                "text": "land-price-analysis - Land price analysis in the United Kingdom, based on Government provided data",
                "fallback": "GitHub: mariogintili\/land-price-analysis",
                "thumb_url": "https:\/\/avatars3.githubusercontent.com\/u\/3522106?v=3&s=400",
                "from_url": "https:\/\/github.com\/mariogintili\/land-price-analysis",
                "thumb_width": 400,
                "thumb_height": 400,
                "service_icon": "https:\/\/github.com\/apple-touch-icon.png",
                "id": 1
            }
        ],
        "ts": "1465905266.000022"
    },
    {
        "type": "message",
        "user": "U047GTU64",
        "text": "I\u2019m trying to formalise a work flow for small\/mid-sized data science",
        "ts": "1465905280.000024"
    },
    {
        "type": "message",
        "user": "U047GTU64",
        "text": "using clojure + leiningen and jupyter - <http:\/\/jupyter.org\/>",
        "edited": {
            "user": "U047GTU64",
            "ts": "1465905316.000000"
        },
        "ts": "1465905301.000025"
    },
    {
        "type": "message",
        "user": "U03V8V08M",
        "text": "very cool",
        "ts": "1465905310.000026"
    },
    {
        "type": "message",
        "user": "U047GTU64",
        "text": "although I\u2019ll probably be finished post summer IF I manage to put on the hours",
        "ts": "1465905332.000029"
    },
    {
        "type": "message",
        "user": "U03V8V08M",
        "text": "how\u2019s about doing a talk on it in September?",
        "ts": "1465905340.000030"
    },
    {
        "type": "message",
        "user": "U047GTU64",
        "text": "I wouldn\u2019t mind doing one once I\u2019m finished",
        "ts": "1465905350.000031"
    },
    {
        "type": "message",
        "user": "U047GTU64",
        "text": "can\u2019t commit to September though :alien:",
        "ts": "1465905359.000032"
    },
    {
        "type": "message",
        "user": "U03V8V08M",
        "text": "October?",
        "ts": "1465905368.000033"
    },
    {
        "type": "message",
        "user": "U047GTU64",
        "text": "maybe :smile:",
        "ts": "1465905381.000034"
    },
    {
        "type": "message",
        "user": "U03V8V08M",
        "text": "k",
        "ts": "1465905396.000035"
    },
    {
        "type": "message",
        "user": "U047GTU64",
        "text": "but I\u2019m basing some of this work on what Ember-CLI did to front end development",
        "ts": "1465905408.000036"
    },
    {
        "type": "message",
        "user": "U047GTU64",
        "text": "so it is something worth contrasting, definetly",
        "ts": "1465905415.000037"
    },
    {
        "type": "message",
        "user": "U03V8V08M",
        "text": "certainly",
        "ts": "1465905473.000038"
    },
    {
        "type": "message",
        "user": "U03V8V08M",
        "text": "I was just reading the announcement of the new house price index (<https:\/\/www.theguardian.com\/money\/2016\/jun\/14\/newly-launched-land-registry-official-house-price-index-fall-london>)",
        "edited": {
            "user": "U03V8V08M",
            "ts": "1465905501.000000"
        },
        "ts": "1465905486.000039"
    },
    {
        "type": "message",
        "user": "U047GTU64",
        "text": "```\nThe new single index, covering April, puts the average price of a home in London at \u00a3470,025, which it said was 14.5% higher than a year earlier\n```",
        "ts": "1465905519.000042"
    },
    {
        "type": "message",
        "user": "U047GTU64",
        "text": "keep wondering who\u2019s actually buying these properties",
        "ts": "1465905527.000043"
    },
    {
        "type": "message",
        "user": "U047GTU64",
        "text": "they\u2019re just not worth it price\/value",
        "ts": "1465905536.000044"
    },
    {
        "type": "message",
        "user": "U047GTU64",
        "text": "specially anything zones 1-2",
        "ts": "1465905541.000045"
    },
    {
        "type": "message",
        "user": "U0ASPMFPS",
        "text": "foreign investors",
        "ts": "1465905663.000046"
    },
    {
        "type": "message",
        "user": "U03V8V08M",
        "text": "russian oligarchs, for their ultra-privileged art school offspring :troll:",
        "edited": {
            "user": "U03V8V08M",
            "ts": "1465905906.000000"
        },
        "ts": "1465905891.000047"
    },
    {
        "text": "wonders if I am too old to be adopted now",
        "type": "message",
        "subtype": "me_message",
        "user": "U0ASPMFPS",
        "ts": "1465905954.000049"
    },
    {
        "type": "message",
        "user": "U03V8V08M",
        "text": "hahaha",
        "ts": "1465905961.000050"
    },
    {
        "type": "message",
        "user": "U047GTU64",
        "text": "I\u2019m venezuelan, I have a chance",
        "ts": "1465906176.000051"
    },
    {
        "type": "message",
        "user": "U047GTU64",
        "text": "just need to find a proper brangelina",
        "ts": "1465906184.000052"
    },
    {
        "type": "message",
        "user": "U047GTU64",
        "text": ":joy:",
        "ts": "1465906185.000053"
    },
    {
        "type": "message",
        "user": "U047GTU64",
        "text": "wouldn\u2019t let myself be adopted by kanye and kim though",
        "ts": "1465906193.000054"
    },
    {
        "type": "message",
        "user": "U0ASPMFPS",
        "text": "lol",
        "ts": "1465906200.000055"
    },
    {
        "type": "message",
        "user": "U05485UQL",
        "text": "They would rename you South, to complete the pair with North",
        "ts": "1465909446.000056"
    },
    {
        "type": "message",
        "user": "U0ASPMFPS",
        "text": "once they get East it will be complete",
        "ts": "1465909484.000057"
    },
    {
        "type": "message",
        "user": "U05485UQL",
        "text": "South and North will merge together in Anime fashion, into East-West, the Ultimate\u2026 Something",
        "ts": "1465909576.000058"
    },
    {
        "type": "message",
        "user": "U0ASPMFPS",
        "text": "lol",
        "ts": "1465909764.000059"
    },
    {
        "type": "message",
        "user": "U047GTU64",
        "text": "are we talking people or dragon ball here",
        "ts": "1465910558.000060"
    },
    {
        "type": "message",
        "user": "U047GTU64",
        "text": "both?",
        "ts": "1465910561.000061"
    },
    {
        "type": "message",
        "user": "U0ASPMFPS",
        "text": "we are talking about *Avatar - The Last Airbender* maybe",
        "ts": "1465910880.000062"
    },
    {
        "type": "message",
        "user": "U05485UQL",
        "text": "I was going for Dragon Ball, but I understand it wasn\u2019t as much a thing in the UK as it was in Spain or other places",
        "ts": "1465912144.000063"
    },
    {
        "type": "message",
        "user": "U047GTU64",
        "text": "dragon ball was definetly a thing in south america",
        "ts": "1465912171.000064"
    },
    {
        "type": "message",
        "user": "U047GTU64",
        "text": "and venezuelan soap operas are big in eastern europe",
        "ts": "1465912186.000065"
    },
    {
        "type": "message",
        "user": "U047GTU64",
        "text": "why do I know that? I dont know",
        "ts": "1465912190.000066"
    },
    {
        "type": "message",
        "user": "U0ASPMFPS",
        "text": "Yeah recently Spanish soap operas are taking over Ghana (West Africa)",
        "ts": "1465912925.000067"
    }
]