[
    {
        "type": "message",
        "user": "U047GTU64",
        "text": "360 photo of my hometown",
        "ts": "1467718992.000151"
    },
    {
        "type": "message",
        "user": "U047GTU64",
        "text": "<https:\/\/www.facebook.com\/360media.ve\/photos\/a.1535629843349327.1073741829.1502639639981681\/1766452256933750\/?type=3>",
        "attachments": [
            {
                "title": "360Media_ve - Altamira Norte, Caracas en 360 A\u00e9rea... | Facebook",
                "title_link": "https:\/\/www.facebook.com\/360media.ve\/photos\/a.1535629843349327.1073741829.1502639639981681\/1766452256933750\/?type=3",
                "text": "Altamira Norte, Caracas en 360 A\u00e9reaAltamira, Caracas 360 Aerial",
                "fallback": "360Media_ve - Altamira Norte, Caracas en 360 A\u00e9rea... | Facebook",
                "from_url": "https:\/\/www.facebook.com\/360media.ve\/photos\/a.1535629843349327.1073741829.1502639639981681\/1766452256933750\/?type=3",
                "service_icon": "https:\/\/static.xx.fbcdn.net\/rsrc.php\/yV\/r\/hzMapiNYYpW.ico",
                "service_name": "facebook.com",
                "id": 1
            }
        ],
        "ts": "1467718993.000152"
    }
]