[
    {
        "type": "message",
        "user": "U047GTU64",
        "text": "something lit so you guys can code along with",
        "ts": "1465478906.000031"
    },
    {
        "type": "message",
        "user": "U047GTU64",
        "text": "<https:\/\/soundcloud.com\/swami-harami\/no-defiance-only-compliance>",
        "attachments": [
            {
                "service_name": "SoundCloud",
                "service_url": "http:\/\/soundcloud.com",
                "title": "No Defiance, Only Compliance by swami~harami",
                "title_link": "https:\/\/soundcloud.com\/swami-harami\/no-defiance-only-compliance",
                "author_name": "swami~harami",
                "author_link": "https:\/\/soundcloud.com\/swami-harami",
                "thumb_url": "http:\/\/i1.sndcdn.com\/artworks-000094740122-xkbx5a-t500x500.jpg",
                "text": "108 min ride to heaven or hell...depends entirely on what your mind is for or against!",
                "fallback": "SoundCloud Audio: Link: No Defiance, Only Compliance by swami~harami",
                "audio_html": "<iframe width=\"100%\" height=\"150\" scrolling=\"no\" frameborder=\"no\" src=\"https:\/\/w.soundcloud.com\/player\/?visual=true&url=https%3A%2F%2Fapi.soundcloud.com%2Ftracks%2F173145092&show_artwork=true&maxheight=150\"><\/iframe>",
                "audio_html_width": 100,
                "audio_html_height": 150,
                "from_url": "https:\/\/soundcloud.com\/swami-harami\/no-defiance-only-compliance",
                "thumb_width": 500,
                "thumb_height": 500,
                "service_icon": "https:\/\/soundcloud.com\/favicon.ico",
                "id": 1
            }
        ],
        "ts": "1465478907.000032",
        "reactions": [
            {
                "name": "raised_hands",
                "users": [
                    "U06BGNMBL",
                    "U047GTU64"
                ],
                "count": 2
            }
        ]
    },
    {
        "type": "message",
        "user": "U06BGNMBL",
        "text": "nothing like a bit of the old progressive house of an afternoon",
        "ts": "1465480543.000034"
    },
    {
        "type": "message",
        "user": "U047GTU64",
        "text": "<@U06BGNMBL>: definetly",
        "edited": {
            "user": "U047GTU64",
            "ts": "1465480658.000000"
        },
        "ts": "1465480654.000035"
    },
    {
        "type": "message",
        "user": "U0TGTGM6C",
        "text": "Folks, what's the wifi password @sapient?",
        "ts": "1465495712.000037"
    },
    {
        "type": "message",
        "user": "U0ASPMFPS",
        "text": "its on the wall",
        "ts": "1465496818.000038"
    }
]