[
    {
        "type": "message",
        "user": "U043AB2QT",
        "text": "Can you elaborate on this? I've been using them for about 4 years and think their software is great compared to others I've used.",
        "attachments": [
            {
                "fallback": "[July 30th, 2016 12:52 PM] mariogintili: but crunch has over 80 controls they expect you to learn",
                "ts": "1469879575.000037",
                "author_subname": "mariogintili",
                "channel_id": "C03SSL0H5",
                "channel_name": "random",
                "is_msg_unfurl": true,
                "text": "but crunch has over 80 controls they expect you to learn",
                "author_name": "Mario Gintili",
                "author_link": "https:\/\/emberlondon.slack.com\/team\/mariogintili",
                "author_icon": "https:\/\/avatars.slack-edge.com\/2016-04-08\/33090114679_ea5ff166195e69635263_48.jpg",
                "mrkdwn_in": [
                    "text"
                ],
                "color": "D0D0D0",
                "from_url": "https:\/\/emberlondon.slack.com\/archives\/random\/p1469879575000037",
                "is_share": true,
                "footer": "Posted in #random"
            }
        ],
        "ts": "1470041132.000046"
    },
    {
        "type": "message",
        "user": "U044QMK6K",
        "text": "I use Freeagent as it came \u201cfree\u201d with my accountant",
        "ts": "1470042672.000047"
    },
    {
        "type": "message",
        "user": "U047GTU64",
        "text": "<@U043AB2QT>: maybe I\u2019m using it the wrong way?",
        "ts": "1470042688.000048"
    },
    {
        "type": "message",
        "user": "U044QMK6K",
        "text": "(IE it\u2019s built into the retainer I pay them each month, so I pay for it through that)",
        "ts": "1470042692.000049"
    },
    {
        "type": "message",
        "user": "U047GTU64",
        "text": "I feel like the whole flow of uploading your statement and reconciling costs takes wayyyyy too long",
        "ts": "1470042702.000050"
    },
    {
        "type": "message",
        "user": "U047GTU64",
        "text": "it takes around 30secs to reconcile 1 payment",
        "ts": "1470042718.000051"
    },
    {
        "type": "message",
        "user": "U047GTU64",
        "text": "say I have 40 payments\/week",
        "ts": "1470042727.000052"
    },
    {
        "type": "message",
        "user": "U043AB2QT",
        "text": "<@U047GTU64>: I guess I've not really experienced any problem there. I don't have anywhere near that many things to reconcile.\n\nAre you going to be able to get away from that though? Raising invoices, inputting expenses, reconciling payments coming into the bank account with the invoices\/expenses.... These are just general things that need to happen when running na ltd.",
        "ts": "1470045272.000053"
    },
    {
        "type": "message",
        "user": "U043AB2QT",
        "text": "Are those reconciliations mainly expenses?",
        "ts": "1470045289.000054"
    },
    {
        "type": "message",
        "user": "U047GTU64",
        "text": "<@U043AB2QT>: I clearly won\u2019t but I\u2019m trying to look for something with a simpler way of managing those",
        "ts": "1470045433.000055"
    },
    {
        "type": "message",
        "user": "U047GTU64",
        "text": "kinda like my pain point at the moment",
        "ts": "1470045438.000056"
    },
    {
        "type": "message",
        "user": "U047GTU64",
        "text": "so for example maybe xerox? orrr freeagent?",
        "ts": "1470045447.000057"
    },
    {
        "type": "message",
        "user": "U047GTU64",
        "text": "crunch has great customer support",
        "ts": "1470045453.000058"
    },
    {
        "type": "message",
        "user": "U047GTU64",
        "text": "I like that",
        "ts": "1470045456.000059"
    },
    {
        "type": "message",
        "user": "U047GTU64",
        "text": "but I see myself pinging them a bit too often",
        "ts": "1470045479.000060"
    },
    {
        "type": "message",
        "user": "U043AB2QT",
        "text": "Fair enough...I expect though that you'll find you're going to need to do those sorts of things regardless of what software you use.",
        "ts": "1470045481.000061"
    },
    {
        "type": "message",
        "user": "U047GTU64",
        "text": "could be just me though",
        "ts": "1470045485.000062"
    },
    {
        "type": "message",
        "user": "U043AB2QT",
        "text": "Keep me posted on what you find that solves your problems <@U047GTU64>. Interested to hear about it.",
        "ts": "1470046984.000063"
    },
    {
        "type": "message",
        "user": "U047GTU64",
        "text": "<@U043AB2QT>: will do :smile:",
        "ts": "1470046996.000064"
    },
    {
        "type": "message",
        "user": "U047GTU64",
        "text": "I think I once saw an app that was the perfect solution for this",
        "ts": "1470047012.000065"
    },
    {
        "type": "message",
        "user": "U047GTU64",
        "text": "but I forgot the name and only works in the US",
        "ts": "1470047016.000066"
    },
    {
        "type": "message",
        "user": "U047GTU64",
        "text": "it was a mobile app that had some image recognition so if you snapped a photo of a bill if would just log in a payment",
        "ts": "1470047036.000067"
    },
    {
        "type": "message",
        "user": "U043AB2QT",
        "text": "<@U047GTU64>: Crunch have this -&gt; <https:\/\/help.crunch.co.uk\/customer\/portal\/articles\/2031559-introduction-to-snap>",
        "attachments": [
            {
                "service_name": "Crunch",
                "title": "Introduction to Snap",
                "title_link": "https:\/\/help.crunch.co.uk\/customer\/portal\/articles\/2031559-introduction-to-snap",
                "text": "About Snap Snap has been developed by Crunch in partnership with Receipt Bank to bring you an incredibly easy way t...",
                "fallback": "Crunch: Introduction to Snap",
                "from_url": "https:\/\/help.crunch.co.uk\/customer\/portal\/articles\/2031559-introduction-to-snap",
                "service_icon": "http:\/\/crunch.co.uk\/favicons\/apple-touch-icon-57x57.png",
                "id": 1
            }
        ],
        "ts": "1470047208.000068"
    },
    {
        "type": "message",
        "user": "U043AB2QT",
        "text": "(Not used it myself...much)",
        "edited": {
            "user": "U043AB2QT",
            "ts": "1470047225.000000"
        },
        "ts": "1470047216.000070"
    },
    {
        "type": "message",
        "user": "U047GTU64",
        "text": "<@U043AB2QT>: had 0 knowledge of it",
        "ts": "1470047247.000072"
    },
    {
        "type": "message",
        "user": "U047GTU64",
        "text": "I\u2019ll probably try to use that now :eyes:",
        "ts": "1470047252.000073"
    },
    {
        "type": "message",
        "user": "U047GTU64",
        "text": "thanks",
        "ts": "1470047256.000074"
    },
    {
        "type": "message",
        "user": "U043AB2QT",
        "text": "The thing is though, there is always the step of reconciling that expense and the payment in your account... You need to match them up.... But if your expense already exists (via that snap app), then the reconciliation process in crunch tries to be quite smart and work out which expense a bank statement line item matches to. So if the amount and the dates match you don't really need to do much other than click the \"match\" button",
        "ts": "1470047342.000075"
    },
    {
        "type": "message",
        "user": "U047GTU64",
        "text": "<@U043AB2QT>: oh I know but that case rarely happens to me even when I\u2019ve reconciled",
        "ts": "1470047782.000076"
    },
    {
        "type": "message",
        "user": "U047GTU64",
        "text": "which bank do you use?",
        "ts": "1470047784.000077"
    },
    {
        "type": "message",
        "user": "U047GTU64",
        "text": "I use barclays and according to CS she always needs to amend their exports here and there",
        "ts": "1470047807.000078"
    },
    {
        "type": "message",
        "user": "U043AB2QT",
        "text": "<@U047GTU64>: CS?\n\nI use Cater Allen. The only thing I find I might need to amend is maybe an expense date where it registered a day or so out on my bank statement. Nothing that really gets in my way.\n\nThat's my experience anyway",
        "ts": "1470049037.000081"
    },
    {
        "type": "message",
        "user": "U047GTU64",
        "text": "customer support",
        "ts": "1470053498.000082"
    },
    {
        "type": "message",
        "user": "U03V8V08M",
        "text": "christmas socks",
        "ts": "1470053516.000083"
    },
    {
        "user": "U1X2C12TH",
        "text": "<@U1X2C12TH|ernestoe> has joined the channel",
        "type": "message",
        "subtype": "channel_join",
        "ts": "1470064331.000084"
    }
]