[
    {
        "type": "message",
        "user": "U32E552SF",
        "text": "Hello, I\u2019m kind of new around here. :wave: \n\nI was hoping for a bit of advice around testing.\n\nI\u2019ve done a lot of Ruby, so I\u2019m used to using Capybara with something like PhantomJS for high-level testing.\n\nIs there a preferred way to do this in Node that\u2019s frontend-framework agnostic?\n\nThanks",
        "ts": "1480674832.000061"
    },
    {
        "type": "message",
        "user": "U06BGNMBL",
        "text": "for express-style apps where at some point you're basically calling `app.listen()` to start the thing, you can use supertest",
        "ts": "1480676653.000062"
    },
    {
        "type": "message",
        "user": "U06BGNMBL",
        "text": "<https:\/\/github.com\/visionmedia\/supertest>",
        "attachments": [
            {
                "service_name": "GitHub",
                "title": "visionmedia\/supertest",
                "title_link": "https:\/\/github.com\/visionmedia\/supertest",
                "text": "supertest - Super-agent driven library for testing node.js HTTP servers using a fluent API",
                "fallback": "GitHub: visionmedia\/supertest",
                "thumb_url": "https:\/\/avatars1.githubusercontent.com\/u\/9285252?v=3&s=400",
                "from_url": "https:\/\/github.com\/visionmedia\/supertest",
                "thumb_width": 400,
                "thumb_height": 400,
                "service_icon": "https:\/\/github.com\/apple-touch-icon.png",
                "id": 1
            }
        ],
        "ts": "1480676665.000063"
    },
    {
        "type": "message",
        "user": "U06BGNMBL",
        "text": "Very nice API for integration testing HTTP services",
        "ts": "1480676745.000065",
        "reactions": [
            {
                "name": "+1",
                "users": [
                    "U32E552SF"
                ],
                "count": 1
            }
        ]
    },
    {
        "type": "message",
        "user": "U062LD65Q",
        "text": "<@U32E552SF> I think you should check out <http:\/\/nightwatchjs.org\/>",
        "attachments": [
            {
                "title": "Nightwatch.js",
                "title_link": "http:\/\/nightwatchjs.org\/",
                "text": "Write End-to-End tests in Node.js quickly and effortlessly that run against a Selenium server.",
                "fallback": "Nightwatch.js",
                "image_url": "http:\/\/nightwatchjs.org\/img\/banner.png",
                "from_url": "http:\/\/nightwatchjs.org\/",
                "image_width": 434,
                "image_height": 250,
                "image_bytes": 154545,
                "service_icon": "http:\/\/nightwatchjs.org\/favicon.ico",
                "service_name": "nightwatchjs.org",
                "id": 1
            }
        ],
        "ts": "1480726968.000066"
    }
]