[
    {
        "type": "message",
        "user": "U0ASPMFPS",
        "text": "haha <https:\/\/twitter.com\/toddmotto\/status\/712285272004816897>",
        "attachments": [
            {
                "fallback": "<https:\/\/twitter.com\/toddmotto|@toddmotto>: <https:\/\/twitter.com\/trek|@trek> Never heard of it",
                "ts": 1458657017,
                "author_name": "Todd Motto",
                "author_link": "https:\/\/twitter.com\/toddmotto\/status\/712285272004816897",
                "author_icon": "https:\/\/pbs.twimg.com\/profile_images\/698861883848318976\/yC2tq6tL_normal.jpg",
                "author_subname": "@toddmotto",
                "text": "<https:\/\/twitter.com\/trek|@trek> Never heard of it",
                "service_name": "twitter",
                "service_url": "https:\/\/twitter.com\/",
                "from_url": "https:\/\/twitter.com\/toddmotto\/status\/712285272004816897",
                "id": 1,
                "footer": "Twitter",
                "footer_icon": "https:\/\/a.slack-edge.com\/6e067\/img\/services\/twitter_pixel_snapped_32.png"
            }
        ],
        "ts": "1458660305.000016"
    },
    {
        "type": "message",
        "user": "U03V8V08M",
        "text": "haha, delightful",
        "ts": "1458661210.000018"
    }
]