[
    {
        "type": "message",
        "user": "U047GTU64",
        "text": "interestingly enough this came on my facebook trends <http:\/\/www.essexchronicle.co.uk\/drunk-essex-man-who-threatened-to-kill-everyone-on-easyjet-flight-jailed-for-eight-years\/story-29610050-detail\/story.html>",
        "edited": {
            "user": "U047GTU64",
            "ts": "1470999453.000000"
        },
        "ts": "1470999447.000087"
    },
    {
        "type": "message",
        "user": "U047GTU64",
        "text": "regardless of the actual contents of the story",
        "ts": "1470999459.000090"
    },
    {
        "type": "message",
        "user": "U047GTU64",
        "text": "am I the only one who notices that the writing style of that article resembles that same one from 1984\u2019s newspapers the people got :eyes:",
        "ts": "1470999530.000091",
        "reactions": [
            {
                "name": "face_with_rolling_eyes",
                "users": [
                    "U1U4TGPEX",
                    "U047GTU64"
                ],
                "count": 2
            }
        ]
    },
    {
        "type": "message",
        "user": "U0A48LWTG",
        "text": "<https:\/\/medium.com\/friendship-dot-js\/i-peeked-into-my-node-modules-directory-and-you-wont-believe-what-happened-next-b89f63d21558#.z98pzs3oy>",
        "attachments": [
            {
                "service_name": "Medium",
                "title": "I Peeked Into My Node_Modules Directory And You Won\u2019t Believe What Happened Next \u2014 friendship .js",
                "title_link": "https:\/\/medium.com\/friendship-dot-js\/i-peeked-into-my-node-modules-directory-and-you-wont-believe-what-happened-next-b89f63d21558#.z98pzs3oy",
                "text": "The left-pad fiasco shook the JavaScript community to its core when a rouge developer removed a popular module from npm, causing tens of\u2026",
                "fallback": "Medium: I Peeked Into My Node_Modules Directory And You Won\u2019t Believe What Happened Next \u2014 friendship .js",
                "image_url": "https:\/\/cdn-images-1.medium.com\/max\/1200\/1*zT8f7_kGBNmZ-h7n7ayfng.jpeg",
                "fields": [
                    {
                        "title": "Reading time",
                        "value": "6 min read",
                        "short": true
                    }
                ],
                "ts": 1470410937,
                "from_url": "https:\/\/medium.com\/friendship-dot-js\/i-peeked-into-my-node-modules-directory-and-you-wont-believe-what-happened-next-b89f63d21558#.z98pzs3oy",
                "image_width": 519,
                "image_height": 250,
                "image_bytes": 72928,
                "service_icon": "https:\/\/cdn-static-1.medium.com\/_\/fp\/icons\/favicon-medium.TAS6uQ-Y7kcKgi0xjcYHXw.ico",
                "id": 1
            }
        ],
        "ts": "1471015329.000092"
    },
    {
        "type": "message",
        "user": "U047GTU64",
        "text": "click bait",
        "ts": "1471015408.000094"
    },
    {
        "type": "message",
        "user": "U0A48LWTG",
        "text": "<@U047GTU64>: really? there is some interesting bits in there",
        "ts": "1471018961.000095"
    },
    {
        "type": "message",
        "user": "U0A48LWTG",
        "text": "maybe you already know all of it",
        "ts": "1471018970.000096"
    },
    {
        "type": "message",
        "user": "U03V8V08M",
        "text": "isn\u2019t the whole thing a big troll?",
        "edited": {
            "user": "U03V8V08M",
            "ts": "1471019419.000000"
        },
        "ts": "1471019415.000097"
    }
]