[
    {
        "type": "message",
        "user": "U047GTU64",
        "text": "<https:\/\/www.youtube.com\/watch?v=eAe5uqSbhpk>",
        "attachments": [
            {
                "service_name": "YouTube",
                "service_url": "https:\/\/www.youtube.com\/",
                "title": "SHARAM in The Lab LA",
                "title_link": "https:\/\/www.youtube.com\/watch?v=eAe5uqSbhpk",
                "author_name": "Mixmag",
                "author_link": "https:\/\/www.youtube.com\/user\/mixmagtv",
                "thumb_url": "https:\/\/i.ytimg.com\/vi\/eAe5uqSbhpk\/hqdefault.jpg",
                "thumb_width": 480,
                "thumb_height": 360,
                "fallback": "YouTube Video: SHARAM in The Lab LA",
                "video_html": "<iframe width=\"400\" height=\"225\" src=\"https:\/\/www.youtube.com\/embed\/eAe5uqSbhpk?feature=oembed&autoplay=1&iv_load_policy=3\" frameborder=\"0\" allowfullscreen><\/iframe>",
                "video_html_width": 400,
                "video_html_height": 225,
                "from_url": "https:\/\/www.youtube.com\/watch?v=eAe5uqSbhpk",
                "service_icon": "https:\/\/a.slack-edge.com\/2089\/img\/unfurl_icons\/youtube.png",
                "id": 1
            }
        ],
        "ts": "1468493211.000002"
    },
    {
        "type": "message",
        "user": "U047GTU64",
        "text": "we still alive fam",
        "ts": "1468493213.000004"
    }
]