[
    {
        "user": "U048TCADN",
        "type": "message",
        "subtype": "channel_join",
        "text": "<@U048TCADN|anthillape> has joined the channel",
        "ts": "1429602262.000002"
    },
    {
        "type": "message",
        "user": "U048TCADN",
        "text": "My company Kayako are looking for a senior ember developer to join our team based in Techhub Old Street. We are re-building our app entirely from scratch with ember and ember-cli and a REST API. You'll be joining myself, <@U04134XGE>, <@U046D0DSD> and <@U04AW6E1X> to complete our front-end team for the agent-facing part of the application.\n\nKayako is a help desk that currently serves thousands of customers, and millions of our customers customers, so you'll be working on something guaranteed to be used. Though we are not a new company we work in a very start-up like environment and our team has plenty of freedom to experiment within our domain. Other perks include monthly massages, free lunch and desk beers on Fridays, daily fruit \/ snacks \/ drinks \/ nespresso, flexible hours, paid overtime (you can work weekends as you please) and work from home days.\n\nWe are looking for an immediate start, contract or perm at competitive rates, just PM me if you are interested and I'll try to get back to you asap!",
        "ts": "1429603247.000003"
    },
    {
        "user": "U03V8V08M",
        "type": "message",
        "subtype": "channel_join",
        "text": "<@U03V8V08M|jgwhite> has joined the channel",
        "ts": "1429603760.000004"
    },
    {
        "user": "U043AB2QT",
        "type": "message",
        "subtype": "channel_join",
        "text": "<@U043AB2QT|aaron> has joined the channel",
        "ts": "1429604442.000005"
    },
    {
        "user": "U04BE0ELZ",
        "type": "message",
        "subtype": "channel_join",
        "text": "<@U04BE0ELZ|nikoskatsikanis> has joined the channel",
        "ts": "1429605249.000006"
    },
    {
        "user": "U044QMK6K",
        "type": "message",
        "subtype": "channel_join",
        "text": "<@U044QMK6K|rlivsey> has joined the channel",
        "ts": "1429607600.000007"
    },
    {
        "user": "U043ZC515",
        "type": "message",
        "subtype": "channel_join",
        "text": "<@U043ZC515|petemmccarthy> has joined the channel",
        "ts": "1429643335.000002"
    }
]