[
    {
        "type": "message",
        "user": "U044QMK6K",
        "text": "<@U03V8V08M>: IIRC it used to be that you had to both follow each other to DM but now they\u2019ve added the option to allow DMs from people who you don\u2019t follow \/ don\u2019t follow you",
        "ts": "1432197038.000017"
    },
    {
        "type": "message",
        "user": "U03V8V08M",
        "text": "gotcha",
        "ts": "1432197062.000018"
    },
    {
        "type": "message",
        "user": "U03V8V08M",
        "text": "wow, twitter has a _lot_ of settings",
        "ts": "1432197103.000019"
    },
    {
        "type": "message",
        "user": "U03V8V08M",
        "text": "why the the hell do they have a \u201cCards and shipping\u201d screen?",
        "ts": "1432197131.000020"
    },
    {
        "type": "message",
        "subtype": "file_share",
        "text": "<@U03V8V08M|jgwhite> uploaded a file: <https:\/\/emberlondon.slack.com\/files\/jgwhite\/F04V042M8\/twitter___settings.png|Twitter___Settings.png>",
        "file": {
            "id": "F04V042M8",
            "created": 1432197168,
            "timestamp": 1432197168,
            "name": "Twitter___Settings.png",
            "title": "Twitter___Settings.png",
            "mimetype": "image\/png",
            "filetype": "png",
            "pretty_type": "PNG",
            "user": "U03V8V08M",
            "editable": false,
            "size": 123332,
            "mode": "hosted",
            "is_external": false,
            "external_type": "",
            "is_public": true,
            "public_url_shared": false,
            "display_as_bot": false,
            "username": "",
            "url_private": "https:\/\/files.slack.com\/files-pri\/T03SSL0FF-F04V042M8\/twitter___settings.png?t=xoxe-3910680525-115741181265-116496169492-28d023e02c",
            "url_private_download": "https:\/\/files.slack.com\/files-pri\/T03SSL0FF-F04V042M8\/download\/twitter___settings.png?t=xoxe-3910680525-115741181265-116496169492-28d023e02c",
            "thumb_64": "https:\/\/files.slack.com\/files-tmb\/T03SSL0FF-F04V042M8-5c5f9d38ee\/twitter___settings_64.png?t=xoxe-3910680525-115741181265-116496169492-28d023e02c",
            "thumb_80": "https:\/\/files.slack.com\/files-tmb\/T03SSL0FF-F04V042M8-5c5f9d38ee\/twitter___settings_80.png?t=xoxe-3910680525-115741181265-116496169492-28d023e02c",
            "thumb_360": "https:\/\/files.slack.com\/files-tmb\/T03SSL0FF-F04V042M8-5c5f9d38ee\/twitter___settings_360.png?t=xoxe-3910680525-115741181265-116496169492-28d023e02c",
            "thumb_360_w": 360,
            "thumb_360_h": 255,
            "thumb_480": "https:\/\/files.slack.com\/files-tmb\/T03SSL0FF-F04V042M8-5c5f9d38ee\/twitter___settings_480.png?t=xoxe-3910680525-115741181265-116496169492-28d023e02c",
            "thumb_480_w": 480,
            "thumb_480_h": 341,
            "thumb_160": "https:\/\/files.slack.com\/files-tmb\/T03SSL0FF-F04V042M8-5c5f9d38ee\/twitter___settings_160.png?t=xoxe-3910680525-115741181265-116496169492-28d023e02c",
            "thumb_720": "https:\/\/files.slack.com\/files-tmb\/T03SSL0FF-F04V042M8-5c5f9d38ee\/twitter___settings_720.png?t=xoxe-3910680525-115741181265-116496169492-28d023e02c",
            "thumb_720_w": 720,
            "thumb_720_h": 511,
            "image_exif_rotation": 1,
            "original_w": 899,
            "original_h": 638,
            "permalink": "https:\/\/emberlondon.slack.com\/files\/jgwhite\/F04V042M8\/twitter___settings.png",
            "permalink_public": "https:\/\/slack-files.com\/T03SSL0FF-F04V042M8-85cb28eb6f",
            "channels": [
                "C03U3R002"
            ],
            "groups": [],
            "ims": [],
            "comments_count": 0
        },
        "user": "U03V8V08M",
        "upload": true,
        "display_as_bot": false,
        "username": "<@U03V8V08M|jgwhite>",
        "bot_id": null,
        "ts": "1432197172.000021"
    },
    {
        "type": "message",
        "user": "U044QMK6K",
        "text": "lol I heard they were adding \/ have added \u201cbuy\u201d links to tweets, have\u2019t seen any myself",
        "ts": "1432197604.000022"
    },
    {
        "type": "message",
        "user": "U044QMK6K",
        "text": "so if someone tweets about a CD or something, you can buy a copy for yourself right from the tweet",
        "ts": "1432197633.000023"
    }
]