[
    {
        "user": "U07CK66U8",
        "type": "message",
        "subtype": "channel_join",
        "text": "<@U07CK66U8|joshcrowder> has joined the channel",
        "ts": "1436431043.000002"
    },
    {
        "type": "message",
        "user": "U0440LRJX",
        "text": "we're still searching for a frontend developer (js + node) - company is Quill Content based in Goodge Street - we develop a tool for content production - message me if you want to be interviewed :simple_smile:!",
        "ts": "1436433953.000003"
    },
    {
        "type": "message",
        "user": "U03V8V08M",
        "text": "<@U0440LRJX>: ace, thanks",
        "ts": "1436434084.000004"
    },
    {
        "type": "message",
        "user": "U03V8V08M",
        "text": "<@U0440LRJX>: if there\u2019s a tweet you\u2019d like us to retweet, let me know",
        "ts": "1436434095.000005"
    },
    {
        "type": "message",
        "user": "U03V8V08M",
        "text": "<@U0440LRJX>: and I can add a slide to tonight\u2019s intro if you\u2019d like",
        "ts": "1436434112.000006"
    }
]