[
    {
        "type": "message",
        "user": "U04BE0ELZ",
        "text": "Would be nice to have a list of UK companies using ember.",
        "ts": "1430480122.000002"
    },
    {
        "type": "message",
        "user": "U03V8V08M",
        "text": "<@U04BE0ELZ>: :+1:",
        "ts": "1430480229.000003"
    },
    {
        "type": "message",
        "user": "U03V8V08M",
        "text": "<http:\/\/discuss.emberlondon.com\/t\/built-with-ember-js-in-london\/18\/18>",
        "attachments": [
            {
                "service_name": "Ember London",
                "title": "Built with Ember.js in London",
                "title_link": "http:\/\/discuss.emberlondon.com\/t\/built-with-ember-js-in-london\/18\/18",
                "text": "I think you should publish them to NPM. To aid discovery as much as anything else.",
                "fallback": "Ember London: Built with Ember.js in London",
                "thumb_url": "http:\/\/discuss.emberlondon.com\/user_avatar\/discuss.emberlondon.com\/jgwhite\/45\/2.png",
                "from_url": "http:\/\/discuss.emberlondon.com\/t\/built-with-ember-js-in-london\/18\/18",
                "thumb_width": 45,
                "thumb_height": 45,
                "id": 1
            }
        ],
        "ts": "1430480229.000004"
    },
    {
        "type": "message",
        "user": "U04BE0ELZ",
        "text": "Sweet!",
        "ts": "1430480292.000006"
    },
    {
        "type": "message",
        "user": "U03V8V08M",
        "text": "we all want it",
        "ts": "1430480483.000007"
    },
    {
        "type": "message",
        "user": "U03V8V08M",
        "text": "we all need to get it done",
        "ts": "1430480490.000008"
    },
    {
        "type": "message",
        "user": "U03V8V08M",
        "text": ":stuck_out_tongue:",
        "ts": "1430480490.000009"
    },
    {
        "type": "message",
        "user": "U04BE0ELZ",
        "text": "The way the ember addons site works is nice ",
        "ts": "1430480754.000010"
    }
]