[
    {
        "type": "message",
        "user": "U03V5B7KY",
        "text": "Hey jobs people - looking for a contract designer\/frontender with a designery-bent. 3 days per week, helping me out on <http:\/\/gelato.io|gelato.io> - any leads greatly appreciated!",
        "ts": "1446559425.000002"
    },
    {
        "type": "message",
        "user": "U043951H9",
        "text": "We\u2019re looking for another Ember \/ Ruby dev. Also an apprentice if you are looking for your first commerical coding job :smile: :tada: <https:\/\/careers.stackoverflow.com\/jobs\/92471\/software-engineer-ruby-ember-alphasights>",
        "attachments": [
            {
                "title": "Software Engineer - Ruby \/ Ember at AlphaSights",
                "title_link": "https:\/\/careers.stackoverflow.com\/jobs\/92471\/software-engineer-ruby-ember-alphasights",
                "text": "In this role you'll work in a project team with two week iterations and be part of iteration planning and retros. Depending on experience you may be given\u2026",
                "fallback": "Software Engineer - Ruby \/ Ember at AlphaSights",
                "from_url": "https:\/\/careers.stackoverflow.com\/jobs\/92471\/software-engineer-ruby-ember-alphasights",
                "thumb_url": "http:\/\/cdn-careers.sstatic.net\/careers\/Img\/logos\/favicon-152x152.png?v=b906110d24f0",
                "thumb_width": 152,
                "thumb_height": 152,
                "id": 1
            }
        ],
        "ts": "1446561636.000003"
    },
    {
        "type": "message",
        "user": "U043951H9",
        "text": "feel free to DM or email (<mailto:willrax@alphasights.com|willrax@alphasights.com>)",
        "ts": "1446562211.000005"
    }
]