[
    {
        "type": "message",
        "user": "U04BE0ELZ",
        "text": "so how is the ember contract job market these days?",
        "ts": "1434012967.000002"
    },
    {
        "type": "message",
        "user": "U03V8V08M",
        "text": "I\u2019d say more folks are looking for permanent staff",
        "ts": "1434013801.000003"
    },
    {
        "type": "message",
        "user": "U04BE0ELZ",
        "text": "you can say that again",
        "ts": "1434013834.000004"
    },
    {
        "type": "message",
        "user": "U03V8V08M",
        "text": "anecdotally I can say every month I get approached by more companies in search of quality people",
        "ts": "1434013835.000005"
    },
    {
        "type": "message",
        "user": "U04BE0ELZ",
        "text": ":simple_smile:",
        "ts": "1434013884.000006"
    }
]