[
    {
        "type": "message",
        "user": "U04BE0ELZ",
        "text": "<@U043951H9>: sounds good I\u2019ll look around. Can you bring people from EU?",
        "ts": "1441883857.000043"
    },
    {
        "type": "message",
        "user": "U043951H9",
        "text": "hey <@U04BE0ELZ> that would be good. I believe as long as they can work in the UK it should be ok",
        "ts": "1441884223.000044"
    },
    {
        "type": "message",
        "user": "U04BE0ELZ",
        "text": "cool",
        "ts": "1441884249.000045"
    }
]