[
    {
        "type": "message",
        "subtype": "file_share",
        "text": "<@U03SSL0FM|codepreneur> uploaded a file: <https:\/\/emberlondon.slack.com\/files\/codepreneur\/F04DX9H6N\/pasted_image_at_2015_04_16_09_07_pm.png|Pasted image at 2015-04-16, 9:07 PM>",
        "file": {
            "id": "F04DX9H6N",
            "created": 1429214829,
            "timestamp": 1429214829,
            "name": "Pasted image at 2015_04_16 09_07 PM.png",
            "title": "Pasted image at 2015-04-16, 9:07 PM",
            "mimetype": "image\/png",
            "filetype": "png",
            "pretty_type": "PNG",
            "user": "U03SSL0FM",
            "editable": false,
            "size": 348426,
            "mode": "hosted",
            "is_external": false,
            "external_type": "",
            "is_public": true,
            "public_url_shared": false,
            "display_as_bot": false,
            "username": "",
            "url_private": "https:\/\/files.slack.com\/files-pri\/T03SSL0FF-F04DX9H6N\/pasted_image_at_2015_04_16_09_07_pm.png?t=xoxe-3910680525-115741181265-116496169492-28d023e02c",
            "url_private_download": "https:\/\/files.slack.com\/files-pri\/T03SSL0FF-F04DX9H6N\/download\/pasted_image_at_2015_04_16_09_07_pm.png?t=xoxe-3910680525-115741181265-116496169492-28d023e02c",
            "thumb_64": "https:\/\/files.slack.com\/files-tmb\/T03SSL0FF-F04DX9H6N-8143567294\/pasted_image_at_2015_04_16_09_07_pm_64.png?t=xoxe-3910680525-115741181265-116496169492-28d023e02c",
            "thumb_80": "https:\/\/files.slack.com\/files-tmb\/T03SSL0FF-F04DX9H6N-8143567294\/pasted_image_at_2015_04_16_09_07_pm_80.png?t=xoxe-3910680525-115741181265-116496169492-28d023e02c",
            "thumb_360": "https:\/\/files.slack.com\/files-tmb\/T03SSL0FF-F04DX9H6N-8143567294\/pasted_image_at_2015_04_16_09_07_pm_360.png?t=xoxe-3910680525-115741181265-116496169492-28d023e02c",
            "thumb_360_w": 291,
            "thumb_360_h": 360,
            "thumb_160": "https:\/\/files.slack.com\/files-tmb\/T03SSL0FF-F04DX9H6N-8143567294\/pasted_image_at_2015_04_16_09_07_pm_160.png?t=xoxe-3910680525-115741181265-116496169492-28d023e02c",
            "thumb_720": "https:\/\/files.slack.com\/files-tmb\/T03SSL0FF-F04DX9H6N-8143567294\/pasted_image_at_2015_04_16_09_07_pm_720.png?t=xoxe-3910680525-115741181265-116496169492-28d023e02c",
            "thumb_720_w": 583,
            "thumb_720_h": 720,
            "thumb_1024": "https:\/\/files.slack.com\/files-tmb\/T03SSL0FF-F04DX9H6N-8143567294\/pasted_image_at_2015_04_16_09_07_pm_1024.png?t=xoxe-3910680525-115741181265-116496169492-28d023e02c",
            "thumb_1024_w": 829,
            "thumb_1024_h": 1024,
            "image_exif_rotation": 1,
            "original_w": 1026,
            "original_h": 1268,
            "permalink": "https:\/\/emberlondon.slack.com\/files\/codepreneur\/F04DX9H6N\/pasted_image_at_2015_04_16_09_07_pm.png",
            "permalink_public": "https:\/\/slack-files.com\/T03SSL0FF-F04DX9H6N-6b00cfe571",
            "channels": [
                "C03U3R002"
            ],
            "groups": [],
            "ims": [],
            "comments_count": 0
        },
        "user": "U03SSL0FM",
        "upload": true,
        "display_as_bot": false,
        "username": "<@U03SSL0FM|codepreneur>",
        "bot_id": null,
        "ts": "1429214836.000002"
    }
]