[
    {
        "user": "U04PVM8BR",
        "type": "message",
        "subtype": "channel_join",
        "text": "<@U04PVM8BR|alexgraul> has joined the channel",
        "ts": "1431525153.000002"
    },
    {
        "type": "message",
        "user": "U04PVM8BR",
        "text": "Hey all, I\u2019m building a UI team for @Crowdstrike in London, based out of the lovely 54b. In short you get to build tools to help find hackers, it\u2019s fun work and a bit out of the ordinary. Looking for both junior <http:\/\/j.mp\/cs-ui-jnr|j.mp\/cs-ui-jnr> and senior Ember devs <http:\/\/j.mp\/cs-ui-snr|j.mp\/cs-ui-snr> . Bounties for successful referrals if you know anyone not on here who might be interested.",
        "ts": "1431525407.000003"
    }
]