[
    {
        "type": "message",
        "user": "U044QMK6K",
        "text": "Adaptive Lab (I share an office with them) are going to be looking for contractors for a project soon, not sure if it\u2019s Ember but will find out some more",
        "ts": "1434720876.000002"
    },
    {
        "type": "message",
        "user": "U04BE0ELZ",
        "text": "I\u2019ll be free in 3 months",
        "edited": {
            "user": "U04BE0ELZ",
            "ts": "1434724705.000000"
        },
        "ts": "1434724702.000003"
    }
]