[
    {
        "user": "U0A8SF1RA",
        "type": "message",
        "subtype": "channel_join",
        "text": "<@U0A8SF1RA|jordizle> has joined the channel",
        "ts": "1441632997.000002"
    },
    {
        "type": "message",
        "user": "U0A8SF1RA",
        "text": "Hi Guys, I'm looking for an Ember.js developer to work on site in London for a 6 month contract... Anyone interested?",
        "ts": "1441633111.000003"
    },
    {
        "user": "U072K0544",
        "type": "message",
        "subtype": "channel_join",
        "text": "<@U072K0544|ruslanzavacky> has joined the channel",
        "ts": "1441633182.000004"
    },
    {
        "user": "U06BGNMBL",
        "type": "message",
        "subtype": "channel_join",
        "text": "<@U06BGNMBL|tragiclifestories> has joined the channel",
        "ts": "1441633188.000005"
    },
    {
        "user": "U072K0544",
        "type": "message",
        "subtype": "channel_leave",
        "text": "<@U072K0544|ruslanzavacky> has left the channel",
        "ts": "1441633190.000006"
    },
    {
        "user": "U062TJYHW",
        "type": "message",
        "subtype": "channel_join",
        "text": "<@U062TJYHW|tomasbasham> has joined the channel",
        "ts": "1441633196.000007"
    },
    {
        "user": "U08ABC8EN",
        "type": "message",
        "subtype": "channel_join",
        "text": "<@U08ABC8EN|duboff> has joined the channel",
        "ts": "1441633201.000008"
    },
    {
        "type": "message",
        "user": "U03V8V08M",
        "text": "<@U0A8SF1RA>: you\u2019re very welcome to pitch this role at the meetup",
        "ts": "1441633207.000009"
    },
    {
        "type": "message",
        "user": "U03V8V08M",
        "text": "<@U0A8SF1RA>: if you\u2019d like a slide to go alongside it, send me the details and I\u2019ll make it happen",
        "ts": "1441633226.000010"
    },
    {
        "user": "U09EXEELV",
        "type": "message",
        "subtype": "channel_join",
        "text": "<@U09EXEELV|datamoshr> has joined the channel",
        "ts": "1441633235.000011"
    },
    {
        "user": "U04A6P1QU",
        "type": "message",
        "subtype": "channel_join",
        "text": "<@U04A6P1QU|jonbeer> has joined the channel",
        "ts": "1441633241.000012"
    },
    {
        "user": "U04TVTLQ8",
        "type": "message",
        "subtype": "channel_join",
        "text": "<@U04TVTLQ8|bryancrotaz> has joined the channel",
        "ts": "1441633247.000013"
    },
    {
        "user": "U072M1BRV",
        "type": "message",
        "subtype": "channel_join",
        "text": "<@U072M1BRV|jrhe> has joined the channel",
        "ts": "1441633259.000014"
    },
    {
        "type": "message",
        "user": "U0A8SF1RA",
        "text": "<@U03V8V08M>: really appreciate your help with this. I'm actually a Bristol based developer with a London client so I'm not going to be in London at the time of the meet up :disappointed:",
        "ts": "1441633316.000015"
    },
    {
        "type": "message",
        "user": "U04TVTLQ8",
        "text": "I'm looking at taking on an on-site ember Dev for 6 months. What's the typical rate I should be budgeting for?",
        "ts": "1441633324.000016"
    },
    {
        "type": "message",
        "user": "U04TVTLQ8",
        "text": "Central London by the way, and not in finance ",
        "ts": "1441633348.000017"
    },
    {
        "type": "message",
        "user": "U0A8SF1RA",
        "text": "<@U04TVTLQ8>: I'm looking for a developer onsite for 6 months and budgeted \u00a3400 per day.",
        "ts": "1441633548.000018"
    },
    {
        "type": "message",
        "user": "U03V8V08M",
        "text": "that sounds about right",
        "ts": "1441633581.000019"
    },
    {
        "user": "U04M4CG7Y",
        "type": "message",
        "subtype": "channel_join",
        "text": "<@U04M4CG7Y|arnaud> has joined the channel",
        "ts": "1441633587.000020"
    },
    {
        "type": "message",
        "user": "U03V8V08M",
        "text": "haven\u2019t looked in the Ember market but Rails devs tend to charge \u00a3400\u2013500\/day",
        "edited": {
            "user": "U03V8V08M",
            "ts": "1441633633.000000"
        },
        "ts": "1441633614.000021"
    },
    {
        "user": "U047GTU64",
        "type": "message",
        "subtype": "channel_join",
        "text": "<@U047GTU64|mariogintili> has joined the channel",
        "ts": "1441634114.000023"
    },
    {
        "type": "message",
        "user": "U04TVTLQ8",
        "text": "I'm quoting \u00a3500 per person per day to customers for a team of mix of staff and freelancers and they're telling me that's expensive. Sounds cheap once office overhead is added to contractor cost!",
        "ts": "1441634368.000024"
    },
    {
        "type": "message",
        "user": "U04TVTLQ8",
        "text": "Any tips on how to persuade customers to budget em sensibly?",
        "ts": "1441634404.000025"
    },
    {
        "type": "message",
        "user": "U04BE0ELZ",
        "text": "\u00a3500 +1",
        "ts": "1441634507.000026"
    },
    {
        "type": "message",
        "user": "U04BE0ELZ",
        "text": "good market rate for good dev with ember",
        "ts": "1441634524.000027"
    },
    {
        "type": "message",
        "user": "U072M1BRV",
        "text": "It of course depends who you are hiring. If you were hiring someone off the core ember\/ ember-data team I\u2019d expect it to be around \u00a31k\/day",
        "ts": "1441634835.000028"
    },
    {
        "type": "message",
        "user": "U04BE0ELZ",
        "text": "yeah consulting double the day rate",
        "ts": "1441634867.000029"
    },
    {
        "user": "U03V8C0DJ",
        "type": "message",
        "subtype": "channel_join",
        "text": "<@U03V8C0DJ|lukenukem> has joined the channel",
        "ts": "1441636433.000030"
    },
    {
        "user": "U03V8C0DJ",
        "type": "message",
        "subtype": "channel_leave",
        "text": "<@U03V8C0DJ|lukenukem> has left the channel",
        "ts": "1441636447.000031"
    },
    {
        "user": "U043951H9",
        "type": "message",
        "subtype": "channel_join",
        "text": "<@U043951H9|willrax> has joined the channel",
        "ts": "1441638731.000032"
    },
    {
        "user": "U0A49UQ8Z",
        "type": "message",
        "subtype": "channel_join",
        "text": "<@U0A49UQ8Z|bugman> has joined the channel",
        "ts": "1441639558.000033"
    }
]