[
    {
        "user": "U0D95V1QB",
        "type": "message",
        "subtype": "channel_join",
        "text": "<@U0D95V1QB|microfed> has joined the channel",
        "ts": "1450142310.000019"
    },
    {
        "type": "message",
        "user": "U0D95V1QB",
        "text": "Hi there! I'm a senior frontend developer with 3 years of Ember.js in-prod experience. For now, I'm looking for a new team and a great project. I prefer remote. :simple_smile:\nLinkedIn: <https:\/\/ru.linkedin.com\/in\/microfed>",
        "ts": "1450142824.000020"
    }
]