[
    {
        "user": "U04TVH6N8",
        "type": "message",
        "subtype": "channel_join",
        "text": "<@U04TVH6N8|benthompson> has joined the channel",
        "ts": "1432027369.000002"
    },
    {
        "user": "U04TVH682",
        "type": "message",
        "subtype": "channel_join",
        "text": "<@U04TVH682|simonjefford> has joined the channel",
        "ts": "1432028089.000003"
    },
    {
        "user": "U04AU4DQN",
        "type": "message",
        "subtype": "channel_join",
        "text": "<@U04AU4DQN|english> has joined the channel",
        "ts": "1432040381.000004"
    }
]