[
    {
        "type": "message",
        "user": "U04A6P1QU",
        "text": "Back in November I met someone at the meetup who had done some experimental Rails\/Ember integration with Salesforce - although I can\u2019t remember the person\u2019s name :disappointed:   - anyone got an idea who that was?  If you\u2019re reading please DM me!",
        "ts": "1454604351.000002"
    },
    {
        "type": "message",
        "user": "U047GTU64",
        "text": "<https:\/\/github.com\/jheth\/ember-salesforce>",
        "attachments": [
            {
                "service_name": "GitHub",
                "title": "jheth\/ember-salesforce",
                "title_link": "https:\/\/github.com\/jheth\/ember-salesforce",
                "text": "ember-salesforce - Ember CLI w\/ custom Saleforce adapter and serializer based on jsforce",
                "fallback": "GitHub: jheth\/ember-salesforce",
                "thumb_url": "https:\/\/avatars2.githubusercontent.com\/u\/222011?v=3&s=400",
                "from_url": "https:\/\/github.com\/jheth\/ember-salesforce",
                "thumb_width": 400,
                "thumb_height": 400,
                "id": 1
            }
        ],
        "ts": "1454604458.000003"
    },
    {
        "type": "message",
        "user": "U047GTU64",
        "text": "there ya go",
        "ts": "1454604459.000005"
    },
    {
        "type": "message",
        "user": "U03V8V08M",
        "text": "Benjamin Vellacott has done work in that area",
        "ts": "1454604485.000006"
    },
    {
        "type": "message",
        "user": "U03V8V08M",
        "text": "he created <https:\/\/github.com\/bvellacott\/papu-force-adapter>",
        "attachments": [
            {
                "service_name": "GitHub",
                "title": "bvellacott\/papu-force-adapter",
                "title_link": "https:\/\/github.com\/bvellacott\/papu-force-adapter",
                "text": "papu-force-adapter - A salesforce data adapter for ember.js",
                "fallback": "GitHub: bvellacott\/papu-force-adapter",
                "thumb_url": "https:\/\/avatars1.githubusercontent.com\/u\/8710684?v=3&s=400",
                "from_url": "https:\/\/github.com\/bvellacott\/papu-force-adapter",
                "thumb_width": 400,
                "thumb_height": 400,
                "id": 1
            }
        ],
        "ts": "1454604489.000007"
    },
    {
        "type": "message",
        "user": "U03V8V08M",
        "text": "^ <@U04A6P1QU>",
        "ts": "1454604537.000009"
    },
    {
        "type": "message",
        "user": "U03V8V08M",
        "text": "I _think_ he was at the November meetup",
        "ts": "1454604554.000010"
    },
    {
        "type": "message",
        "user": "U04A6P1QU",
        "text": "great - thanks <@U047GTU64> and <@U03V8V08M>",
        "ts": "1454604557.000011"
    }
]