[
    {
        "type": "message",
        "user": "U04A6P1QU",
        "text": "Zapnito are looking to hire another senior Ember engineer.  Perm role with equity based in Shoreditch + work from home.  Please DM me and\/or come to the April Project night on 28th ",
        "edited": {
            "user": "U04A6P1QU",
            "ts": "1460611763.000000"
        },
        "ts": "1460611743.000047",
        "reactions": [
            {
                "name": "+1",
                "users": [
                    "U03V8V08M",
                    "U043AB2QT",
                    "U08ABC8EN",
                    "U047GTU64",
                    "U0A48LWTG",
                    "U07R4RW2F"
                ],
                "count": 6
            }
        ]
    }
]