[
    {
        "type": "message",
        "user": "U03V3P960",
        "text": "We'll soon be forming new digital product teams at British Gas as we extend our platform out to the wider enterprise.  We will be looking for senior ember\/js devs to work on those teams. The roles are not out yet but you heard it here first!",
        "ts": "1476177825.000007"
    },
    {
        "type": "message",
        "user": "U03V3P960",
        "text": "So ping me if you are interested",
        "ts": "1476177843.000008",
        "reactions": [
            {
                "name": "heart",
                "users": [
                    "U03V8V08M",
                    "U047GTU64",
                    "U04BE0ELZ",
                    "U0FTFSCJX"
                ],
                "count": 4
            }
        ]
    },
    {
        "type": "message",
        "user": "U09ABGTUJ",
        "text": "Hi everyone, I\u2019m a senior ember and ruby developer looking for contracting positions in London. I also have experience with Elixir in production and I\u2019d love to work more with it. I prefer to work remotely but I\u2019m happy to mix it with days at any office in central London. Ping me if you are interested!",
        "ts": "1476186172.000009"
    }
]