[
    {
        "type": "message",
        "user": "U03V3P960",
        "text": "Our permanent JS\/Ember developer position is now open for applications (<https:\/\/gs7.globalsuccessor.com\/centrica02\/tpl_centrica02.asp>). It's an exciting time to be at British Gas digital as we push to be trend setters in a super competitive(and tricky) industry,  powered by a modern web development stack. DM me for more details!",
        "ts": "1478261295.000030",
        "reactions": [
            {
                "name": "+1",
                "users": [
                    "U03V8V08M",
                    "U047GTU64",
                    "U0FTFSCJX"
                ],
                "count": 3
            }
        ]
    }
]