[
    {
        "user": "U1E99UG49",
        "text": "<@U1E99UG49|seva> has joined the channel",
        "type": "message",
        "subtype": "channel_join",
        "ts": "1473065820.000002"
    },
    {
        "type": "message",
        "user": "U1E99UG49",
        "text": "Hey folks,\n\nI'm launching a new version of my funded startup that runs on Ember-Cli and need an extra pair of hands to help finish a couple time-resourceful views &amp; components (a performant infinite scroll feed for hundreds of items with filtering by category, a front-end filter for a few hundred elements and a form of medium complexity). I'm looking for an experienced Ember Dev to help me finish them up before 20th of September. Please DM me if you can help or can recommend anyone.",
        "ts": "1473090480.000003"
    }
]