[
    {
        "user": "U0Z487TGE",
        "type": "message",
        "subtype": "channel_join",
        "text": "<@U0Z487TGE|sam> has joined the channel",
        "ts": "1466686437.000024"
    },
    {
        "type": "message",
        "user": "U0Z487TGE",
        "text": "[*SEEKING*] preferred *full-time - Permanent*, alternatively, *contractor*\nHello, we (*ShowMyHomework*) are looking for enthusiast full-stack developers to help us expand and contribute to our amazing journey. The platform is built with Ember &amp; Ruby.\n[*URGENT*] :sweat_smile:",
        "edited": {
            "user": "U0Z487TGE",
            "ts": "1466686800.000000"
        },
        "ts": "1466686732.000025"
    },
    {
        "type": "message",
        "user": "U0Z487TGE",
        "text": "Please contact me or send your CV to <mailto:sam@showmyhomework.co.uk|sam@showmyhomework.co.uk>",
        "ts": "1466686784.000026"
    },
    {
        "type": "message",
        "user": "U0ASPMFPS",
        "text": "<@U0Z487TGE> I am guessing *on-site* if *contractor*?",
        "ts": "1466686907.000028"
    },
    {
        "type": "message",
        "user": "U0Z487TGE",
        "text": "Yep .. :slightly_smiling_face:",
        "ts": "1466687123.000029"
    },
    {
        "type": "message",
        "user": "U0Z487TGE",
        "text": "But you have seen the office, its pretty nice .. :wink:",
        "ts": "1466687147.000030"
    },
    {
        "type": "message",
        "user": "U0ASPMFPS",
        "text": "it is indeed",
        "ts": "1466687183.000031"
    }
]