[
    {
        "type": "message",
        "user": "U04BE0ELZ",
        "text": "if your in london and not contracting, then I would advise it",
        "ts": "1456695231.000047"
    },
    {
        "type": "message",
        "user": "U04BE0ELZ",
        "text": "\u00a3600pd is not unreasonable nowadays",
        "ts": "1456695259.000048"
    },
    {
        "type": "message",
        "user": "U04BE0ELZ",
        "text": "only for london though",
        "ts": "1456695317.000049"
    },
    {
        "type": "message",
        "user": "U04BE0ELZ",
        "text": "its a contractors market",
        "ts": "1456695325.000050"
    }
]