[
    {
        "type": "message",
        "user": "U04AW7GPM",
        "text": "Hi, we're currently looking for ember\/ruby developers to join our growing team to help us with some new products that we have planned. Location is in Stratford. Ideally looking for perm people. Please DM me if interested or if you know of anyone who is looking.",
        "ts": "1459767686.000011"
    },
    {
        "type": "message",
        "user": "U03V8V08M",
        "text": "<@U04AW7GPM>: awesome. Is there a tweet you\u2019d like us to retweet?",
        "ts": "1459768006.000012"
    },
    {
        "type": "message",
        "user": "U03V8V08M",
        "text": "<@U04AW7GPM>: also, do you think you and the team will make it to this month\u2019s meetup?",
        "ts": "1459768024.000013"
    }
]