[
    {
        "type": "message",
        "user": "U044QMK6K",
        "text": "I've got some days free coming up if anyone's in need of Ember\/Ruby\/Node.js help ",
        "ts": "1459500963.000003"
    },
    {
        "type": "message",
        "user": "U040MK408",
        "text": "<@U044QMK6K>: I think we need to talk when I\u2019m back from the states",
        "ts": "1459521939.000004"
    },
    {
        "type": "message",
        "user": "U044QMK6K",
        "text": "<@U040MK408>: definitely, when are you back?",
        "ts": "1459523313.000005"
    },
    {
        "type": "message",
        "user": "U040MK408",
        "text": "The 4th",
        "ts": "1459524456.000006"
    },
    {
        "type": "message",
        "user": "U044QMK6K",
        "text": "Cool, I'm around all week in shoreditch if you fancy grabbing a coffee ",
        "ts": "1459525531.000007"
    }
]