[
    {
        "type": "message",
        "user": "U04BE0ELZ",
        "text": "[Helpful tip] Why not enforce messages about hiring and seeking work to start with [HIRING], [SEEKING] respectively?",
        "ts": "1452530890.000026"
    },
    {
        "type": "message",
        "user": "U04BE0ELZ",
        "text": "[SEEKING] I'm heading to the states for a month this Jan 21th so have some bandwidth for remote  Freelance stuff, (Part time)",
        "edited": {
            "user": "U04BE0ELZ",
            "ts": "1452531508.000000"
        },
        "ts": "1452531465.000027"
    }
]