[
    {
        "type": "message",
        "user": "U03V5B7KY",
        "text": "If anyone is interested in running training courses on Ember, DM me",
        "ts": "1452593885.000031",
        "reactions": [
            {
                "name": "confetti_ball",
                "users": [
                    "U047GTU64"
                ],
                "count": 1
            }
        ]
    },
    {
        "type": "message",
        "user": "U03V8V08M",
        "text": "<@U03V5B7KY>: nice!",
        "ts": "1452593911.000032"
    },
    {
        "type": "message",
        "user": "U03V5B7KY",
        "text": "yeah :smile: I don\u2019t have the time sadly",
        "ts": "1452593946.000033"
    },
    {
        "type": "message",
        "user": "U03V8V08M",
        "text": "who\u2019s facilitating?",
        "ts": "1452594576.000034"
    },
    {
        "type": "message",
        "user": "U03V5B7KY",
        "text": "Framework training",
        "ts": "1452598051.000035"
    },
    {
        "user": "U040MK408",
        "type": "message",
        "subtype": "channel_join",
        "text": "<@U040MK408|cibernox> has joined the channel",
        "ts": "1452630483.000036"
    }
]