[
    {
        "type": "message",
        "user": "U047GTU64",
        "text": "[SEEKING] | Contract | Full-time\n\nHello peeps, I\u2019m on the last 20 days on my contract which means that is time to move on!\n\nI work as a senior full stack web developer specialising mainly in application development using Ruby &amp; JavaScript. Ember has been a great asset on my development toolkit and I would like to keep it that way :smile: \n\nI\u2019m happy to provide references, code samples, etc upon request. Please ping me at <mailto:mario@hyperdrive.is|mario@hyperdrive.is> or on slack for more information",
        "edited": {
            "user": "U047GTU64",
            "ts": "1466600535.000000"
        },
        "ts": "1466592087.000022",
        "reactions": [
            {
                "name": "+1",
                "users": [
                    "U07R4RW2F"
                ],
                "count": 1
            },
            {
                "name": "mario",
                "users": [
                    "U047GTU64"
                ],
                "count": 1
            }
        ]
    }
]