[
    {
        "type": "message",
        "user": "U044QMK6K",
        "text": "<@U040MK408>, <@U03V8V08M> when\u2019s good for coffee?",
        "ts": "1459851917.000014"
    },
    {
        "type": "message",
        "user": "U040MK408",
        "text": "this week, but definetively not today",
        "ts": "1459851955.000015"
    },
    {
        "type": "message",
        "user": "U040MK408",
        "text": "I\u2019m fighting to stay awake",
        "ts": "1459851964.000016"
    },
    {
        "type": "message",
        "user": "U044QMK6K",
        "text": "hehe a bit jet lagged?",
        "ts": "1459851978.000017"
    },
    {
        "type": "message",
        "user": "U047GTU64",
        "text": "then u need a coffee",
        "ts": "1459851979.000018"
    },
    {
        "type": "message",
        "user": "U047GTU64",
        "text": "lol",
        "ts": "1459851979.000019"
    },
    {
        "type": "message",
        "user": "U043951H9",
        "text": "lol",
        "ts": "1459851982.000020"
    },
    {
        "type": "message",
        "user": "U044QMK6K",
        "text": "lol",
        "ts": "1459851984.000021"
    },
    {
        "type": "message",
        "user": "U044QMK6K",
        "text": "I\u2019m around tomorrow &amp; Friday, out all Thurs",
        "ts": "1459852002.000022"
    },
    {
        "type": "message",
        "user": "U040MK408",
        "text": "<@U047GTU64>: you know that coffee is an eufemism for me",
        "ts": "1459852005.000023"
    },
    {
        "type": "message",
        "user": "U040MK408",
        "text": "I never drink cofee",
        "ts": "1459852009.000024"
    },
    {
        "type": "message",
        "user": "U03V8V08M",
        "text": "Friday sounds good\u00a0\u2014\u00a0morning or lunchtime?",
        "ts": "1459852021.000025"
    },
    {
        "type": "message",
        "user": "U047GTU64",
        "text": "<@U040MK408>: I know a coffee that you\u2019d be into",
        "ts": "1459852044.000026"
    },
    {
        "type": "message",
        "user": "U047GTU64",
        "text": "the shed",
        "ts": "1459852046.000027"
    },
    {
        "type": "message",
        "user": "U047GTU64",
        "text": "the guest espresso is :bomb:",
        "ts": "1459852056.000028"
    },
    {
        "type": "message",
        "user": "U044QMK6K",
        "text": "I\u2019ve got an \uf8ffstore appointment at 3 on Friday so need to be in Regent St by then, other than that I\u2019m free all day",
        "ts": "1459852067.000029"
    },
    {
        "type": "message",
        "user": "U03V8V08M",
        "text": "<@U047GTU64>: did you try Nomad Coffee while you were in BCN?",
        "ts": "1459852071.000030"
    },
    {
        "type": "message",
        "user": "U047GTU64",
        "text": "<@U03V8V08M>: no",
        "ts": "1459852077.000031"
    },
    {
        "type": "message",
        "user": "U047GTU64",
        "text": "this guys were awesome though",
        "ts": "1459852080.000032"
    },
    {
        "type": "message",
        "user": "U047GTU64",
        "text": "<http:\/\/cafecometa.com\/>",
        "ts": "1459852088.000033"
    },
    {
        "type": "message",
        "user": "U047GTU64",
        "text": "highly recommended with good working space",
        "ts": "1459852093.000034"
    },
    {
        "type": "message",
        "user": "U03V8V08M",
        "text": "gonna have to seek it out",
        "ts": "1459852094.000035"
    },
    {
        "type": "message",
        "user": "U03V8V08M",
        "text": "<@U044QMK6K>, <@U040MK408> (and anyone else who fancies it): Friday morning? Meet at 8am somewhere?",
        "ts": "1459852121.000036"
    },
    {
        "type": "message",
        "user": "U03V8V08M",
        "text": "or is that too early?",
        "ts": "1459852144.000037"
    },
    {
        "type": "message",
        "user": "U043AB2QT",
        "text": "I'd love to come along if there's a space for me :simple_smile:",
        "ts": "1459852153.000038"
    },
    {
        "type": "message",
        "user": "U03V8V08M",
        "text": "actually, seeing as <@U044QMK6K> needs to be at Regent St for 3pm, perhaps we should gather for lunch somewhere relatively central",
        "ts": "1459852192.000039"
    },
    {
        "type": "message",
        "user": "U03V8V08M",
        "text": "make it is easy to hop over there after",
        "ts": "1459852235.000040"
    },
    {
        "type": "message",
        "user": "U03V8V08M",
        "text": "Department of Coffee and Social Affairs on Leather Lane perhaps\u00a0\u2014\u00a0<http:\/\/departmentofcoffee.com\/locations\/leather-lane\/>",
        "ts": "1459852275.000041"
    },
    {
        "type": "message",
        "user": "U044QMK6K",
        "text": "that works for me",
        "ts": "1459852494.000042"
    },
    {
        "type": "message",
        "user": "U03V8V08M",
        "text": "<@U040MK408> <@U043AB2QT> : art thou down?",
        "ts": "1459852526.000043"
    },
    {
        "type": "message",
        "user": "U043AB2QT",
        "text": "Confirm",
        "ts": "1459852535.000044"
    },
    {
        "type": "message",
        "user": "U03V8V08M",
        "text": "meet ~1pm",
        "ts": "1459852543.000045"
    },
    {
        "type": "message",
        "user": "U03V8V08M",
        "text": "I\u2019ma do a calendar invite",
        "ts": "1459852553.000046"
    }
]