[
    {
        "type": "message",
        "user": "U0Z487TGE",
        "text": "<@U09ABGTUJ>, can you send me your cv? We are looking for Ruby on Rails\/Ember developers.",
        "ts": "1476880517.000010"
    },
    {
        "type": "message",
        "user": "U09ABGTUJ",
        "text": "hi Sam, sure thing!",
        "ts": "1476880557.000011"
    },
    {
        "type": "message",
        "user": "U09ABGTUJ",
        "text": "<http:\/\/matteodepalo.com\/>",
        "ts": "1476880557.000012"
    },
    {
        "type": "message",
        "user": "U09ABGTUJ",
        "text": "I haven\u2019t included the projects I\u2019ve been working on since I\u2019ve started consulting though",
        "ts": "1476880574.000013"
    },
    {
        "type": "message",
        "user": "U09ABGTUJ",
        "text": "I\u2019ve worked at Kayako and Zapnito",
        "ts": "1476880582.000014"
    },
    {
        "type": "message",
        "user": "U09ABGTUJ",
        "text": "feel free to ask them any references",
        "ts": "1476880588.000015"
    },
    {
        "type": "message",
        "user": "U09ABGTUJ",
        "text": "(Jon Beer and Jamie in the channel)",
        "ts": "1476880603.000016"
    },
    {
        "type": "message",
        "user": "U0Z487TGE",
        "text": "Cool. We have Miguel working here already. :blush:",
        "ts": "1476880686.000017"
    },
    {
        "type": "message",
        "user": "U09ABGTUJ",
        "text": "ah right! :slightly_smiling_face:",
        "ts": "1476880693.000018"
    },
    {
        "type": "message",
        "user": "U043AB2QT",
        "text": "<@U09ABGTUJ> Who's came first? s\/matteo\/eugenio\/ :stuck_out_tongue:",
        "ts": "1476880747.000019"
    },
    {
        "type": "message",
        "user": "U09ABGTUJ",
        "text": "you mean who\u2019s older? that would be me :smile:",
        "ts": "1476880817.000020"
    },
    {
        "type": "message",
        "user": "U09ABGTUJ",
        "text": "2 cvs for the price of one template though",
        "ts": "1476880937.000021"
    },
    {
        "type": "message",
        "user": "U09ABGTUJ",
        "text": "quite convenient",
        "ts": "1476880943.000022"
    },
    {
        "type": "message",
        "user": "U043AB2QT",
        "text": "haha",
        "ts": "1476880973.000023"
    },
    {
        "type": "message",
        "user": "U040MK408",
        "text": ":raised_hand:",
        "ts": "1476891178.000024"
    }
]