[
    {
        "type": "message",
        "user": "U07R4RW2F",
        "text": "Hey guys, I'm a senior Ember developer looking for contracting gigs in central London or remote. Here you can find out more about me: <http:\/\/eugeniodepalo.com> - pm\/email me if you're interested!",
        "ts": "1455562584.000002",
        "reactions": [
            {
                "name": "100",
                "users": [
                    "U08ABC8EN",
                    "U0C6GLVL3",
                    "U07E9GKUZ",
                    "U043951H9",
                    "U062LD65Q"
                ],
                "count": 5
            }
        ]
    }
]