[
    {
        "type": "message",
        "user": "U03V3P960",
        "text": "We also now have a contracting position <https:\/\/www.arm.co.uk\/your-career\/browse-jobs\/jobs\/front-end-javascript-developer\/?utm_medium=cpc&amp;utm_campaign=onrecruit&amp;partner_id=1&amp;utm_source=indeed>",
        "attachments": [
            {
                "service_name": "ARM Recruitment",
                "title": "Front End JavaScript Developer",
                "title_link": "https:\/\/www.arm.co.uk\/your-career\/browse-jobs\/jobs\/front-end-javascript-developer\/?utm_medium=cpc&utm_campaign=onrecruit&partner_id=1&utm_source=indeed",
                "text": "Front End Developer required for a 6 month initial contract in Middlesex. Applicants must have a high proficient knowledge of JavaScript technologies, open source JavaScript development and web app",
                "fallback": "ARM Recruitment: Front End JavaScript Developer",
                "from_url": "https:\/\/www.arm.co.uk\/your-career\/browse-jobs\/jobs\/front-end-javascript-developer\/?utm_medium=cpc&utm_campaign=onrecruit&partner_id=1&utm_source=indeed",
                "service_icon": "https:\/\/www.arm.co.uk\/images\/apple-touch-icon-precomposed.png",
                "id": 1
            }
        ],
        "ts": "1470207122.000011"
    },
    {
        "type": "message",
        "user": "U03V3P960",
        "text": "DM me if interested",
        "ts": "1470207147.000013"
    }
]