[
    {
        "type": "message",
        "user": "U040DRY7U",
        "text": "Hi guys - have a full-time perm ember engineer role available. Grad\/junior\/senior all welcome. Based in lovely Windsor complete with fresh air and regular tea with the Queen (might be overpromising here). We do agency stuff as well as develop our own internal IP. Have ember deployments with some fairly big clients, keen for another hand to come help us on this. Please DM me to find out more!",
        "ts": "1462801383.000003"
    },
    {
        "type": "message",
        "user": "U040DRY7U",
        "text": "Also - particularly interested in juniors\/grads we can train up - any recommendations\/friends please let me know. :simple_smile:",
        "ts": "1462802258.000004"
    },
    {
        "type": "message",
        "user": "U03V8V08M",
        "text": "<@U040DRY7U>: thanks for the post",
        "ts": "1462802403.000005"
    },
    {
        "type": "message",
        "user": "U03V8V08M",
        "text": "if you\u2019d like to make an announcement at this Thursday\u2019s meetup you\u2019re very welcome",
        "ts": "1462802425.000006"
    },
    {
        "type": "message",
        "user": "U040DRY7U",
        "text": "Thanks <@U03V8V08M> :simple_smile: - might just, but depends on workload here. If only we had another pair of hands\u2026. :wink:",
        "ts": "1462802625.000007"
    },
    {
        "type": "message",
        "user": "U03V8V08M",
        "text": "<@U040DRY7U>: also if you\u2019d like me to announce on your behalf, send slide contents to <mailto:info@emberlondon.com|info@emberlondon.com>",
        "ts": "1462807688.000008"
    }
]